-1,31,GJ3EML9w24HspP1lpzbY3SAdayU=,c/bVjLahhgVCwRSj2zWujbIi3rI=
-2,31,pnsh0AIiFRsEXw6FhCNOD0UnIq8=,c/bVjLahhgVCwRSj2zWujbIi3rI=
-5,31,pnsh0AIiFRsEXw6FhCNOD0UnIq8=,c/bVjLahhgVCwRSj2zWujbIi3rI=
-4,31,pnsh0AIiFRsEXw6FhCNOD0UnIq8=,c/bVjLahhgVCwRSj2zWujbIi3rI=
-3,31,pnsh0AIiFRsEXw6FhCNOD0UnIq8=,c/bVjLahhgVCwRSj2zWujbIi3rI=
-6,31,pnsh0AIiFRsEXw6FhCNOD0UnIq8=,c/bVjLahhgVCwRSj2zWujbIi3rI=
-9,31,pnsh0AIiFRsEXw6FhCNOD0UnIq8=,c/bVjLahhgVCwRSj2zWujbIi3rI=
-7,31,pnsh0AIiFRsEXw6FhCNOD0UnIq8=,c/bVjLahhgVCwRSj2zWujbIi3rI=
-10,31,pnsh0AIiFRsEXw6FhCNOD0UnIq8=,c/bVjLahhgVCwRSj2zWujbIi3rI=
-8,31,pnsh0AIiFRsEXw6FhCNOD0UnIq8=,c/bVjLahhgVCwRSj2zWujbIi3rI=
-11,31,pnsh0AIiFRsEXw6FhCNOD0UnIq8=,c/bVjLahhgVCwRSj2zWujbIi3rI=
-12,31,pnsh0AIiFRsEXw6FhCNOD0UnIq8=,c/bVjLahhgVCwRSj2zWujbIi3rI=
-13,31,pnsh0AIiFRsEXw6FhCNOD0UnIq8=,c/bVjLahhgVCwRSj2zWujbIi3rI=
-14,31,pnsh0AIiFRsEXw6FhCNOD0UnIq8=,c/bVjLahhgVCwRSj2zWujbIi3rI=
-16,31,pnsh0AIiFRsEXw6FhCNOD0UnIq8=,c/bVjLahhgVCwRSj2zWujbIi3rI=
-1,30,pnsh0AIiFRsEXw6FhCNOD0UnIq8=,c/bVjLahhgVCwRSj2zWujbIi3rI=
-2,30,pnsh0AIiFRsEXw6FhCNOD0UnIq8=,c/bVjLahhgVCwRSj2zWujbIi3rI=
-3,30,pnsh0AIiFRsEXw6FhCNOD0UnIq8=,c/bVjLahhgVCwRSj2zWujbIi3rI=
-4,30,pnsh0AIiFRsEXw6FhCNOD0UnIq8=,c/bVjLahhgVCwRSj2zWujbIi3rI=
-15,31,pnsh0AIiFRsEXw6FhCNOD0UnIq8=,c/bVjLahhgVCwRSj2zWujbIi3rI=
-5,30,pnsh0AIiFRsEXw6FhCNOD0UnIq8=,c/bVjLahhgVCwRSj2zWujbIi3rI=
-6,30,pnsh0AIiFRsEXw6FhCNOD0UnIq8=,c/bVjLahhgVCwRSj2zWujbIi3rI=
-7,30,pnsh0AIiFRsEXw6FhCNOD0UnIq8=,c/bVjLahhgVCwRSj2zWujbIi3rI=
-9,30,pnsh0AIiFRsEXw6FhCNOD0UnIq8=,c/bVjLahhgVCwRSj2zWujbIi3rI=
-8,30,pnsh0AIiFRsEXw6FhCNOD0UnIq8=,c/bVjLahhgVCwRSj2zWujbIi3rI=
-10,30,pnsh0AIiFRsEXw6FhCNOD0UnIq8=,c/bVjLahhgVCwRSj2zWujbIi3rI=
-12,30,pnsh0AIiFRsEXw6FhCNOD0UnIq8=,c/bVjLahhgVCwRSj2zWujbIi3rI=
-11,30,pnsh0AIiFRsEXw6FhCNOD0UnIq8=,c/bVjLahhgVCwRSj2zWujbIi3rI=
-13,30,pnsh0AIiFRsEXw6FhCNOD0UnIq8=,c/bVjLahhgVCwRSj2zWujbIi3rI=
-14,30,pnsh0AIiFRsEXw6FhCNOD0UnIq8=,c/bVjLahhgVCwRSj2zWujbIi3rI=
-15,30,pnsh0AIiFRsEXw6FhCNOD0UnIq8=,c/bVjLahhgVCwRSj2zWujbIi3rI=
-16,30,pnsh0AIiFRsEXw6FhCNOD0UnIq8=,c/bVjLahhgVCwRSj2zWujbIi3rI=
-1,29,pnsh0AIiFRsEXw6FhCNOD0UnIq8=,c/bVjLahhgVCwRSj2zWujbIi3rI=
-2,29,pnsh0AIiFRsEXw6FhCNOD0UnIq8=,c/bVjLahhgVCwRSj2zWujbIi3rI=
-3,29,pnsh0AIiFRsEXw6FhCNOD0UnIq8=,c/bVjLahhgVCwRSj2zWujbIi3rI=
-4,29,pnsh0AIiFRsEXw6FhCNOD0UnIq8=,c/bVjLahhgVCwRSj2zWujbIi3rI=
-5,29,pnsh0AIiFRsEXw6FhCNOD0UnIq8=,c/bVjLahhgVCwRSj2zWujbIi3rI=
-6,29,pnsh0AIiFRsEXw6FhCNOD0UnIq8=,c/bVjLahhgVCwRSj2zWujbIi3rI=
-7,29,pnsh0AIiFRsEXw6FhCNOD0UnIq8=,c/bVjLahhgVCwRSj2zWujbIi3rI=
-8,29,pnsh0AIiFRsEXw6FhCNOD0UnIq8=,c/bVjLahhgVCwRSj2zWujbIi3rI=
-9,29,pnsh0AIiFRsEXw6FhCNOD0UnIq8=,c/bVjLahhgVCwRSj2zWujbIi3rI=
-10,29,pnsh0AIiFRsEXw6FhCNOD0UnIq8=,c/bVjLahhgVCwRSj2zWujbIi3rI=
-11,29,pnsh0AIiFRsEXw6FhCNOD0UnIq8=,c/bVjLahhgVCwRSj2zWujbIi3rI=
-12,29,pnsh0AIiFRsEXw6FhCNOD0UnIq8=,c/bVjLahhgVCwRSj2zWujbIi3rI=
-13,29,pnsh0AIiFRsEXw6FhCNOD0UnIq8=,c/bVjLahhgVCwRSj2zWujbIi3rI=
-14,29,pnsh0AIiFRsEXw6FhCNOD0UnIq8=,c/bVjLahhgVCwRSj2zWujbIi3rI=
-15,29,pnsh0AIiFRsEXw6FhCNOD0UnIq8=,c/bVjLahhgVCwRSj2zWujbIi3rI=
-16,18,pnsh0AIiFRsEXw6FhCNOD0UnIq8=,c/bVjLahhgVCwRSj2zWujbIi3rI=
-15,17,pnsh0AIiFRsEXw6FhCNOD0UnIq8=,c/bVjLahhgVCwRSj2zWujbIi3rI=
-16,29,pnsh0AIiFRsEXw6FhCNOD0UnIq8=,c/bVjLahhgVCwRSj2zWujbIi3rI=
-1,28,pnsh0AIiFRsEXw6FhCNOD0UnIq8=,c/bVjLahhgVCwRSj2zWujbIi3rI=
-2,28,pnsh0AIiFRsEXw6FhCNOD0UnIq8=,c/bVjLahhgVCwRSj2zWujbIi3rI=
-3,28,pnsh0AIiFRsEXw6FhCNOD0UnIq8=,c/bVjLahhgVCwRSj2zWujbIi3rI=
-4,28,pnsh0AIiFRsEXw6FhCNOD0UnIq8=,c/bVjLahhgVCwRSj2zWujbIi3rI=
-6,18,pnsh0AIiFRsEXw6FhCNOD0UnIq8=,c/bVjLahhgVCwRSj2zWujbIi3rI=
-5,28,pnsh0AIiFRsEXw6FhCNOD0UnIq8=,c/bVjLahhgVCwRSj2zWujbIi3rI=
-1,17,pnsh0AIiFRsEXw6FhCNOD0UnIq8=,c/bVjLahhgVCwRSj2zWujbIi3rI=
-6,28,pnsh0AIiFRsEXw6FhCNOD0UnIq8=,c/bVjLahhgVCwRSj2zWujbIi3rI=
-7,28,pnsh0AIiFRsEXw6FhCNOD0UnIq8=,c/bVjLahhgVCwRSj2zWujbIi3rI=
-8,28,pnsh0AIiFRsEXw6FhCNOD0UnIq8=,c/bVjLahhgVCwRSj2zWujbIi3rI=
-9,28,pnsh0AIiFRsEXw6FhCNOD0UnIq8=,c/bVjLahhgVCwRSj2zWujbIi3rI=
-10,28,pnsh0AIiFRsEXw6FhCNOD0UnIq8=,c/bVjLahhgVCwRSj2zWujbIi3rI=
-11,28,pnsh0AIiFRsEXw6FhCNOD0UnIq8=,c/bVjLahhgVCwRSj2zWujbIi3rI=
-12,28,pnsh0AIiFRsEXw6FhCNOD0UnIq8=,c/bVjLahhgVCwRSj2zWujbIi3rI=
-13,28,pnsh0AIiFRsEXw6FhCNOD0UnIq8=,c/bVjLahhgVCwRSj2zWujbIi3rI=
-14,28,pnsh0AIiFRsEXw6FhCNOD0UnIq8=,c/bVjLahhgVCwRSj2zWujbIi3rI=
-15,28,pnsh0AIiFRsEXw6FhCNOD0UnIq8=,c/bVjLahhgVCwRSj2zWujbIi3rI=
-16,28,pnsh0AIiFRsEXw6FhCNOD0UnIq8=,c/bVjLahhgVCwRSj2zWujbIi3rI=
-5,19,pnsh0AIiFRsEXw6FhCNOD0UnIq8=,c/bVjLahhgVCwRSj2zWujbIi3rI=
-2,17,pnsh0AIiFRsEXw6FhCNOD0UnIq8=,c/bVjLahhgVCwRSj2zWujbIi3rI=
-6,19,pnsh0AIiFRsEXw6FhCNOD0UnIq8=,c/bVjLahhgVCwRSj2zWujbIi3rI=
-1,27,pnsh0AIiFRsEXw6FhCNOD0UnIq8=,c/bVjLahhgVCwRSj2zWujbIi3rI=
-2,27,pnsh0AIiFRsEXw6FhCNOD0UnIq8=,c/bVjLahhgVCwRSj2zWujbIi3rI=
-3,27,pnsh0AIiFRsEXw6FhCNOD0UnIq8=,c/bVjLahhgVCwRSj2zWujbIi3rI=
-4,27,pnsh0AIiFRsEXw6FhCNOD0UnIq8=,c/bVjLahhgVCwRSj2zWujbIi3rI=
-5,27,pnsh0AIiFRsEXw6FhCNOD0UnIq8=,c/bVjLahhgVCwRSj2zWujbIi3rI=
-6,27,pnsh0AIiFRsEXw6FhCNOD0UnIq8=,c/bVjLahhgVCwRSj2zWujbIi3rI=
-7,27,pnsh0AIiFRsEXw6FhCNOD0UnIq8=,c/bVjLahhgVCwRSj2zWujbIi3rI=
-8,27,pnsh0AIiFRsEXw6FhCNOD0UnIq8=,c/bVjLahhgVCwRSj2zWujbIi3rI=
-9,27,pnsh0AIiFRsEXw6FhCNOD0UnIq8=,c/bVjLahhgVCwRSj2zWujbIi3rI=
-10,27,pnsh0AIiFRsEXw6FhCNOD0UnIq8=,c/bVjLahhgVCwRSj2zWujbIi3rI=
-11,27,pnsh0AIiFRsEXw6FhCNOD0UnIq8=,c/bVjLahhgVCwRSj2zWujbIi3rI=
-12,27,pnsh0AIiFRsEXw6FhCNOD0UnIq8=,c/bVjLahhgVCwRSj2zWujbIi3rI=
-13,27,pnsh0AIiFRsEXw6FhCNOD0UnIq8=,c/bVjLahhgVCwRSj2zWujbIi3rI=
-14,27,pnsh0AIiFRsEXw6FhCNOD0UnIq8=,c/bVjLahhgVCwRSj2zWujbIi3rI=
-15,27,pnsh0AIiFRsEXw6FhCNOD0UnIq8=,c/bVjLahhgVCwRSj2zWujbIi3rI=
-10,18,pnsh0AIiFRsEXw6FhCNOD0UnIq8=,c/bVjLahhgVCwRSj2zWujbIi3rI=
-16,27,pnsh0AIiFRsEXw6FhCNOD0UnIq8=,c/bVjLahhgVCwRSj2zWujbIi3rI=
-1,26,pnsh0AIiFRsEXw6FhCNOD0UnIq8=,c/bVjLahhgVCwRSj2zWujbIi3rI=
-2,26,pnsh0AIiFRsEXw6FhCNOD0UnIq8=,c/bVjLahhgVCwRSj2zWujbIi3rI=
-3,26,pnsh0AIiFRsEXw6FhCNOD0UnIq8=,c/bVjLahhgVCwRSj2zWujbIi3rI=
-12,18,pnsh0AIiFRsEXw6FhCNOD0UnIq8=,c/bVjLahhgVCwRSj2zWujbIi3rI=
-4,18,pnsh0AIiFRsEXw6FhCNOD0UnIq8=,c/bVjLahhgVCwRSj2zWujbIi3rI=
-4,26,pnsh0AIiFRsEXw6FhCNOD0UnIq8=,c/bVjLahhgVCwRSj2zWujbIi3rI=
-5,26,pnsh0AIiFRsEXw6FhCNOD0UnIq8=,c/bVjLahhgVCwRSj2zWujbIi3rI=
-6,26,pnsh0AIiFRsEXw6FhCNOD0UnIq8=,c/bVjLahhgVCwRSj2zWujbIi3rI=
-7,26,pnsh0AIiFRsEXw6FhCNOD0UnIq8=,c/bVjLahhgVCwRSj2zWujbIi3rI=
-8,26,pnsh0AIiFRsEXw6FhCNOD0UnIq8=,c/bVjLahhgVCwRSj2zWujbIi3rI=
-9,26,pnsh0AIiFRsEXw6FhCNOD0UnIq8=,c/bVjLahhgVCwRSj2zWujbIi3rI=
-10,26,pnsh0AIiFRsEXw6FhCNOD0UnIq8=,c/bVjLahhgVCwRSj2zWujbIi3rI=
-11,26,pnsh0AIiFRsEXw6FhCNOD0UnIq8=,c/bVjLahhgVCwRSj2zWujbIi3rI=
-12,26,pnsh0AIiFRsEXw6FhCNOD0UnIq8=,c/bVjLahhgVCwRSj2zWujbIi3rI=
-13,26,pnsh0AIiFRsEXw6FhCNOD0UnIq8=,c/bVjLahhgVCwRSj2zWujbIi3rI=
-14,26,pnsh0AIiFRsEXw6FhCNOD0UnIq8=,c/bVjLahhgVCwRSj2zWujbIi3rI=
-15,26,pnsh0AIiFRsEXw6FhCNOD0UnIq8=,c/bVjLahhgVCwRSj2zWujbIi3rI=
-16,26,pnsh0AIiFRsEXw6FhCNOD0UnIq8=,c/bVjLahhgVCwRSj2zWujbIi3rI=
-2,25,pnsh0AIiFRsEXw6FhCNOD0UnIq8=,c/bVjLahhgVCwRSj2zWujbIi3rI=
-3,18,pnsh0AIiFRsEXw6FhCNOD0UnIq8=,c/bVjLahhgVCwRSj2zWujbIi3rI=
-15,18,pnsh0AIiFRsEXw6FhCNOD0UnIq8=,c/bVjLahhgVCwRSj2zWujbIi3rI=
-3,25,pnsh0AIiFRsEXw6FhCNOD0UnIq8=,c/bVjLahhgVCwRSj2zWujbIi3rI=
-4,25,pnsh0AIiFRsEXw6FhCNOD0UnIq8=,c/bVjLahhgVCwRSj2zWujbIi3rI=
-5,25,pnsh0AIiFRsEXw6FhCNOD0UnIq8=,c/bVjLahhgVCwRSj2zWujbIi3rI=
-5,18,pnsh0AIiFRsEXw6FhCNOD0UnIq8=,c/bVjLahhgVCwRSj2zWujbIi3rI=
-6,25,pnsh0AIiFRsEXw6FhCNOD0UnIq8=,c/bVjLahhgVCwRSj2zWujbIi3rI=
-8,25,pnsh0AIiFRsEXw6FhCNOD0UnIq8=,c/bVjLahhgVCwRSj2zWujbIi3rI=
-7,25,pnsh0AIiFRsEXw6FhCNOD0UnIq8=,c/bVjLahhgVCwRSj2zWujbIi3rI=
-9,25,pnsh0AIiFRsEXw6FhCNOD0UnIq8=,c/bVjLahhgVCwRSj2zWujbIi3rI=
-10,25,pnsh0AIiFRsEXw6FhCNOD0UnIq8=,c/bVjLahhgVCwRSj2zWujbIi3rI=
-11,25,pnsh0AIiFRsEXw6FhCNOD0UnIq8=,c/bVjLahhgVCwRSj2zWujbIi3rI=
-12,25,pnsh0AIiFRsEXw6FhCNOD0UnIq8=,c/bVjLahhgVCwRSj2zWujbIi3rI=
-13,25,pnsh0AIiFRsEXw6FhCNOD0UnIq8=,c/bVjLahhgVCwRSj2zWujbIi3rI=
-14,25,pnsh0AIiFRsEXw6FhCNOD0UnIq8=,c/bVjLahhgVCwRSj2zWujbIi3rI=
-15,25,pnsh0AIiFRsEXw6FhCNOD0UnIq8=,c/bVjLahhgVCwRSj2zWujbIi3rI=
-16,25,pnsh0AIiFRsEXw6FhCNOD0UnIq8=,c/bVjLahhgVCwRSj2zWujbIi3rI=
-4,19,pnsh0AIiFRsEXw6FhCNOD0UnIq8=,c/bVjLahhgVCwRSj2zWujbIi3rI=
-9,18,pnsh0AIiFRsEXw6FhCNOD0UnIq8=,c/bVjLahhgVCwRSj2zWujbIi3rI=
-7,19,pnsh0AIiFRsEXw6FhCNOD0UnIq8=,c/bVjLahhgVCwRSj2zWujbIi3rI=
-8,18,pnsh0AIiFRsEXw6FhCNOD0UnIq8=,c/bVjLahhgVCwRSj2zWujbIi3rI=
-11,18,pnsh0AIiFRsEXw6FhCNOD0UnIq8=,c/bVjLahhgVCwRSj2zWujbIi3rI=
-7,18,pnsh0AIiFRsEXw6FhCNOD0UnIq8=,c/bVjLahhgVCwRSj2zWujbIi3rI=
-14,18,pnsh0AIiFRsEXw6FhCNOD0UnIq8=,c/bVjLahhgVCwRSj2zWujbIi3rI=
-1,16,pnsh0AIiFRsEXw6FhCNOD0UnIq8=,c/bVjLahhgVCwRSj2zWujbIi3rI=
-5,24,pnsh0AIiFRsEXw6FhCNOD0UnIq8=,c/bVjLahhgVCwRSj2zWujbIi3rI=
-6,24,pnsh0AIiFRsEXw6FhCNOD0UnIq8=,c/bVjLahhgVCwRSj2zWujbIi3rI=
-7,24,pnsh0AIiFRsEXw6FhCNOD0UnIq8=,c/bVjLahhgVCwRSj2zWujbIi3rI=
-9,24,pnsh0AIiFRsEXw6FhCNOD0UnIq8=,c/bVjLahhgVCwRSj2zWujbIi3rI=
-11,24,pnsh0AIiFRsEXw6FhCNOD0UnIq8=,c/bVjLahhgVCwRSj2zWujbIi3rI=
-10,24,pnsh0AIiFRsEXw6FhCNOD0UnIq8=,c/bVjLahhgVCwRSj2zWujbIi3rI=
-12,24,pnsh0AIiFRsEXw6FhCNOD0UnIq8=,c/bVjLahhgVCwRSj2zWujbIi3rI=
-13,24,pnsh0AIiFRsEXw6FhCNOD0UnIq8=,c/bVjLahhgVCwRSj2zWujbIi3rI=
-14,24,pnsh0AIiFRsEXw6FhCNOD0UnIq8=,c/bVjLahhgVCwRSj2zWujbIi3rI=
-8,24,pnsh0AIiFRsEXw6FhCNOD0UnIq8=,c/bVjLahhgVCwRSj2zWujbIi3rI=
-15,24,pnsh0AIiFRsEXw6FhCNOD0UnIq8=,c/bVjLahhgVCwRSj2zWujbIi3rI=
-16,24,pnsh0AIiFRsEXw6FhCNOD0UnIq8=,c/bVjLahhgVCwRSj2zWujbIi3rI=
-4,17,pnsh0AIiFRsEXw6FhCNOD0UnIq8=,c/bVjLahhgVCwRSj2zWujbIi3rI=
-3,16,pnsh0AIiFRsEXw6FhCNOD0UnIq8=,c/bVjLahhgVCwRSj2zWujbIi3rI=
-8,19,pnsh0AIiFRsEXw6FhCNOD0UnIq8=,c/bVjLahhgVCwRSj2zWujbIi3rI=
-9,19,pnsh0AIiFRsEXw6FhCNOD0UnIq8=,c/bVjLahhgVCwRSj2zWujbIi3rI=
-1,24,pnsh0AIiFRsEXw6FhCNOD0UnIq8=,c/bVjLahhgVCwRSj2zWujbIi3rI=
-7,23,pnsh0AIiFRsEXw6FhCNOD0UnIq8=,c/bVjLahhgVCwRSj2zWujbIi3rI=
-6,23,pnsh0AIiFRsEXw6FhCNOD0UnIq8=,c/bVjLahhgVCwRSj2zWujbIi3rI=
-5,23,pnsh0AIiFRsEXw6FhCNOD0UnIq8=,c/bVjLahhgVCwRSj2zWujbIi3rI=
-8,23,pnsh0AIiFRsEXw6FhCNOD0UnIq8=,c/bVjLahhgVCwRSj2zWujbIi3rI=
-9,23,pnsh0AIiFRsEXw6FhCNOD0UnIq8=,c/bVjLahhgVCwRSj2zWujbIi3rI=
-10,23,pnsh0AIiFRsEXw6FhCNOD0UnIq8=,c/bVjLahhgVCwRSj2zWujbIi3rI=
-11,23,pnsh0AIiFRsEXw6FhCNOD0UnIq8=,c/bVjLahhgVCwRSj2zWujbIi3rI=
-13,23,pnsh0AIiFRsEXw6FhCNOD0UnIq8=,c/bVjLahhgVCwRSj2zWujbIi3rI=
-12,23,pnsh0AIiFRsEXw6FhCNOD0UnIq8=,c/bVjLahhgVCwRSj2zWujbIi3rI=
-14,23,pnsh0AIiFRsEXw6FhCNOD0UnIq8=,c/bVjLahhgVCwRSj2zWujbIi3rI=
-16,23,pnsh0AIiFRsEXw6FhCNOD0UnIq8=,c/bVjLahhgVCwRSj2zWujbIi3rI=
-15,23,pnsh0AIiFRsEXw6FhCNOD0UnIq8=,c/bVjLahhgVCwRSj2zWujbIi3rI=
-3,17,pnsh0AIiFRsEXw6FhCNOD0UnIq8=,c/bVjLahhgVCwRSj2zWujbIi3rI=
-10,19,pnsh0AIiFRsEXw6FhCNOD0UnIq8=,c/bVjLahhgVCwRSj2zWujbIi3rI=
-4,16,pnsh0AIiFRsEXw6FhCNOD0UnIq8=,c/bVjLahhgVCwRSj2zWujbIi3rI=
-5,17,pnsh0AIiFRsEXw6FhCNOD0UnIq8=,c/bVjLahhgVCwRSj2zWujbIi3rI=
-1,23,pnsh0AIiFRsEXw6FhCNOD0UnIq8=,c/bVjLahhgVCwRSj2zWujbIi3rI=
-1,25,pnsh0AIiFRsEXw6FhCNOD0UnIq8=,c/bVjLahhgVCwRSj2zWujbIi3rI=
-11,19,pnsh0AIiFRsEXw6FhCNOD0UnIq8=,c/bVjLahhgVCwRSj2zWujbIi3rI=
-6,16,pnsh0AIiFRsEXw6FhCNOD0UnIq8=,c/bVjLahhgVCwRSj2zWujbIi3rI=
-6,22,pnsh0AIiFRsEXw6FhCNOD0UnIq8=,c/bVjLahhgVCwRSj2zWujbIi3rI=
-8,22,pnsh0AIiFRsEXw6FhCNOD0UnIq8=,c/bVjLahhgVCwRSj2zWujbIi3rI=
-7,22,pnsh0AIiFRsEXw6FhCNOD0UnIq8=,c/bVjLahhgVCwRSj2zWujbIi3rI=
-9,22,pnsh0AIiFRsEXw6FhCNOD0UnIq8=,c/bVjLahhgVCwRSj2zWujbIi3rI=
-10,22,pnsh0AIiFRsEXw6FhCNOD0UnIq8=,c/bVjLahhgVCwRSj2zWujbIi3rI=
-11,22,pnsh0AIiFRsEXw6FhCNOD0UnIq8=,c/bVjLahhgVCwRSj2zWujbIi3rI=
-12,22,pnsh0AIiFRsEXw6FhCNOD0UnIq8=,c/bVjLahhgVCwRSj2zWujbIi3rI=
-15,22,pnsh0AIiFRsEXw6FhCNOD0UnIq8=,c/bVjLahhgVCwRSj2zWujbIi3rI=
-14,22,pnsh0AIiFRsEXw6FhCNOD0UnIq8=,c/bVjLahhgVCwRSj2zWujbIi3rI=
-2,24,pnsh0AIiFRsEXw6FhCNOD0UnIq8=,c/bVjLahhgVCwRSj2zWujbIi3rI=
-16,22,pnsh0AIiFRsEXw6FhCNOD0UnIq8=,c/bVjLahhgVCwRSj2zWujbIi3rI=
-2,16,pnsh0AIiFRsEXw6FhCNOD0UnIq8=,c/bVjLahhgVCwRSj2zWujbIi3rI=
-3,19,pnsh0AIiFRsEXw6FhCNOD0UnIq8=,c/bVjLahhgVCwRSj2zWujbIi3rI=
-13,19,pnsh0AIiFRsEXw6FhCNOD0UnIq8=,c/bVjLahhgVCwRSj2zWujbIi3rI=
-16,17,pnsh0AIiFRsEXw6FhCNOD0UnIq8=,c/bVjLahhgVCwRSj2zWujbIi3rI=
-13,22,pnsh0AIiFRsEXw6FhCNOD0UnIq8=,c/bVjLahhgVCwRSj2zWujbIi3rI=
-2,23,pnsh0AIiFRsEXw6FhCNOD0UnIq8=,c/bVjLahhgVCwRSj2zWujbIi3rI=
-6,21,pnsh0AIiFRsEXw6FhCNOD0UnIq8=,c/bVjLahhgVCwRSj2zWujbIi3rI=
-5,16,pnsh0AIiFRsEXw6FhCNOD0UnIq8=,c/bVjLahhgVCwRSj2zWujbIi3rI=
-7,21,pnsh0AIiFRsEXw6FhCNOD0UnIq8=,c/bVjLahhgVCwRSj2zWujbIi3rI=
-8,21,pnsh0AIiFRsEXw6FhCNOD0UnIq8=,c/bVjLahhgVCwRSj2zWujbIi3rI=
-13,18,pnsh0AIiFRsEXw6FhCNOD0UnIq8=,c/bVjLahhgVCwRSj2zWujbIi3rI=
-9,21,pnsh0AIiFRsEXw6FhCNOD0UnIq8=,c/bVjLahhgVCwRSj2zWujbIi3rI=
-10,21,pnsh0AIiFRsEXw6FhCNOD0UnIq8=,c/bVjLahhgVCwRSj2zWujbIi3rI=
-4,23,pnsh0AIiFRsEXw6FhCNOD0UnIq8=,c/bVjLahhgVCwRSj2zWujbIi3rI=
-11,21,pnsh0AIiFRsEXw6FhCNOD0UnIq8=,c/bVjLahhgVCwRSj2zWujbIi3rI=
-13,21,pnsh0AIiFRsEXw6FhCNOD0UnIq8=,c/bVjLahhgVCwRSj2zWujbIi3rI=
-12,21,pnsh0AIiFRsEXw6FhCNOD0UnIq8=,c/bVjLahhgVCwRSj2zWujbIi3rI=
-14,21,pnsh0AIiFRsEXw6FhCNOD0UnIq8=,c/bVjLahhgVCwRSj2zWujbIi3rI=
-15,21,pnsh0AIiFRsEXw6FhCNOD0UnIq8=,c/bVjLahhgVCwRSj2zWujbIi3rI=
-4,24,pnsh0AIiFRsEXw6FhCNOD0UnIq8=,c/bVjLahhgVCwRSj2zWujbIi3rI=
-16,21,pnsh0AIiFRsEXw6FhCNOD0UnIq8=,c/bVjLahhgVCwRSj2zWujbIi3rI=
-16,19,pnsh0AIiFRsEXw6FhCNOD0UnIq8=,c/bVjLahhgVCwRSj2zWujbIi3rI=
-3,23,pnsh0AIiFRsEXw6FhCNOD0UnIq8=,c/bVjLahhgVCwRSj2zWujbIi3rI=
-3,24,pnsh0AIiFRsEXw6FhCNOD0UnIq8=,c/bVjLahhgVCwRSj2zWujbIi3rI=
-6,17,pnsh0AIiFRsEXw6FhCNOD0UnIq8=,c/bVjLahhgVCwRSj2zWujbIi3rI=
-12,19,pnsh0AIiFRsEXw6FhCNOD0UnIq8=,c/bVjLahhgVCwRSj2zWujbIi3rI=
-4,22,pnsh0AIiFRsEXw6FhCNOD0UnIq8=,c/bVjLahhgVCwRSj2zWujbIi3rI=
-14,19,pnsh0AIiFRsEXw6FhCNOD0UnIq8=,c/bVjLahhgVCwRSj2zWujbIi3rI=
-2,22,pnsh0AIiFRsEXw6FhCNOD0UnIq8=,c/bVjLahhgVCwRSj2zWujbIi3rI=
-3,22,pnsh0AIiFRsEXw6FhCNOD0UnIq8=,c/bVjLahhgVCwRSj2zWujbIi3rI=
-4,21,pnsh0AIiFRsEXw6FhCNOD0UnIq8=,c/bVjLahhgVCwRSj2zWujbIi3rI=
-5,21,pnsh0AIiFRsEXw6FhCNOD0UnIq8=,c/bVjLahhgVCwRSj2zWujbIi3rI=
-15,19,pnsh0AIiFRsEXw6FhCNOD0UnIq8=,c/bVjLahhgVCwRSj2zWujbIi3rI=
-3,20,pnsh0AIiFRsEXw6FhCNOD0UnIq8=,c/bVjLahhgVCwRSj2zWujbIi3rI=
-1,22,pnsh0AIiFRsEXw6FhCNOD0UnIq8=,c/bVjLahhgVCwRSj2zWujbIi3rI=
-5,22,pnsh0AIiFRsEXw6FhCNOD0UnIq8=,c/bVjLahhgVCwRSj2zWujbIi3rI=
-4,20,pnsh0AIiFRsEXw6FhCNOD0UnIq8=,c/bVjLahhgVCwRSj2zWujbIi3rI=
-15,16,pnsh0AIiFRsEXw6FhCNOD0UnIq8=,c/bVjLahhgVCwRSj2zWujbIi3rI=
-5,20,pnsh0AIiFRsEXw6FhCNOD0UnIq8=,c/bVjLahhgVCwRSj2zWujbIi3rI=
-3,21,pnsh0AIiFRsEXw6FhCNOD0UnIq8=,c/bVjLahhgVCwRSj2zWujbIi3rI=
-16,16,pnsh0AIiFRsEXw6FhCNOD0UnIq8=,c/bVjLahhgVCwRSj2zWujbIi3rI=
-15,20,pnsh0AIiFRsEXw6FhCNOD0UnIq8=,c/bVjLahhgVCwRSj2zWujbIi3rI=
-6,20,pnsh0AIiFRsEXw6FhCNOD0UnIq8=,c/bVjLahhgVCwRSj2zWujbIi3rI=
-16,20,pnsh0AIiFRsEXw6FhCNOD0UnIq8=,c/bVjLahhgVCwRSj2zWujbIi3rI=
-8,20,pnsh0AIiFRsEXw6FhCNOD0UnIq8=,c/bVjLahhgVCwRSj2zWujbIi3rI=
-11,20,pnsh0AIiFRsEXw6FhCNOD0UnIq8=,c/bVjLahhgVCwRSj2zWujbIi3rI=
-13,20,pnsh0AIiFRsEXw6FhCNOD0UnIq8=,c/bVjLahhgVCwRSj2zWujbIi3rI=
-9,20,pnsh0AIiFRsEXw6FhCNOD0UnIq8=,c/bVjLahhgVCwRSj2zWujbIi3rI=
-12,20,pnsh0AIiFRsEXw6FhCNOD0UnIq8=,c/bVjLahhgVCwRSj2zWujbIi3rI=
-10,20,pnsh0AIiFRsEXw6FhCNOD0UnIq8=,c/bVjLahhgVCwRSj2zWujbIi3rI=
-14,20,pnsh0AIiFRsEXw6FhCNOD0UnIq8=,c/bVjLahhgVCwRSj2zWujbIi3rI=
-2,21,pnsh0AIiFRsEXw6FhCNOD0UnIq8=,c/bVjLahhgVCwRSj2zWujbIi3rI=
-7,20,pnsh0AIiFRsEXw6FhCNOD0UnIq8=,c/bVjLahhgVCwRSj2zWujbIi3rI=
-2,20,pnsh0AIiFRsEXw6FhCNOD0UnIq8=,c/bVjLahhgVCwRSj2zWujbIi3rI=
-2,19,pnsh0AIiFRsEXw6FhCNOD0UnIq8=,c/bVjLahhgVCwRSj2zWujbIi3rI=
-1,20,pnsh0AIiFRsEXw6FhCNOD0UnIq8=,c/bVjLahhgVCwRSj2zWujbIi3rI=
-1,21,pnsh0AIiFRsEXw6FhCNOD0UnIq8=,c/bVjLahhgVCwRSj2zWujbIi3rI=
-1,18,pnsh0AIiFRsEXw6FhCNOD0UnIq8=,c/bVjLahhgVCwRSj2zWujbIi3rI=
-2,18,pnsh0AIiFRsEXw6FhCNOD0UnIq8=,c/bVjLahhgVCwRSj2zWujbIi3rI=
-1,19,pnsh0AIiFRsEXw6FhCNOD0UnIq8=,c/bVjLahhgVCwRSj2zWujbIi3rI=
-13,17,pnsh0AIiFRsEXw6FhCNOD0UnIq8=,c/bVjLahhgVCwRSj2zWujbIi3rI=
-7,17,pnsh0AIiFRsEXw6FhCNOD0UnIq8=,c/bVjLahhgVCwRSj2zWujbIi3rI=
-7,16,pnsh0AIiFRsEXw6FhCNOD0UnIq8=,c/bVjLahhgVCwRSj2zWujbIi3rI=
-8,16,pnsh0AIiFRsEXw6FhCNOD0UnIq8=,c/bVjLahhgVCwRSj2zWujbIi3rI=
-9,17,pnsh0AIiFRsEXw6FhCNOD0UnIq8=,c/bVjLahhgVCwRSj2zWujbIi3rI=
-12,17,pnsh0AIiFRsEXw6FhCNOD0UnIq8=,c/bVjLahhgVCwRSj2zWujbIi3rI=
-10,16,pnsh0AIiFRsEXw6FhCNOD0UnIq8=,c/bVjLahhgVCwRSj2zWujbIi3rI=
-11,17,pnsh0AIiFRsEXw6FhCNOD0UnIq8=,c/bVjLahhgVCwRSj2zWujbIi3rI=
-9,16,pnsh0AIiFRsEXw6FhCNOD0UnIq8=,c/bVjLahhgVCwRSj2zWujbIi3rI=
-14,17,pnsh0AIiFRsEXw6FhCNOD0UnIq8=,c/bVjLahhgVCwRSj2zWujbIi3rI=
-11,16,pnsh0AIiFRsEXw6FhCNOD0UnIq8=,c/bVjLahhgVCwRSj2zWujbIi3rI=
-8,17,pnsh0AIiFRsEXw6FhCNOD0UnIq8=,c/bVjLahhgVCwRSj2zWujbIi3rI=
-13,16,pnsh0AIiFRsEXw6FhCNOD0UnIq8=,c/bVjLahhgVCwRSj2zWujbIi3rI=
-14,16,pnsh0AIiFRsEXw6FhCNOD0UnIq8=,c/bVjLahhgVCwRSj2zWujbIi3rI=
-12,16,pnsh0AIiFRsEXw6FhCNOD0UnIq8=,c/bVjLahhgVCwRSj2zWujbIi3rI=
-10,17,pnsh0AIiFRsEXw6FhCNOD0UnIq8=,c/bVjLahhgVCwRSj2zWujbIi3rI=
-1,1,gqsUWWIHM4/9wXjgjwiJzDH/aD0=,YZM7aiIOJi7HJUwte3KDzZ2HZEA=
-1,15,9TTCgbPd+8AYXGvTNaXgHoDaorc=,YZM7aiIOJi7HJUwte3KDzZ2HZEA=
-3,2,9TTCgbPd+8AYXGvTNaXgHoDaorc=,YZM7aiIOJi7HJUwte3KDzZ2HZEA=
-2,2,9TTCgbPd+8AYXGvTNaXgHoDaorc=,YZM7aiIOJi7HJUwte3KDzZ2HZEA=
-2,15,9TTCgbPd+8AYXGvTNaXgHoDaorc=,YZM7aiIOJi7HJUwte3KDzZ2HZEA=
-2,1,9TTCgbPd+8AYXGvTNaXgHoDaorc=,YZM7aiIOJi7HJUwte3KDzZ2HZEA=
-3,15,9TTCgbPd+8AYXGvTNaXgHoDaorc=,YZM7aiIOJi7HJUwte3KDzZ2HZEA=
-4,15,9TTCgbPd+8AYXGvTNaXgHoDaorc=,YZM7aiIOJi7HJUwte3KDzZ2HZEA=
-5,15,9TTCgbPd+8AYXGvTNaXgHoDaorc=,YZM7aiIOJi7HJUwte3KDzZ2HZEA=
-1,2,9TTCgbPd+8AYXGvTNaXgHoDaorc=,YZM7aiIOJi7HJUwte3KDzZ2HZEA=
-6,15,9TTCgbPd+8AYXGvTNaXgHoDaorc=,YZM7aiIOJi7HJUwte3KDzZ2HZEA=
-16,3,9TTCgbPd+8AYXGvTNaXgHoDaorc=,YZM7aiIOJi7HJUwte3KDzZ2HZEA=
-11,1,9TTCgbPd+8AYXGvTNaXgHoDaorc=,YZM7aiIOJi7HJUwte3KDzZ2HZEA=
-14,0,9TTCgbPd+8AYXGvTNaXgHoDaorc=,YZM7aiIOJi7HJUwte3KDzZ2HZEA=
-14,1,9TTCgbPd+8AYXGvTNaXgHoDaorc=,YZM7aiIOJi7HJUwte3KDzZ2HZEA=
-16,2,9TTCgbPd+8AYXGvTNaXgHoDaorc=,YZM7aiIOJi7HJUwte3KDzZ2HZEA=
-16,15,9TTCgbPd+8AYXGvTNaXgHoDaorc=,YZM7aiIOJi7HJUwte3KDzZ2HZEA=
-15,15,9TTCgbPd+8AYXGvTNaXgHoDaorc=,YZM7aiIOJi7HJUwte3KDzZ2HZEA=
-1,14,9TTCgbPd+8AYXGvTNaXgHoDaorc=,YZM7aiIOJi7HJUwte3KDzZ2HZEA=
-15,3,9TTCgbPd+8AYXGvTNaXgHoDaorc=,YZM7aiIOJi7HJUwte3KDzZ2HZEA=
-2,14,9TTCgbPd+8AYXGvTNaXgHoDaorc=,YZM7aiIOJi7HJUwte3KDzZ2HZEA=
-3,14,9TTCgbPd+8AYXGvTNaXgHoDaorc=,YZM7aiIOJi7HJUwte3KDzZ2HZEA=
-15,1,9TTCgbPd+8AYXGvTNaXgHoDaorc=,YZM7aiIOJi7HJUwte3KDzZ2HZEA=
-14,3,9TTCgbPd+8AYXGvTNaXgHoDaorc=,YZM7aiIOJi7HJUwte3KDzZ2HZEA=
-4,14,9TTCgbPd+8AYXGvTNaXgHoDaorc=,YZM7aiIOJi7HJUwte3KDzZ2HZEA=
-4,2,9TTCgbPd+8AYXGvTNaXgHoDaorc=,YZM7aiIOJi7HJUwte3KDzZ2HZEA=
-5,14,9TTCgbPd+8AYXGvTNaXgHoDaorc=,YZM7aiIOJi7HJUwte3KDzZ2HZEA=
-6,14,9TTCgbPd+8AYXGvTNaXgHoDaorc=,YZM7aiIOJi7HJUwte3KDzZ2HZEA=
-13,0,9TTCgbPd+8AYXGvTNaXgHoDaorc=,YZM7aiIOJi7HJUwte3KDzZ2HZEA=
-3,1,9TTCgbPd+8AYXGvTNaXgHoDaorc=,YZM7aiIOJi7HJUwte3KDzZ2HZEA=
-13,3,9TTCgbPd+8AYXGvTNaXgHoDaorc=,YZM7aiIOJi7HJUwte3KDzZ2HZEA=
-9,15,9TTCgbPd+8AYXGvTNaXgHoDaorc=,YZM7aiIOJi7HJUwte3KDzZ2HZEA=
-6,1,9TTCgbPd+8AYXGvTNaXgHoDaorc=,YZM7aiIOJi7HJUwte3KDzZ2HZEA=
-8,15,9TTCgbPd+8AYXGvTNaXgHoDaorc=,YZM7aiIOJi7HJUwte3KDzZ2HZEA=
-13,1,9TTCgbPd+8AYXGvTNaXgHoDaorc=,YZM7aiIOJi7HJUwte3KDzZ2HZEA=
-8,1,9TTCgbPd+8AYXGvTNaXgHoDaorc=,YZM7aiIOJi7HJUwte3KDzZ2HZEA=
-12,1,9TTCgbPd+8AYXGvTNaXgHoDaorc=,YZM7aiIOJi7HJUwte3KDzZ2HZEA=
-5,1,9TTCgbPd+8AYXGvTNaXgHoDaorc=,YZM7aiIOJi7HJUwte3KDzZ2HZEA=
-10,15,9TTCgbPd+8AYXGvTNaXgHoDaorc=,YZM7aiIOJi7HJUwte3KDzZ2HZEA=
-12,15,9TTCgbPd+8AYXGvTNaXgHoDaorc=,YZM7aiIOJi7HJUwte3KDzZ2HZEA=
-13,15,9TTCgbPd+8AYXGvTNaXgHoDaorc=,YZM7aiIOJi7HJUwte3KDzZ2HZEA=
-7,15,9TTCgbPd+8AYXGvTNaXgHoDaorc=,YZM7aiIOJi7HJUwte3KDzZ2HZEA=
-16,14,9TTCgbPd+8AYXGvTNaXgHoDaorc=,YZM7aiIOJi7HJUwte3KDzZ2HZEA=
-15,14,9TTCgbPd+8AYXGvTNaXgHoDaorc=,YZM7aiIOJi7HJUwte3KDzZ2HZEA=
-11,15,9TTCgbPd+8AYXGvTNaXgHoDaorc=,YZM7aiIOJi7HJUwte3KDzZ2HZEA=
-14,15,9TTCgbPd+8AYXGvTNaXgHoDaorc=,YZM7aiIOJi7HJUwte3KDzZ2HZEA=
-1,0,9TTCgbPd+8AYXGvTNaXgHoDaorc=,YZM7aiIOJi7HJUwte3KDzZ2HZEA=
-16,1,9TTCgbPd+8AYXGvTNaXgHoDaorc=,YZM7aiIOJi7HJUwte3KDzZ2HZEA=
-15,0,9TTCgbPd+8AYXGvTNaXgHoDaorc=,YZM7aiIOJi7HJUwte3KDzZ2HZEA=
-5,2,9TTCgbPd+8AYXGvTNaXgHoDaorc=,YZM7aiIOJi7HJUwte3KDzZ2HZEA=
-4,13,9TTCgbPd+8AYXGvTNaXgHoDaorc=,YZM7aiIOJi7HJUwte3KDzZ2HZEA=
-3,13,9TTCgbPd+8AYXGvTNaXgHoDaorc=,YZM7aiIOJi7HJUwte3KDzZ2HZEA=
-5,13,9TTCgbPd+8AYXGvTNaXgHoDaorc=,YZM7aiIOJi7HJUwte3KDzZ2HZEA=
-6,13,9TTCgbPd+8AYXGvTNaXgHoDaorc=,YZM7aiIOJi7HJUwte3KDzZ2HZEA=
-7,1,9TTCgbPd+8AYXGvTNaXgHoDaorc=,YZM7aiIOJi7HJUwte3KDzZ2HZEA=
-7,14,9TTCgbPd+8AYXGvTNaXgHoDaorc=,YZM7aiIOJi7HJUwte3KDzZ2HZEA=
-9,1,9TTCgbPd+8AYXGvTNaXgHoDaorc=,YZM7aiIOJi7HJUwte3KDzZ2HZEA=
-10,1,9TTCgbPd+8AYXGvTNaXgHoDaorc=,YZM7aiIOJi7HJUwte3KDzZ2HZEA=
-4,1,9TTCgbPd+8AYXGvTNaXgHoDaorc=,YZM7aiIOJi7HJUwte3KDzZ2HZEA=
-16,13,9TTCgbPd+8AYXGvTNaXgHoDaorc=,YZM7aiIOJi7HJUwte3KDzZ2HZEA=
-15,13,9TTCgbPd+8AYXGvTNaXgHoDaorc=,YZM7aiIOJi7HJUwte3KDzZ2HZEA=
-9,14,9TTCgbPd+8AYXGvTNaXgHoDaorc=,YZM7aiIOJi7HJUwte3KDzZ2HZEA=
-8,14,9TTCgbPd+8AYXGvTNaXgHoDaorc=,YZM7aiIOJi7HJUwte3KDzZ2HZEA=
-3,12,9TTCgbPd+8AYXGvTNaXgHoDaorc=,YZM7aiIOJi7HJUwte3KDzZ2HZEA=
-4,12,9TTCgbPd+8AYXGvTNaXgHoDaorc=,YZM7aiIOJi7HJUwte3KDzZ2HZEA=
-5,12,9TTCgbPd+8AYXGvTNaXgHoDaorc=,YZM7aiIOJi7HJUwte3KDzZ2HZEA=
-2,0,9TTCgbPd+8AYXGvTNaXgHoDaorc=,YZM7aiIOJi7HJUwte3KDzZ2HZEA=
-6,2,9TTCgbPd+8AYXGvTNaXgHoDaorc=,YZM7aiIOJi7HJUwte3KDzZ2HZEA=
-6,12,9TTCgbPd+8AYXGvTNaXgHoDaorc=,YZM7aiIOJi7HJUwte3KDzZ2HZEA=
-10,14,9TTCgbPd+8AYXGvTNaXgHoDaorc=,YZM7aiIOJi7HJUwte3KDzZ2HZEA=
-11,14,9TTCgbPd+8AYXGvTNaXgHoDaorc=,YZM7aiIOJi7HJUwte3KDzZ2HZEA=
-14,14,9TTCgbPd+8AYXGvTNaXgHoDaorc=,YZM7aiIOJi7HJUwte3KDzZ2HZEA=
-12,14,9TTCgbPd+8AYXGvTNaXgHoDaorc=,YZM7aiIOJi7HJUwte3KDzZ2HZEA=
-15,12,9TTCgbPd+8AYXGvTNaXgHoDaorc=,YZM7aiIOJi7HJUwte3KDzZ2HZEA=
-12,0,9TTCgbPd+8AYXGvTNaXgHoDaorc=,YZM7aiIOJi7HJUwte3KDzZ2HZEA=
-16,12,9TTCgbPd+8AYXGvTNaXgHoDaorc=,YZM7aiIOJi7HJUwte3KDzZ2HZEA=
-1,13,9TTCgbPd+8AYXGvTNaXgHoDaorc=,YZM7aiIOJi7HJUwte3KDzZ2HZEA=
-8,13,9TTCgbPd+8AYXGvTNaXgHoDaorc=,YZM7aiIOJi7HJUwte3KDzZ2HZEA=
-13,14,9TTCgbPd+8AYXGvTNaXgHoDaorc=,YZM7aiIOJi7HJUwte3KDzZ2HZEA=
-7,13,9TTCgbPd+8AYXGvTNaXgHoDaorc=,YZM7aiIOJi7HJUwte3KDzZ2HZEA=
-2,13,9TTCgbPd+8AYXGvTNaXgHoDaorc=,YZM7aiIOJi7HJUwte3KDzZ2HZEA=
-10,13,9TTCgbPd+8AYXGvTNaXgHoDaorc=,YZM7aiIOJi7HJUwte3KDzZ2HZEA=
-12,13,9TTCgbPd+8AYXGvTNaXgHoDaorc=,YZM7aiIOJi7HJUwte3KDzZ2HZEA=
-3,11,9TTCgbPd+8AYXGvTNaXgHoDaorc=,YZM7aiIOJi7HJUwte3KDzZ2HZEA=
-4,11,9TTCgbPd+8AYXGvTNaXgHoDaorc=,YZM7aiIOJi7HJUwte3KDzZ2HZEA=
-5,11,9TTCgbPd+8AYXGvTNaXgHoDaorc=,YZM7aiIOJi7HJUwte3KDzZ2HZEA=
-6,11,9TTCgbPd+8AYXGvTNaXgHoDaorc=,YZM7aiIOJi7HJUwte3KDzZ2HZEA=
-13,13,9TTCgbPd+8AYXGvTNaXgHoDaorc=,YZM7aiIOJi7HJUwte3KDzZ2HZEA=
-11,13,9TTCgbPd+8AYXGvTNaXgHoDaorc=,YZM7aiIOJi7HJUwte3KDzZ2HZEA=
-1,12,9TTCgbPd+8AYXGvTNaXgHoDaorc=,YZM7aiIOJi7HJUwte3KDzZ2HZEA=
-14,13,9TTCgbPd+8AYXGvTNaXgHoDaorc=,YZM7aiIOJi7HJUwte3KDzZ2HZEA=
-15,11,9TTCgbPd+8AYXGvTNaXgHoDaorc=,YZM7aiIOJi7HJUwte3KDzZ2HZEA=
-16,11,9TTCgbPd+8AYXGvTNaXgHoDaorc=,YZM7aiIOJi7HJUwte3KDzZ2HZEA=
-8,12,9TTCgbPd+8AYXGvTNaXgHoDaorc=,YZM7aiIOJi7HJUwte3KDzZ2HZEA=
-7,12,9TTCgbPd+8AYXGvTNaXgHoDaorc=,YZM7aiIOJi7HJUwte3KDzZ2HZEA=
-4,10,9TTCgbPd+8AYXGvTNaXgHoDaorc=,YZM7aiIOJi7HJUwte3KDzZ2HZEA=
-3,10,9TTCgbPd+8AYXGvTNaXgHoDaorc=,YZM7aiIOJi7HJUwte3KDzZ2HZEA=
-5,10,9TTCgbPd+8AYXGvTNaXgHoDaorc=,YZM7aiIOJi7HJUwte3KDzZ2HZEA=
-6,10,9TTCgbPd+8AYXGvTNaXgHoDaorc=,YZM7aiIOJi7HJUwte3KDzZ2HZEA=
-13,12,9TTCgbPd+8AYXGvTNaXgHoDaorc=,YZM7aiIOJi7HJUwte3KDzZ2HZEA=
-12,3,9TTCgbPd+8AYXGvTNaXgHoDaorc=,YZM7aiIOJi7HJUwte3KDzZ2HZEA=
-11,12,9TTCgbPd+8AYXGvTNaXgHoDaorc=,YZM7aiIOJi7HJUwte3KDzZ2HZEA=
-11,3,9TTCgbPd+8AYXGvTNaXgHoDaorc=,YZM7aiIOJi7HJUwte3KDzZ2HZEA=
-1,11,9TTCgbPd+8AYXGvTNaXgHoDaorc=,YZM7aiIOJi7HJUwte3KDzZ2HZEA=
-14,12,9TTCgbPd+8AYXGvTNaXgHoDaorc=,YZM7aiIOJi7HJUwte3KDzZ2HZEA=
-2,12,9TTCgbPd+8AYXGvTNaXgHoDaorc=,YZM7aiIOJi7HJUwte3KDzZ2HZEA=
-12,12,9TTCgbPd+8AYXGvTNaXgHoDaorc=,YZM7aiIOJi7HJUwte3KDzZ2HZEA=
-2,11,9TTCgbPd+8AYXGvTNaXgHoDaorc=,YZM7aiIOJi7HJUwte3KDzZ2HZEA=
-3,0,9TTCgbPd+8AYXGvTNaXgHoDaorc=,YZM7aiIOJi7HJUwte3KDzZ2HZEA=
-9,12,9TTCgbPd+8AYXGvTNaXgHoDaorc=,YZM7aiIOJi7HJUwte3KDzZ2HZEA=
-9,11,9TTCgbPd+8AYXGvTNaXgHoDaorc=,YZM7aiIOJi7HJUwte3KDzZ2HZEA=
-7,2,9TTCgbPd+8AYXGvTNaXgHoDaorc=,YZM7aiIOJi7HJUwte3KDzZ2HZEA=
-16,10,9TTCgbPd+8AYXGvTNaXgHoDaorc=,YZM7aiIOJi7HJUwte3KDzZ2HZEA=
-12,11,9TTCgbPd+8AYXGvTNaXgHoDaorc=,YZM7aiIOJi7HJUwte3KDzZ2HZEA=
-11,11,9TTCgbPd+8AYXGvTNaXgHoDaorc=,YZM7aiIOJi7HJUwte3KDzZ2HZEA=
-15,10,9TTCgbPd+8AYXGvTNaXgHoDaorc=,YZM7aiIOJi7HJUwte3KDzZ2HZEA=
-14,11,9TTCgbPd+8AYXGvTNaXgHoDaorc=,YZM7aiIOJi7HJUwte3KDzZ2HZEA=
-13,11,9TTCgbPd+8AYXGvTNaXgHoDaorc=,YZM7aiIOJi7HJUwte3KDzZ2HZEA=
-2,10,9TTCgbPd+8AYXGvTNaXgHoDaorc=,YZM7aiIOJi7HJUwte3KDzZ2HZEA=
-9,13,9TTCgbPd+8AYXGvTNaXgHoDaorc=,YZM7aiIOJi7HJUwte3KDzZ2HZEA=
-1,10,9TTCgbPd+8AYXGvTNaXgHoDaorc=,YZM7aiIOJi7HJUwte3KDzZ2HZEA=
-10,11,9TTCgbPd+8AYXGvTNaXgHoDaorc=,YZM7aiIOJi7HJUwte3KDzZ2HZEA=
-3,9,9TTCgbPd+8AYXGvTNaXgHoDaorc=,YZM7aiIOJi7HJUwte3KDzZ2HZEA=
-7,10,9TTCgbPd+8AYXGvTNaXgHoDaorc=,YZM7aiIOJi7HJUwte3KDzZ2HZEA=
-8,2,9TTCgbPd+8AYXGvTNaXgHoDaorc=,YZM7aiIOJi7HJUwte3KDzZ2HZEA=
-4,0,9TTCgbPd+8AYXGvTNaXgHoDaorc=,YZM7aiIOJi7HJUwte3KDzZ2HZEA=
-10,10,9TTCgbPd+8AYXGvTNaXgHoDaorc=,YZM7aiIOJi7HJUwte3KDzZ2HZEA=
-9,10,9TTCgbPd+8AYXGvTNaXgHoDaorc=,YZM7aiIOJi7HJUwte3KDzZ2HZEA=
-10,3,9TTCgbPd+8AYXGvTNaXgHoDaorc=,YZM7aiIOJi7HJUwte3KDzZ2HZEA=
-15,9,9TTCgbPd+8AYXGvTNaXgHoDaorc=,YZM7aiIOJi7HJUwte3KDzZ2HZEA=
-2,9,9TTCgbPd+8AYXGvTNaXgHoDaorc=,YZM7aiIOJi7HJUwte3KDzZ2HZEA=
-8,10,9TTCgbPd+8AYXGvTNaXgHoDaorc=,YZM7aiIOJi7HJUwte3KDzZ2HZEA=
-16,9,9TTCgbPd+8AYXGvTNaXgHoDaorc=,YZM7aiIOJi7HJUwte3KDzZ2HZEA=
-14,10,9TTCgbPd+8AYXGvTNaXgHoDaorc=,YZM7aiIOJi7HJUwte3KDzZ2HZEA=
-12,10,9TTCgbPd+8AYXGvTNaXgHoDaorc=,YZM7aiIOJi7HJUwte3KDzZ2HZEA=
-13,10,9TTCgbPd+8AYXGvTNaXgHoDaorc=,YZM7aiIOJi7HJUwte3KDzZ2HZEA=
-4,9,9TTCgbPd+8AYXGvTNaXgHoDaorc=,YZM7aiIOJi7HJUwte3KDzZ2HZEA=
-10,12,9TTCgbPd+8AYXGvTNaXgHoDaorc=,YZM7aiIOJi7HJUwte3KDzZ2HZEA=
-5,9,9TTCgbPd+8AYXGvTNaXgHoDaorc=,YZM7aiIOJi7HJUwte3KDzZ2HZEA=
-7,9,9TTCgbPd+8AYXGvTNaXgHoDaorc=,YZM7aiIOJi7HJUwte3KDzZ2HZEA=
-8,9,9TTCgbPd+8AYXGvTNaXgHoDaorc=,YZM7aiIOJi7HJUwte3KDzZ2HZEA=
-6,9,9TTCgbPd+8AYXGvTNaXgHoDaorc=,YZM7aiIOJi7HJUwte3KDzZ2HZEA=
-8,11,9TTCgbPd+8AYXGvTNaXgHoDaorc=,YZM7aiIOJi7HJUwte3KDzZ2HZEA=
-9,2,9TTCgbPd+8AYXGvTNaXgHoDaorc=,YZM7aiIOJi7HJUwte3KDzZ2HZEA=
-11,10,9TTCgbPd+8AYXGvTNaXgHoDaorc=,YZM7aiIOJi7HJUwte3KDzZ2HZEA=
-9,9,9TTCgbPd+8AYXGvTNaXgHoDaorc=,YZM7aiIOJi7HJUwte3KDzZ2HZEA=
-10,9,9TTCgbPd+8AYXGvTNaXgHoDaorc=,YZM7aiIOJi7HJUwte3KDzZ2HZEA=
-5,0,9TTCgbPd+8AYXGvTNaXgHoDaorc=,YZM7aiIOJi7HJUwte3KDzZ2HZEA=
-15,8,9TTCgbPd+8AYXGvTNaXgHoDaorc=,YZM7aiIOJi7HJUwte3KDzZ2HZEA=
-3,8,9TTCgbPd+8AYXGvTNaXgHoDaorc=,YZM7aiIOJi7HJUwte3KDzZ2HZEA=
-13,9,9TTCgbPd+8AYXGvTNaXgHoDaorc=,YZM7aiIOJi7HJUwte3KDzZ2HZEA=
-16,8,9TTCgbPd+8AYXGvTNaXgHoDaorc=,YZM7aiIOJi7HJUwte3KDzZ2HZEA=
-14,9,9TTCgbPd+8AYXGvTNaXgHoDaorc=,YZM7aiIOJi7HJUwte3KDzZ2HZEA=
-11,9,9TTCgbPd+8AYXGvTNaXgHoDaorc=,YZM7aiIOJi7HJUwte3KDzZ2HZEA=
-6,8,9TTCgbPd+8AYXGvTNaXgHoDaorc=,YZM7aiIOJi7HJUwte3KDzZ2HZEA=
-4,8,9TTCgbPd+8AYXGvTNaXgHoDaorc=,YZM7aiIOJi7HJUwte3KDzZ2HZEA=
-1,8,9TTCgbPd+8AYXGvTNaXgHoDaorc=,YZM7aiIOJi7HJUwte3KDzZ2HZEA=
-9,3,9TTCgbPd+8AYXGvTNaXgHoDaorc=,YZM7aiIOJi7HJUwte3KDzZ2HZEA=
-5,8,9TTCgbPd+8AYXGvTNaXgHoDaorc=,YZM7aiIOJi7HJUwte3KDzZ2HZEA=
-15,2,9TTCgbPd+8AYXGvTNaXgHoDaorc=,YZM7aiIOJi7HJUwte3KDzZ2HZEA=
-9,8,9TTCgbPd+8AYXGvTNaXgHoDaorc=,YZM7aiIOJi7HJUwte3KDzZ2HZEA=
-11,2,9TTCgbPd+8AYXGvTNaXgHoDaorc=,YZM7aiIOJi7HJUwte3KDzZ2HZEA=
-7,8,9TTCgbPd+8AYXGvTNaXgHoDaorc=,YZM7aiIOJi7HJUwte3KDzZ2HZEA=
-8,8,9TTCgbPd+8AYXGvTNaXgHoDaorc=,YZM7aiIOJi7HJUwte3KDzZ2HZEA=
-10,2,9TTCgbPd+8AYXGvTNaXgHoDaorc=,YZM7aiIOJi7HJUwte3KDzZ2HZEA=
-10,8,9TTCgbPd+8AYXGvTNaXgHoDaorc=,YZM7aiIOJi7HJUwte3KDzZ2HZEA=
-6,0,9TTCgbPd+8AYXGvTNaXgHoDaorc=,YZM7aiIOJi7HJUwte3KDzZ2HZEA=
-12,8,9TTCgbPd+8AYXGvTNaXgHoDaorc=,YZM7aiIOJi7HJUwte3KDzZ2HZEA=
-13,8,9TTCgbPd+8AYXGvTNaXgHoDaorc=,YZM7aiIOJi7HJUwte3KDzZ2HZEA=
-16,7,9TTCgbPd+8AYXGvTNaXgHoDaorc=,YZM7aiIOJi7HJUwte3KDzZ2HZEA=
-15,7,9TTCgbPd+8AYXGvTNaXgHoDaorc=,YZM7aiIOJi7HJUwte3KDzZ2HZEA=
-14,8,9TTCgbPd+8AYXGvTNaXgHoDaorc=,YZM7aiIOJi7HJUwte3KDzZ2HZEA=
-6,7,9TTCgbPd+8AYXGvTNaXgHoDaorc=,YZM7aiIOJi7HJUwte3KDzZ2HZEA=
-7,11,9TTCgbPd+8AYXGvTNaXgHoDaorc=,YZM7aiIOJi7HJUwte3KDzZ2HZEA=
-6,6,9TTCgbPd+8AYXGvTNaXgHoDaorc=,YZM7aiIOJi7HJUwte3KDzZ2HZEA=
-4,7,9TTCgbPd+8AYXGvTNaXgHoDaorc=,YZM7aiIOJi7HJUwte3KDzZ2HZEA=
-11,8,9TTCgbPd+8AYXGvTNaXgHoDaorc=,YZM7aiIOJi7HJUwte3KDzZ2HZEA=
-8,7,9TTCgbPd+8AYXGvTNaXgHoDaorc=,YZM7aiIOJi7HJUwte3KDzZ2HZEA=
-5,7,9TTCgbPd+8AYXGvTNaXgHoDaorc=,YZM7aiIOJi7HJUwte3KDzZ2HZEA=
-3,7,9TTCgbPd+8AYXGvTNaXgHoDaorc=,YZM7aiIOJi7HJUwte3KDzZ2HZEA=
-9,7,9TTCgbPd+8AYXGvTNaXgHoDaorc=,YZM7aiIOJi7HJUwte3KDzZ2HZEA=
-12,9,9TTCgbPd+8AYXGvTNaXgHoDaorc=,YZM7aiIOJi7HJUwte3KDzZ2HZEA=
-10,7,9TTCgbPd+8AYXGvTNaXgHoDaorc=,YZM7aiIOJi7HJUwte3KDzZ2HZEA=
-7,7,9TTCgbPd+8AYXGvTNaXgHoDaorc=,YZM7aiIOJi7HJUwte3KDzZ2HZEA=
-2,8,9TTCgbPd+8AYXGvTNaXgHoDaorc=,YZM7aiIOJi7HJUwte3KDzZ2HZEA=
-16,6,9TTCgbPd+8AYXGvTNaXgHoDaorc=,YZM7aiIOJi7HJUwte3KDzZ2HZEA=
-5,6,9TTCgbPd+8AYXGvTNaXgHoDaorc=,YZM7aiIOJi7HJUwte3KDzZ2HZEA=
-11,7,9TTCgbPd+8AYXGvTNaXgHoDaorc=,YZM7aiIOJi7HJUwte3KDzZ2HZEA=
-1,5,9TTCgbPd+8AYXGvTNaXgHoDaorc=,YZM7aiIOJi7HJUwte3KDzZ2HZEA=
-15,6,9TTCgbPd+8AYXGvTNaXgHoDaorc=,YZM7aiIOJi7HJUwte3KDzZ2HZEA=
-2,5,9TTCgbPd+8AYXGvTNaXgHoDaorc=,YZM7aiIOJi7HJUwte3KDzZ2HZEA=
-3,5,9TTCgbPd+8AYXGvTNaXgHoDaorc=,YZM7aiIOJi7HJUwte3KDzZ2HZEA=
-7,0,9TTCgbPd+8AYXGvTNaXgHoDaorc=,YZM7aiIOJi7HJUwte3KDzZ2HZEA=
-4,5,9TTCgbPd+8AYXGvTNaXgHoDaorc=,YZM7aiIOJi7HJUwte3KDzZ2HZEA=
-5,5,9TTCgbPd+8AYXGvTNaXgHoDaorc=,YZM7aiIOJi7HJUwte3KDzZ2HZEA=
-8,3,9TTCgbPd+8AYXGvTNaXgHoDaorc=,YZM7aiIOJi7HJUwte3KDzZ2HZEA=
-6,5,9TTCgbPd+8AYXGvTNaXgHoDaorc=,YZM7aiIOJi7HJUwte3KDzZ2HZEA=
-4,6,9TTCgbPd+8AYXGvTNaXgHoDaorc=,YZM7aiIOJi7HJUwte3KDzZ2HZEA=
-13,7,9TTCgbPd+8AYXGvTNaXgHoDaorc=,YZM7aiIOJi7HJUwte3KDzZ2HZEA=
-1,6,9TTCgbPd+8AYXGvTNaXgHoDaorc=,YZM7aiIOJi7HJUwte3KDzZ2HZEA=
-14,7,9TTCgbPd+8AYXGvTNaXgHoDaorc=,YZM7aiIOJi7HJUwte3KDzZ2HZEA=
-7,6,9TTCgbPd+8AYXGvTNaXgHoDaorc=,YZM7aiIOJi7HJUwte3KDzZ2HZEA=
-11,5,9TTCgbPd+8AYXGvTNaXgHoDaorc=,YZM7aiIOJi7HJUwte3KDzZ2HZEA=
-14,5,9TTCgbPd+8AYXGvTNaXgHoDaorc=,YZM7aiIOJi7HJUwte3KDzZ2HZEA=
-16,5,9TTCgbPd+8AYXGvTNaXgHoDaorc=,YZM7aiIOJi7HJUwte3KDzZ2HZEA=
-1,4,9TTCgbPd+8AYXGvTNaXgHoDaorc=,YZM7aiIOJi7HJUwte3KDzZ2HZEA=
-1,9,9TTCgbPd+8AYXGvTNaXgHoDaorc=,YZM7aiIOJi7HJUwte3KDzZ2HZEA=
-15,5,9TTCgbPd+8AYXGvTNaXgHoDaorc=,YZM7aiIOJi7HJUwte3KDzZ2HZEA=
-8,6,9TTCgbPd+8AYXGvTNaXgHoDaorc=,YZM7aiIOJi7HJUwte3KDzZ2HZEA=
-2,4,9TTCgbPd+8AYXGvTNaXgHoDaorc=,YZM7aiIOJi7HJUwte3KDzZ2HZEA=
-4,4,9TTCgbPd+8AYXGvTNaXgHoDaorc=,YZM7aiIOJi7HJUwte3KDzZ2HZEA=
-9,6,9TTCgbPd+8AYXGvTNaXgHoDaorc=,YZM7aiIOJi7HJUwte3KDzZ2HZEA=
-11,6,9TTCgbPd+8AYXGvTNaXgHoDaorc=,YZM7aiIOJi7HJUwte3KDzZ2HZEA=
-2,7,9TTCgbPd+8AYXGvTNaXgHoDaorc=,YZM7aiIOJi7HJUwte3KDzZ2HZEA=
-1,7,9TTCgbPd+8AYXGvTNaXgHoDaorc=,YZM7aiIOJi7HJUwte3KDzZ2HZEA=
-12,2,9TTCgbPd+8AYXGvTNaXgHoDaorc=,YZM7aiIOJi7HJUwte3KDzZ2HZEA=
-11,4,9TTCgbPd+8AYXGvTNaXgHoDaorc=,YZM7aiIOJi7HJUwte3KDzZ2HZEA=
-14,4,9TTCgbPd+8AYXGvTNaXgHoDaorc=,YZM7aiIOJi7HJUwte3KDzZ2HZEA=
-3,4,9TTCgbPd+8AYXGvTNaXgHoDaorc=,YZM7aiIOJi7HJUwte3KDzZ2HZEA=
-13,5,9TTCgbPd+8AYXGvTNaXgHoDaorc=,YZM7aiIOJi7HJUwte3KDzZ2HZEA=
-11,0,9TTCgbPd+8AYXGvTNaXgHoDaorc=,YZM7aiIOJi7HJUwte3KDzZ2HZEA=
-16,0,9TTCgbPd+8AYXGvTNaXgHoDaorc=,YZM7aiIOJi7HJUwte3KDzZ2HZEA=
-15,4,9TTCgbPd+8AYXGvTNaXgHoDaorc=,YZM7aiIOJi7HJUwte3KDzZ2HZEA=
-16,4,9TTCgbPd+8AYXGvTNaXgHoDaorc=,YZM7aiIOJi7HJUwte3KDzZ2HZEA=
-1,3,9TTCgbPd+8AYXGvTNaXgHoDaorc=,YZM7aiIOJi7HJUwte3KDzZ2HZEA=
-2,3,9TTCgbPd+8AYXGvTNaXgHoDaorc=,YZM7aiIOJi7HJUwte3KDzZ2HZEA=
-14,2,9TTCgbPd+8AYXGvTNaXgHoDaorc=,YZM7aiIOJi7HJUwte3KDzZ2HZEA=
-14,6,9TTCgbPd+8AYXGvTNaXgHoDaorc=,YZM7aiIOJi7HJUwte3KDzZ2HZEA=
-3,6,9TTCgbPd+8AYXGvTNaXgHoDaorc=,YZM7aiIOJi7HJUwte3KDzZ2HZEA=
-3,3,9TTCgbPd+8AYXGvTNaXgHoDaorc=,YZM7aiIOJi7HJUwte3KDzZ2HZEA=
-4,3,9TTCgbPd+8AYXGvTNaXgHoDaorc=,YZM7aiIOJi7HJUwte3KDzZ2HZEA=
-5,3,9TTCgbPd+8AYXGvTNaXgHoDaorc=,YZM7aiIOJi7HJUwte3KDzZ2HZEA=
-7,5,9TTCgbPd+8AYXGvTNaXgHoDaorc=,YZM7aiIOJi7HJUwte3KDzZ2HZEA=
-13,4,9TTCgbPd+8AYXGvTNaXgHoDaorc=,YZM7aiIOJi7HJUwte3KDzZ2HZEA=
-5,4,9TTCgbPd+8AYXGvTNaXgHoDaorc=,YZM7aiIOJi7HJUwte3KDzZ2HZEA=
-10,6,9TTCgbPd+8AYXGvTNaXgHoDaorc=,YZM7aiIOJi7HJUwte3KDzZ2HZEA=
-13,2,9TTCgbPd+8AYXGvTNaXgHoDaorc=,YZM7aiIOJi7HJUwte3KDzZ2HZEA=
-6,3,9TTCgbPd+8AYXGvTNaXgHoDaorc=,YZM7aiIOJi7HJUwte3KDzZ2HZEA=
-6,4,9TTCgbPd+8AYXGvTNaXgHoDaorc=,YZM7aiIOJi7HJUwte3KDzZ2HZEA=
-7,3,9TTCgbPd+8AYXGvTNaXgHoDaorc=,YZM7aiIOJi7HJUwte3KDzZ2HZEA=
-2,6,9TTCgbPd+8AYXGvTNaXgHoDaorc=,YZM7aiIOJi7HJUwte3KDzZ2HZEA=
-9,0,9TTCgbPd+8AYXGvTNaXgHoDaorc=,YZM7aiIOJi7HJUwte3KDzZ2HZEA=
-12,6,9TTCgbPd+8AYXGvTNaXgHoDaorc=,YZM7aiIOJi7HJUwte3KDzZ2HZEA=
-9,5,9TTCgbPd+8AYXGvTNaXgHoDaorc=,YZM7aiIOJi7HJUwte3KDzZ2HZEA=
-10,5,9TTCgbPd+8AYXGvTNaXgHoDaorc=,YZM7aiIOJi7HJUwte3KDzZ2HZEA=
-12,5,9TTCgbPd+8AYXGvTNaXgHoDaorc=,YZM7aiIOJi7HJUwte3KDzZ2HZEA=
-12,7,9TTCgbPd+8AYXGvTNaXgHoDaorc=,YZM7aiIOJi7HJUwte3KDzZ2HZEA=
-8,0,9TTCgbPd+8AYXGvTNaXgHoDaorc=,YZM7aiIOJi7HJUwte3KDzZ2HZEA=
-13,6,9TTCgbPd+8AYXGvTNaXgHoDaorc=,YZM7aiIOJi7HJUwte3KDzZ2HZEA=
-8,4,9TTCgbPd+8AYXGvTNaXgHoDaorc=,YZM7aiIOJi7HJUwte3KDzZ2HZEA=
-10,0,9TTCgbPd+8AYXGvTNaXgHoDaorc=,YZM7aiIOJi7HJUwte3KDzZ2HZEA=
-7,4,9TTCgbPd+8AYXGvTNaXgHoDaorc=,YZM7aiIOJi7HJUwte3KDzZ2HZEA=
-8,5,9TTCgbPd+8AYXGvTNaXgHoDaorc=,YZM7aiIOJi7HJUwte3KDzZ2HZEA=
-9,4,9TTCgbPd+8AYXGvTNaXgHoDaorc=,YZM7aiIOJi7HJUwte3KDzZ2HZEA=
-10,4,9TTCgbPd+8AYXGvTNaXgHoDaorc=,YZM7aiIOJi7HJUwte3KDzZ2HZEA=
-12,4,9TTCgbPd+8AYXGvTNaXgHoDaorc=,YZM7aiIOJi7HJUwte3KDzZ2HZEA=
-29,0,g8PNjE9hFheENRM8LXmS/lyVgEU=,L2G+VMh9p+oAP1tVi4CqPDaGaEo=
-20,15,g8PNjE9hFheENRM8LXmS/lyVgEU=,L2G+VMh9p+oAP1tVi4CqPDaGaEo=
-28,15,g8PNjE9hFheENRM8LXmS/lyVgEU=,L2G+VMh9p+oAP1tVi4CqPDaGaEo=
-29,15,g8PNjE9hFheENRM8LXmS/lyVgEU=,L2G+VMh9p+oAP1tVi4CqPDaGaEo=
-30,15,g8PNjE9hFheENRM8LXmS/lyVgEU=,L2G+VMh9p+oAP1tVi4CqPDaGaEo=
-31,15,g8PNjE9hFheENRM8LXmS/lyVgEU=,L2G+VMh9p+oAP1tVi4CqPDaGaEo=
-18,15,g8PNjE9hFheENRM8LXmS/lyVgEU=,L2G+VMh9p+oAP1tVi4CqPDaGaEo=
-25,1,g8PNjE9hFheENRM8LXmS/lyVgEU=,L2G+VMh9p+oAP1tVi4CqPDaGaEo=
-26,1,g8PNjE9hFheENRM8LXmS/lyVgEU=,L2G+VMh9p+oAP1tVi4CqPDaGaEo=
-27,1,g8PNjE9hFheENRM8LXmS/lyVgEU=,L2G+VMh9p+oAP1tVi4CqPDaGaEo=
-28,1,g8PNjE9hFheENRM8LXmS/lyVgEU=,L2G+VMh9p+oAP1tVi4CqPDaGaEo=
-29,1,g8PNjE9hFheENRM8LXmS/lyVgEU=,L2G+VMh9p+oAP1tVi4CqPDaGaEo=
-30,1,g8PNjE9hFheENRM8LXmS/lyVgEU=,L2G+VMh9p+oAP1tVi4CqPDaGaEo=
-31,1,g8PNjE9hFheENRM8LXmS/lyVgEU=,L2G+VMh9p+oAP1tVi4CqPDaGaEo=
-32,15,g8PNjE9hFheENRM8LXmS/lyVgEU=,L2G+VMh9p+oAP1tVi4CqPDaGaEo=
-30,0,g8PNjE9hFheENRM8LXmS/lyVgEU=,L2G+VMh9p+oAP1tVi4CqPDaGaEo=
-22,15,g8PNjE9hFheENRM8LXmS/lyVgEU=,L2G+VMh9p+oAP1tVi4CqPDaGaEo=
-17,15,g8PNjE9hFheENRM8LXmS/lyVgEU=,L2G+VMh9p+oAP1tVi4CqPDaGaEo=
-19,1,g8PNjE9hFheENRM8LXmS/lyVgEU=,L2G+VMh9p+oAP1tVi4CqPDaGaEo=
-19,15,g8PNjE9hFheENRM8LXmS/lyVgEU=,L2G+VMh9p+oAP1tVi4CqPDaGaEo=
-18,2,g8PNjE9hFheENRM8LXmS/lyVgEU=,L2G+VMh9p+oAP1tVi4CqPDaGaEo=
-27,15,g8PNjE9hFheENRM8LXmS/lyVgEU=,L2G+VMh9p+oAP1tVi4CqPDaGaEo=
-25,15,g8PNjE9hFheENRM8LXmS/lyVgEU=,L2G+VMh9p+oAP1tVi4CqPDaGaEo=
-17,14,g8PNjE9hFheENRM8LXmS/lyVgEU=,L2G+VMh9p+oAP1tVi4CqPDaGaEo=
-28,14,g8PNjE9hFheENRM8LXmS/lyVgEU=,L2G+VMh9p+oAP1tVi4CqPDaGaEo=
-18,14,g8PNjE9hFheENRM8LXmS/lyVgEU=,L2G+VMh9p+oAP1tVi4CqPDaGaEo=
-26,15,g8PNjE9hFheENRM8LXmS/lyVgEU=,L2G+VMh9p+oAP1tVi4CqPDaGaEo=
-24,1,g8PNjE9hFheENRM8LXmS/lyVgEU=,L2G+VMh9p+oAP1tVi4CqPDaGaEo=
-23,1,g8PNjE9hFheENRM8LXmS/lyVgEU=,L2G+VMh9p+oAP1tVi4CqPDaGaEo=
-29,14,g8PNjE9hFheENRM8LXmS/lyVgEU=,L2G+VMh9p+oAP1tVi4CqPDaGaEo=
-30,14,g8PNjE9hFheENRM8LXmS/lyVgEU=,L2G+VMh9p+oAP1tVi4CqPDaGaEo=
-31,14,g8PNjE9hFheENRM8LXmS/lyVgEU=,L2G+VMh9p+oAP1tVi4CqPDaGaEo=
-32,14,g8PNjE9hFheENRM8LXmS/lyVgEU=,L2G+VMh9p+oAP1tVi4CqPDaGaEo=
-18,1,g8PNjE9hFheENRM8LXmS/lyVgEU=,L2G+VMh9p+oAP1tVi4CqPDaGaEo=
-32,1,g8PNjE9hFheENRM8LXmS/lyVgEU=,L2G+VMh9p+oAP1tVi4CqPDaGaEo=
-19,2,g8PNjE9hFheENRM8LXmS/lyVgEU=,L2G+VMh9p+oAP1tVi4CqPDaGaEo=
-20,2,g8PNjE9hFheENRM8LXmS/lyVgEU=,L2G+VMh9p+oAP1tVi4CqPDaGaEo=
-17,1,g8PNjE9hFheENRM8LXmS/lyVgEU=,L2G+VMh9p+oAP1tVi4CqPDaGaEo=
-24,15,g8PNjE9hFheENRM8LXmS/lyVgEU=,L2G+VMh9p+oAP1tVi4CqPDaGaEo=
-20,14,g8PNjE9hFheENRM8LXmS/lyVgEU=,L2G+VMh9p+oAP1tVi4CqPDaGaEo=
-21,1,g8PNjE9hFheENRM8LXmS/lyVgEU=,L2G+VMh9p+oAP1tVi4CqPDaGaEo=
-21,15,g8PNjE9hFheENRM8LXmS/lyVgEU=,L2G+VMh9p+oAP1tVi4CqPDaGaEo=
-19,14,g8PNjE9hFheENRM8LXmS/lyVgEU=,L2G+VMh9p+oAP1tVi4CqPDaGaEo=
-21,14,g8PNjE9hFheENRM8LXmS/lyVgEU=,L2G+VMh9p+oAP1tVi4CqPDaGaEo=
-27,14,g8PNjE9hFheENRM8LXmS/lyVgEU=,L2G+VMh9p+oAP1tVi4CqPDaGaEo=
-22,1,g8PNjE9hFheENRM8LXmS/lyVgEU=,L2G+VMh9p+oAP1tVi4CqPDaGaEo=
-30,13,g8PNjE9hFheENRM8LXmS/lyVgEU=,L2G+VMh9p+oAP1tVi4CqPDaGaEo=
-31,13,g8PNjE9hFheENRM8LXmS/lyVgEU=,L2G+VMh9p+oAP1tVi4CqPDaGaEo=
-22,14,g8PNjE9hFheENRM8LXmS/lyVgEU=,L2G+VMh9p+oAP1tVi4CqPDaGaEo=
-31,0,g8PNjE9hFheENRM8LXmS/lyVgEU=,L2G+VMh9p+oAP1tVi4CqPDaGaEo=
-32,13,g8PNjE9hFheENRM8LXmS/lyVgEU=,L2G+VMh9p+oAP1tVi4CqPDaGaEo=
-25,14,g8PNjE9hFheENRM8LXmS/lyVgEU=,L2G+VMh9p+oAP1tVi4CqPDaGaEo=
-24,14,g8PNjE9hFheENRM8LXmS/lyVgEU=,L2G+VMh9p+oAP1tVi4CqPDaGaEo=
-17,13,g8PNjE9hFheENRM8LXmS/lyVgEU=,L2G+VMh9p+oAP1tVi4CqPDaGaEo=
-17,2,g8PNjE9hFheENRM8LXmS/lyVgEU=,L2G+VMh9p+oAP1tVi4CqPDaGaEo=
-20,1,g8PNjE9hFheENRM8LXmS/lyVgEU=,L2G+VMh9p+oAP1tVi4CqPDaGaEo=
-20,13,g8PNjE9hFheENRM8LXmS/lyVgEU=,L2G+VMh9p+oAP1tVi4CqPDaGaEo=
-17,0,g8PNjE9hFheENRM8LXmS/lyVgEU=,L2G+VMh9p+oAP1tVi4CqPDaGaEo=
-26,14,g8PNjE9hFheENRM8LXmS/lyVgEU=,L2G+VMh9p+oAP1tVi4CqPDaGaEo=
-28,13,g8PNjE9hFheENRM8LXmS/lyVgEU=,L2G+VMh9p+oAP1tVi4CqPDaGaEo=
-24,13,g8PNjE9hFheENRM8LXmS/lyVgEU=,L2G+VMh9p+oAP1tVi4CqPDaGaEo=
-25,13,g8PNjE9hFheENRM8LXmS/lyVgEU=,L2G+VMh9p+oAP1tVi4CqPDaGaEo=
-19,13,g8PNjE9hFheENRM8LXmS/lyVgEU=,L2G+VMh9p+oAP1tVi4CqPDaGaEo=
-29,13,g8PNjE9hFheENRM8LXmS/lyVgEU=,L2G+VMh9p+oAP1tVi4CqPDaGaEo=
-18,13,g8PNjE9hFheENRM8LXmS/lyVgEU=,L2G+VMh9p+oAP1tVi4CqPDaGaEo=
-27,13,g8PNjE9hFheENRM8LXmS/lyVgEU=,L2G+VMh9p+oAP1tVi4CqPDaGaEo=
-21,13,g8PNjE9hFheENRM8LXmS/lyVgEU=,L2G+VMh9p+oAP1tVi4CqPDaGaEo=
-18,12,g8PNjE9hFheENRM8LXmS/lyVgEU=,L2G+VMh9p+oAP1tVi4CqPDaGaEo=
-32,12,g8PNjE9hFheENRM8LXmS/lyVgEU=,L2G+VMh9p+oAP1tVi4CqPDaGaEo=
-31,12,g8PNjE9hFheENRM8LXmS/lyVgEU=,L2G+VMh9p+oAP1tVi4CqPDaGaEo=
-26,13,g8PNjE9hFheENRM8LXmS/lyVgEU=,L2G+VMh9p+oAP1tVi4CqPDaGaEo=
-21,2,g8PNjE9hFheENRM8LXmS/lyVgEU=,L2G+VMh9p+oAP1tVi4CqPDaGaEo=
-22,13,g8PNjE9hFheENRM8LXmS/lyVgEU=,L2G+VMh9p+oAP1tVi4CqPDaGaEo=
-21,12,g8PNjE9hFheENRM8LXmS/lyVgEU=,L2G+VMh9p+oAP1tVi4CqPDaGaEo=
-19,12,g8PNjE9hFheENRM8LXmS/lyVgEU=,L2G+VMh9p+oAP1tVi4CqPDaGaEo=
-17,12,g8PNjE9hFheENRM8LXmS/lyVgEU=,L2G+VMh9p+oAP1tVi4CqPDaGaEo=
-22,2,g8PNjE9hFheENRM8LXmS/lyVgEU=,L2G+VMh9p+oAP1tVi4CqPDaGaEo=
-20,12,g8PNjE9hFheENRM8LXmS/lyVgEU=,L2G+VMh9p+oAP1tVi4CqPDaGaEo=
-24,12,g8PNjE9hFheENRM8LXmS/lyVgEU=,L2G+VMh9p+oAP1tVi4CqPDaGaEo=
-32,3,g8PNjE9hFheENRM8LXmS/lyVgEU=,L2G+VMh9p+oAP1tVi4CqPDaGaEo=
-17,11,g8PNjE9hFheENRM8LXmS/lyVgEU=,L2G+VMh9p+oAP1tVi4CqPDaGaEo=
-18,0,g8PNjE9hFheENRM8LXmS/lyVgEU=,L2G+VMh9p+oAP1tVi4CqPDaGaEo=
-22,12,g8PNjE9hFheENRM8LXmS/lyVgEU=,L2G+VMh9p+oAP1tVi4CqPDaGaEo=
-29,12,g8PNjE9hFheENRM8LXmS/lyVgEU=,L2G+VMh9p+oAP1tVi4CqPDaGaEo=
-28,12,g8PNjE9hFheENRM8LXmS/lyVgEU=,L2G+VMh9p+oAP1tVi4CqPDaGaEo=
-26,12,g8PNjE9hFheENRM8LXmS/lyVgEU=,L2G+VMh9p+oAP1tVi4CqPDaGaEo=
-19,0,g8PNjE9hFheENRM8LXmS/lyVgEU=,L2G+VMh9p+oAP1tVi4CqPDaGaEo=
-21,11,g8PNjE9hFheENRM8LXmS/lyVgEU=,L2G+VMh9p+oAP1tVi4CqPDaGaEo=
-32,11,g8PNjE9hFheENRM8LXmS/lyVgEU=,L2G+VMh9p+oAP1tVi4CqPDaGaEo=
-19,11,g8PNjE9hFheENRM8LXmS/lyVgEU=,L2G+VMh9p+oAP1tVi4CqPDaGaEo=
-25,12,g8PNjE9hFheENRM8LXmS/lyVgEU=,L2G+VMh9p+oAP1tVi4CqPDaGaEo=
-18,11,g8PNjE9hFheENRM8LXmS/lyVgEU=,L2G+VMh9p+oAP1tVi4CqPDaGaEo=
-20,11,g8PNjE9hFheENRM8LXmS/lyVgEU=,L2G+VMh9p+oAP1tVi4CqPDaGaEo=
-27,12,g8PNjE9hFheENRM8LXmS/lyVgEU=,L2G+VMh9p+oAP1tVi4CqPDaGaEo=
-30,12,g8PNjE9hFheENRM8LXmS/lyVgEU=,L2G+VMh9p+oAP1tVi4CqPDaGaEo=
-23,2,g8PNjE9hFheENRM8LXmS/lyVgEU=,L2G+VMh9p+oAP1tVi4CqPDaGaEo=
-22,11,g8PNjE9hFheENRM8LXmS/lyVgEU=,L2G+VMh9p+oAP1tVi4CqPDaGaEo=
-25,11,g8PNjE9hFheENRM8LXmS/lyVgEU=,L2G+VMh9p+oAP1tVi4CqPDaGaEo=
-26,11,g8PNjE9hFheENRM8LXmS/lyVgEU=,L2G+VMh9p+oAP1tVi4CqPDaGaEo=
-31,11,g8PNjE9hFheENRM8LXmS/lyVgEU=,L2G+VMh9p+oAP1tVi4CqPDaGaEo=
-31,3,g8PNjE9hFheENRM8LXmS/lyVgEU=,L2G+VMh9p+oAP1tVi4CqPDaGaEo=
-24,11,g8PNjE9hFheENRM8LXmS/lyVgEU=,L2G+VMh9p+oAP1tVi4CqPDaGaEo=
-17,10,g8PNjE9hFheENRM8LXmS/lyVgEU=,L2G+VMh9p+oAP1tVi4CqPDaGaEo=
-28,11,g8PNjE9hFheENRM8LXmS/lyVgEU=,L2G+VMh9p+oAP1tVi4CqPDaGaEo=
-29,11,g8PNjE9hFheENRM8LXmS/lyVgEU=,L2G+VMh9p+oAP1tVi4CqPDaGaEo=
-27,11,g8PNjE9hFheENRM8LXmS/lyVgEU=,L2G+VMh9p+oAP1tVi4CqPDaGaEo=
-30,11,g8PNjE9hFheENRM8LXmS/lyVgEU=,L2G+VMh9p+oAP1tVi4CqPDaGaEo=
-18,10,g8PNjE9hFheENRM8LXmS/lyVgEU=,L2G+VMh9p+oAP1tVi4CqPDaGaEo=
-32,10,g8PNjE9hFheENRM8LXmS/lyVgEU=,L2G+VMh9p+oAP1tVi4CqPDaGaEo=
-24,2,g8PNjE9hFheENRM8LXmS/lyVgEU=,L2G+VMh9p+oAP1tVi4CqPDaGaEo=
-25,10,g8PNjE9hFheENRM8LXmS/lyVgEU=,L2G+VMh9p+oAP1tVi4CqPDaGaEo=
-19,10,g8PNjE9hFheENRM8LXmS/lyVgEU=,L2G+VMh9p+oAP1tVi4CqPDaGaEo=
-21,10,g8PNjE9hFheENRM8LXmS/lyVgEU=,L2G+VMh9p+oAP1tVi4CqPDaGaEo=
-26,10,g8PNjE9hFheENRM8LXmS/lyVgEU=,L2G+VMh9p+oAP1tVi4CqPDaGaEo=
-20,10,g8PNjE9hFheENRM8LXmS/lyVgEU=,L2G+VMh9p+oAP1tVi4CqPDaGaEo=
-20,0,g8PNjE9hFheENRM8LXmS/lyVgEU=,L2G+VMh9p+oAP1tVi4CqPDaGaEo=
-24,10,g8PNjE9hFheENRM8LXmS/lyVgEU=,L2G+VMh9p+oAP1tVi4CqPDaGaEo=
-23,14,g8PNjE9hFheENRM8LXmS/lyVgEU=,L2G+VMh9p+oAP1tVi4CqPDaGaEo=
-28,10,g8PNjE9hFheENRM8LXmS/lyVgEU=,L2G+VMh9p+oAP1tVi4CqPDaGaEo=
-30,3,g8PNjE9hFheENRM8LXmS/lyVgEU=,L2G+VMh9p+oAP1tVi4CqPDaGaEo=
-32,2,g8PNjE9hFheENRM8LXmS/lyVgEU=,L2G+VMh9p+oAP1tVi4CqPDaGaEo=
-27,10,g8PNjE9hFheENRM8LXmS/lyVgEU=,L2G+VMh9p+oAP1tVi4CqPDaGaEo=
-19,9,g8PNjE9hFheENRM8LXmS/lyVgEU=,L2G+VMh9p+oAP1tVi4CqPDaGaEo=
-22,10,g8PNjE9hFheENRM8LXmS/lyVgEU=,L2G+VMh9p+oAP1tVi4CqPDaGaEo=
-29,10,g8PNjE9hFheENRM8LXmS/lyVgEU=,L2G+VMh9p+oAP1tVi4CqPDaGaEo=
-31,10,g8PNjE9hFheENRM8LXmS/lyVgEU=,L2G+VMh9p+oAP1tVi4CqPDaGaEo=
-30,10,g8PNjE9hFheENRM8LXmS/lyVgEU=,L2G+VMh9p+oAP1tVi4CqPDaGaEo=
-18,9,g8PNjE9hFheENRM8LXmS/lyVgEU=,L2G+VMh9p+oAP1tVi4CqPDaGaEo=
-32,9,g8PNjE9hFheENRM8LXmS/lyVgEU=,L2G+VMh9p+oAP1tVi4CqPDaGaEo=
-17,9,g8PNjE9hFheENRM8LXmS/lyVgEU=,L2G+VMh9p+oAP1tVi4CqPDaGaEo=
-20,9,g8PNjE9hFheENRM8LXmS/lyVgEU=,L2G+VMh9p+oAP1tVi4CqPDaGaEo=
-22,9,g8PNjE9hFheENRM8LXmS/lyVgEU=,L2G+VMh9p+oAP1tVi4CqPDaGaEo=
-21,9,g8PNjE9hFheENRM8LXmS/lyVgEU=,L2G+VMh9p+oAP1tVi4CqPDaGaEo=
-26,9,g8PNjE9hFheENRM8LXmS/lyVgEU=,L2G+VMh9p+oAP1tVi4CqPDaGaEo=
-24,9,g8PNjE9hFheENRM8LXmS/lyVgEU=,L2G+VMh9p+oAP1tVi4CqPDaGaEo=
-25,9,g8PNjE9hFheENRM8LXmS/lyVgEU=,L2G+VMh9p+oAP1tVi4CqPDaGaEo=
-28,9,g8PNjE9hFheENRM8LXmS/lyVgEU=,L2G+VMh9p+oAP1tVi4CqPDaGaEo=
-29,3,g8PNjE9hFheENRM8LXmS/lyVgEU=,L2G+VMh9p+oAP1tVi4CqPDaGaEo=
-21,0,g8PNjE9hFheENRM8LXmS/lyVgEU=,L2G+VMh9p+oAP1tVi4CqPDaGaEo=
-28,0,g8PNjE9hFheENRM8LXmS/lyVgEU=,L2G+VMh9p+oAP1tVi4CqPDaGaEo=
-23,12,g8PNjE9hFheENRM8LXmS/lyVgEU=,L2G+VMh9p+oAP1tVi4CqPDaGaEo=
-20,8,g8PNjE9hFheENRM8LXmS/lyVgEU=,L2G+VMh9p+oAP1tVi4CqPDaGaEo=
-29,9,g8PNjE9hFheENRM8LXmS/lyVgEU=,L2G+VMh9p+oAP1tVi4CqPDaGaEo=
-30,9,g8PNjE9hFheENRM8LXmS/lyVgEU=,L2G+VMh9p+oAP1tVi4CqPDaGaEo=
-26,2,g8PNjE9hFheENRM8LXmS/lyVgEU=,L2G+VMh9p+oAP1tVi4CqPDaGaEo=
-22,8,g8PNjE9hFheENRM8LXmS/lyVgEU=,L2G+VMh9p+oAP1tVi4CqPDaGaEo=
-18,8,g8PNjE9hFheENRM8LXmS/lyVgEU=,L2G+VMh9p+oAP1tVi4CqPDaGaEo=
-21,8,g8PNjE9hFheENRM8LXmS/lyVgEU=,L2G+VMh9p+oAP1tVi4CqPDaGaEo=
-31,9,g8PNjE9hFheENRM8LXmS/lyVgEU=,L2G+VMh9p+oAP1tVi4CqPDaGaEo=
-19,8,g8PNjE9hFheENRM8LXmS/lyVgEU=,L2G+VMh9p+oAP1tVi4CqPDaGaEo=
-17,8,g8PNjE9hFheENRM8LXmS/lyVgEU=,L2G+VMh9p+oAP1tVi4CqPDaGaEo=
-27,9,g8PNjE9hFheENRM8LXmS/lyVgEU=,L2G+VMh9p+oAP1tVi4CqPDaGaEo=
-25,2,g8PNjE9hFheENRM8LXmS/lyVgEU=,L2G+VMh9p+oAP1tVi4CqPDaGaEo=
-26,8,g8PNjE9hFheENRM8LXmS/lyVgEU=,L2G+VMh9p+oAP1tVi4CqPDaGaEo=
-24,8,g8PNjE9hFheENRM8LXmS/lyVgEU=,L2G+VMh9p+oAP1tVi4CqPDaGaEo=
-27,8,g8PNjE9hFheENRM8LXmS/lyVgEU=,L2G+VMh9p+oAP1tVi4CqPDaGaEo=
-29,8,g8PNjE9hFheENRM8LXmS/lyVgEU=,L2G+VMh9p+oAP1tVi4CqPDaGaEo=
-23,0,g8PNjE9hFheENRM8LXmS/lyVgEU=,L2G+VMh9p+oAP1tVi4CqPDaGaEo=
-25,8,g8PNjE9hFheENRM8LXmS/lyVgEU=,L2G+VMh9p+oAP1tVi4CqPDaGaEo=
-27,2,g8PNjE9hFheENRM8LXmS/lyVgEU=,L2G+VMh9p+oAP1tVi4CqPDaGaEo=
-22,0,g8PNjE9hFheENRM8LXmS/lyVgEU=,L2G+VMh9p+oAP1tVi4CqPDaGaEo=
-31,8,g8PNjE9hFheENRM8LXmS/lyVgEU=,L2G+VMh9p+oAP1tVi4CqPDaGaEo=
-23,13,g8PNjE9hFheENRM8LXmS/lyVgEU=,L2G+VMh9p+oAP1tVi4CqPDaGaEo=
-23,11,g8PNjE9hFheENRM8LXmS/lyVgEU=,L2G+VMh9p+oAP1tVi4CqPDaGaEo=
-28,8,g8PNjE9hFheENRM8LXmS/lyVgEU=,L2G+VMh9p+oAP1tVi4CqPDaGaEo=
-28,3,g8PNjE9hFheENRM8LXmS/lyVgEU=,L2G+VMh9p+oAP1tVi4CqPDaGaEo=
-32,8,g8PNjE9hFheENRM8LXmS/lyVgEU=,L2G+VMh9p+oAP1tVi4CqPDaGaEo=
-17,7,g8PNjE9hFheENRM8LXmS/lyVgEU=,L2G+VMh9p+oAP1tVi4CqPDaGaEo=
-25,7,g8PNjE9hFheENRM8LXmS/lyVgEU=,L2G+VMh9p+oAP1tVi4CqPDaGaEo=
-18,7,g8PNjE9hFheENRM8LXmS/lyVgEU=,L2G+VMh9p+oAP1tVi4CqPDaGaEo=
-30,8,g8PNjE9hFheENRM8LXmS/lyVgEU=,L2G+VMh9p+oAP1tVi4CqPDaGaEo=
-24,7,g8PNjE9hFheENRM8LXmS/lyVgEU=,L2G+VMh9p+oAP1tVi4CqPDaGaEo=
-20,7,g8PNjE9hFheENRM8LXmS/lyVgEU=,L2G+VMh9p+oAP1tVi4CqPDaGaEo=
-21,7,g8PNjE9hFheENRM8LXmS/lyVgEU=,L2G+VMh9p+oAP1tVi4CqPDaGaEo=
-26,7,g8PNjE9hFheENRM8LXmS/lyVgEU=,L2G+VMh9p+oAP1tVi4CqPDaGaEo=
-19,7,g8PNjE9hFheENRM8LXmS/lyVgEU=,L2G+VMh9p+oAP1tVi4CqPDaGaEo=
-28,7,g8PNjE9hFheENRM8LXmS/lyVgEU=,L2G+VMh9p+oAP1tVi4CqPDaGaEo=
-24,0,g8PNjE9hFheENRM8LXmS/lyVgEU=,L2G+VMh9p+oAP1tVi4CqPDaGaEo=
-31,7,g8PNjE9hFheENRM8LXmS/lyVgEU=,L2G+VMh9p+oAP1tVi4CqPDaGaEo=
-27,7,g8PNjE9hFheENRM8LXmS/lyVgEU=,L2G+VMh9p+oAP1tVi4CqPDaGaEo=
-23,15,g8PNjE9hFheENRM8LXmS/lyVgEU=,L2G+VMh9p+oAP1tVi4CqPDaGaEo=
-29,7,g8PNjE9hFheENRM8LXmS/lyVgEU=,L2G+VMh9p+oAP1tVi4CqPDaGaEo=
-30,7,g8PNjE9hFheENRM8LXmS/lyVgEU=,L2G+VMh9p+oAP1tVi4CqPDaGaEo=
-28,2,g8PNjE9hFheENRM8LXmS/lyVgEU=,L2G+VMh9p+oAP1tVi4CqPDaGaEo=
-20,6,g8PNjE9hFheENRM8LXmS/lyVgEU=,L2G+VMh9p+oAP1tVi4CqPDaGaEo=
-21,6,g8PNjE9hFheENRM8LXmS/lyVgEU=,L2G+VMh9p+oAP1tVi4CqPDaGaEo=
-22,7,g8PNjE9hFheENRM8LXmS/lyVgEU=,L2G+VMh9p+oAP1tVi4CqPDaGaEo=
-18,6,g8PNjE9hFheENRM8LXmS/lyVgEU=,L2G+VMh9p+oAP1tVi4CqPDaGaEo=
-25,6,g8PNjE9hFheENRM8LXmS/lyVgEU=,L2G+VMh9p+oAP1tVi4CqPDaGaEo=
-27,3,g8PNjE9hFheENRM8LXmS/lyVgEU=,L2G+VMh9p+oAP1tVi4CqPDaGaEo=
-23,10,g8PNjE9hFheENRM8LXmS/lyVgEU=,L2G+VMh9p+oAP1tVi4CqPDaGaEo=
-17,6,g8PNjE9hFheENRM8LXmS/lyVgEU=,L2G+VMh9p+oAP1tVi4CqPDaGaEo=
-26,6,g8PNjE9hFheENRM8LXmS/lyVgEU=,L2G+VMh9p+oAP1tVi4CqPDaGaEo=
-32,7,g8PNjE9hFheENRM8LXmS/lyVgEU=,L2G+VMh9p+oAP1tVi4CqPDaGaEo=
-19,6,g8PNjE9hFheENRM8LXmS/lyVgEU=,L2G+VMh9p+oAP1tVi4CqPDaGaEo=
-24,6,g8PNjE9hFheENRM8LXmS/lyVgEU=,L2G+VMh9p+oAP1tVi4CqPDaGaEo=
-22,6,g8PNjE9hFheENRM8LXmS/lyVgEU=,L2G+VMh9p+oAP1tVi4CqPDaGaEo=
-19,5,g8PNjE9hFheENRM8LXmS/lyVgEU=,L2G+VMh9p+oAP1tVi4CqPDaGaEo=
-25,0,g8PNjE9hFheENRM8LXmS/lyVgEU=,L2G+VMh9p+oAP1tVi4CqPDaGaEo=
-17,5,g8PNjE9hFheENRM8LXmS/lyVgEU=,L2G+VMh9p+oAP1tVi4CqPDaGaEo=
-21,5,g8PNjE9hFheENRM8LXmS/lyVgEU=,L2G+VMh9p+oAP1tVi4CqPDaGaEo=
-28,6,g8PNjE9hFheENRM8LXmS/lyVgEU=,L2G+VMh9p+oAP1tVi4CqPDaGaEo=
-32,6,g8PNjE9hFheENRM8LXmS/lyVgEU=,L2G+VMh9p+oAP1tVi4CqPDaGaEo=
-22,5,g8PNjE9hFheENRM8LXmS/lyVgEU=,L2G+VMh9p+oAP1tVi4CqPDaGaEo=
-30,6,g8PNjE9hFheENRM8LXmS/lyVgEU=,L2G+VMh9p+oAP1tVi4CqPDaGaEo=
-31,6,g8PNjE9hFheENRM8LXmS/lyVgEU=,L2G+VMh9p+oAP1tVi4CqPDaGaEo=
-26,0,g8PNjE9hFheENRM8LXmS/lyVgEU=,L2G+VMh9p+oAP1tVi4CqPDaGaEo=
-27,6,g8PNjE9hFheENRM8LXmS/lyVgEU=,L2G+VMh9p+oAP1tVi4CqPDaGaEo=
-20,5,g8PNjE9hFheENRM8LXmS/lyVgEU=,L2G+VMh9p+oAP1tVi4CqPDaGaEo=
-23,9,g8PNjE9hFheENRM8LXmS/lyVgEU=,L2G+VMh9p+oAP1tVi4CqPDaGaEo=
-26,3,g8PNjE9hFheENRM8LXmS/lyVgEU=,L2G+VMh9p+oAP1tVi4CqPDaGaEo=
-29,6,g8PNjE9hFheENRM8LXmS/lyVgEU=,L2G+VMh9p+oAP1tVi4CqPDaGaEo=
-25,5,g8PNjE9hFheENRM8LXmS/lyVgEU=,L2G+VMh9p+oAP1tVi4CqPDaGaEo=
-26,5,g8PNjE9hFheENRM8LXmS/lyVgEU=,L2G+VMh9p+oAP1tVi4CqPDaGaEo=
-29,5,g8PNjE9hFheENRM8LXmS/lyVgEU=,L2G+VMh9p+oAP1tVi4CqPDaGaEo=
-18,5,g8PNjE9hFheENRM8LXmS/lyVgEU=,L2G+VMh9p+oAP1tVi4CqPDaGaEo=
-27,0,g8PNjE9hFheENRM8LXmS/lyVgEU=,L2G+VMh9p+oAP1tVi4CqPDaGaEo=
-28,5,g8PNjE9hFheENRM8LXmS/lyVgEU=,L2G+VMh9p+oAP1tVi4CqPDaGaEo=
-31,5,g8PNjE9hFheENRM8LXmS/lyVgEU=,L2G+VMh9p+oAP1tVi4CqPDaGaEo=
-27,5,g8PNjE9hFheENRM8LXmS/lyVgEU=,L2G+VMh9p+oAP1tVi4CqPDaGaEo=
-32,5,g8PNjE9hFheENRM8LXmS/lyVgEU=,L2G+VMh9p+oAP1tVi4CqPDaGaEo=
-24,5,g8PNjE9hFheENRM8LXmS/lyVgEU=,L2G+VMh9p+oAP1tVi4CqPDaGaEo=
-29,2,g8PNjE9hFheENRM8LXmS/lyVgEU=,L2G+VMh9p+oAP1tVi4CqPDaGaEo=
-32,0,g8PNjE9hFheENRM8LXmS/lyVgEU=,L2G+VMh9p+oAP1tVi4CqPDaGaEo=
-17,4,g8PNjE9hFheENRM8LXmS/lyVgEU=,L2G+VMh9p+oAP1tVi4CqPDaGaEo=
-22,4,g8PNjE9hFheENRM8LXmS/lyVgEU=,L2G+VMh9p+oAP1tVi4CqPDaGaEo=
-30,5,g8PNjE9hFheENRM8LXmS/lyVgEU=,L2G+VMh9p+oAP1tVi4CqPDaGaEo=
-23,5,g8PNjE9hFheENRM8LXmS/lyVgEU=,L2G+VMh9p+oAP1tVi4CqPDaGaEo=
-18,4,g8PNjE9hFheENRM8LXmS/lyVgEU=,L2G+VMh9p+oAP1tVi4CqPDaGaEo=
-23,8,g8PNjE9hFheENRM8LXmS/lyVgEU=,L2G+VMh9p+oAP1tVi4CqPDaGaEo=
-27,4,g8PNjE9hFheENRM8LXmS/lyVgEU=,L2G+VMh9p+oAP1tVi4CqPDaGaEo=
-19,4,g8PNjE9hFheENRM8LXmS/lyVgEU=,L2G+VMh9p+oAP1tVi4CqPDaGaEo=
-26,4,g8PNjE9hFheENRM8LXmS/lyVgEU=,L2G+VMh9p+oAP1tVi4CqPDaGaEo=
-30,4,g8PNjE9hFheENRM8LXmS/lyVgEU=,L2G+VMh9p+oAP1tVi4CqPDaGaEo=
-21,4,g8PNjE9hFheENRM8LXmS/lyVgEU=,L2G+VMh9p+oAP1tVi4CqPDaGaEo=
-30,2,g8PNjE9hFheENRM8LXmS/lyVgEU=,L2G+VMh9p+oAP1tVi4CqPDaGaEo=
-24,4,g8PNjE9hFheENRM8LXmS/lyVgEU=,L2G+VMh9p+oAP1tVi4CqPDaGaEo=
-25,3,g8PNjE9hFheENRM8LXmS/lyVgEU=,L2G+VMh9p+oAP1tVi4CqPDaGaEo=
-20,4,g8PNjE9hFheENRM8LXmS/lyVgEU=,L2G+VMh9p+oAP1tVi4CqPDaGaEo=
-25,4,g8PNjE9hFheENRM8LXmS/lyVgEU=,L2G+VMh9p+oAP1tVi4CqPDaGaEo=
-17,3,g8PNjE9hFheENRM8LXmS/lyVgEU=,L2G+VMh9p+oAP1tVi4CqPDaGaEo=
-23,4,g8PNjE9hFheENRM8LXmS/lyVgEU=,L2G+VMh9p+oAP1tVi4CqPDaGaEo=
-19,3,g8PNjE9hFheENRM8LXmS/lyVgEU=,L2G+VMh9p+oAP1tVi4CqPDaGaEo=
-29,4,g8PNjE9hFheENRM8LXmS/lyVgEU=,L2G+VMh9p+oAP1tVi4CqPDaGaEo=
-21,3,g8PNjE9hFheENRM8LXmS/lyVgEU=,L2G+VMh9p+oAP1tVi4CqPDaGaEo=
-31,2,g8PNjE9hFheENRM8LXmS/lyVgEU=,L2G+VMh9p+oAP1tVi4CqPDaGaEo=
-31,4,g8PNjE9hFheENRM8LXmS/lyVgEU=,L2G+VMh9p+oAP1tVi4CqPDaGaEo=
-24,3,g8PNjE9hFheENRM8LXmS/lyVgEU=,L2G+VMh9p+oAP1tVi4CqPDaGaEo=
-28,4,g8PNjE9hFheENRM8LXmS/lyVgEU=,L2G+VMh9p+oAP1tVi4CqPDaGaEo=
-18,3,g8PNjE9hFheENRM8LXmS/lyVgEU=,L2G+VMh9p+oAP1tVi4CqPDaGaEo=
-23,3,g8PNjE9hFheENRM8LXmS/lyVgEU=,L2G+VMh9p+oAP1tVi4CqPDaGaEo=
-32,4,g8PNjE9hFheENRM8LXmS/lyVgEU=,L2G+VMh9p+oAP1tVi4CqPDaGaEo=
-22,3,g8PNjE9hFheENRM8LXmS/lyVgEU=,L2G+VMh9p+oAP1tVi4CqPDaGaEo=
-20,3,g8PNjE9hFheENRM8LXmS/lyVgEU=,L2G+VMh9p+oAP1tVi4CqPDaGaEo=
-23,6,g8PNjE9hFheENRM8LXmS/lyVgEU=,L2G+VMh9p+oAP1tVi4CqPDaGaEo=
-23,7,g8PNjE9hFheENRM8LXmS/lyVgEU=,L2G+VMh9p+oAP1tVi4CqPDaGaEo=
-29,16,1mzMRcDogbD79F/xGvtvWrNT25I=,Yn26qLowV6yydTzJh+obHFASTdw=
-18,31,1mzMRcDogbD79F/xGvtvWrNT25I=,Yn26qLowV6yydTzJh+obHFASTdw=
-19,31,1mzMRcDogbD79F/xGvtvWrNT25I=,Yn26qLowV6yydTzJh+obHFASTdw=
-20,31,1mzMRcDogbD79F/xGvtvWrNT25I=,Yn26qLowV6yydTzJh+obHFASTdw=
-21,31,1mzMRcDogbD79F/xGvtvWrNT25I=,Yn26qLowV6yydTzJh+obHFASTdw=
-22,31,1mzMRcDogbD79F/xGvtvWrNT25I=,Yn26qLowV6yydTzJh+obHFASTdw=
-17,31,1mzMRcDogbD79F/xGvtvWrNT25I=,Yn26qLowV6yydTzJh+obHFASTdw=
-23,31,1mzMRcDogbD79F/xGvtvWrNT25I=,Yn26qLowV6yydTzJh+obHFASTdw=
-27,18,1mzMRcDogbD79F/xGvtvWrNT25I=,Yn26qLowV6yydTzJh+obHFASTdw=
-21,18,1mzMRcDogbD79F/xGvtvWrNT25I=,Yn26qLowV6yydTzJh+obHFASTdw=
-28,18,1mzMRcDogbD79F/xGvtvWrNT25I=,Yn26qLowV6yydTzJh+obHFASTdw=
-30,18,1mzMRcDogbD79F/xGvtvWrNT25I=,Yn26qLowV6yydTzJh+obHFASTdw=
-24,31,1mzMRcDogbD79F/xGvtvWrNT25I=,Yn26qLowV6yydTzJh+obHFASTdw=
-31,18,1mzMRcDogbD79F/xGvtvWrNT25I=,Yn26qLowV6yydTzJh+obHFASTdw=
-32,18,1mzMRcDogbD79F/xGvtvWrNT25I=,Yn26qLowV6yydTzJh+obHFASTdw=
-29,18,1mzMRcDogbD79F/xGvtvWrNT25I=,Yn26qLowV6yydTzJh+obHFASTdw=
-25,31,1mzMRcDogbD79F/xGvtvWrNT25I=,Yn26qLowV6yydTzJh+obHFASTdw=
-27,31,1mzMRcDogbD79F/xGvtvWrNT25I=,Yn26qLowV6yydTzJh+obHFASTdw=
-26,31,1mzMRcDogbD79F/xGvtvWrNT25I=,Yn26qLowV6yydTzJh+obHFASTdw=
-17,17,1mzMRcDogbD79F/xGvtvWrNT25I=,Yn26qLowV6yydTzJh+obHFASTdw=
-28,31,1mzMRcDogbD79F/xGvtvWrNT25I=,Yn26qLowV6yydTzJh+obHFASTdw=
-29,31,1mzMRcDogbD79F/xGvtvWrNT25I=,Yn26qLowV6yydTzJh+obHFASTdw=
-30,16,1mzMRcDogbD79F/xGvtvWrNT25I=,Yn26qLowV6yydTzJh+obHFASTdw=
-30,31,1mzMRcDogbD79F/xGvtvWrNT25I=,Yn26qLowV6yydTzJh+obHFASTdw=
-31,31,1mzMRcDogbD79F/xGvtvWrNT25I=,Yn26qLowV6yydTzJh+obHFASTdw=
-18,17,1mzMRcDogbD79F/xGvtvWrNT25I=,Yn26qLowV6yydTzJh+obHFASTdw=
-19,30,1mzMRcDogbD79F/xGvtvWrNT25I=,Yn26qLowV6yydTzJh+obHFASTdw=
-32,31,1mzMRcDogbD79F/xGvtvWrNT25I=,Yn26qLowV6yydTzJh+obHFASTdw=
-20,30,1mzMRcDogbD79F/xGvtvWrNT25I=,Yn26qLowV6yydTzJh+obHFASTdw=
-17,30,1mzMRcDogbD79F/xGvtvWrNT25I=,Yn26qLowV6yydTzJh+obHFASTdw=
-22,30,1mzMRcDogbD79F/xGvtvWrNT25I=,Yn26qLowV6yydTzJh+obHFASTdw=
-23,30,1mzMRcDogbD79F/xGvtvWrNT25I=,Yn26qLowV6yydTzJh+obHFASTdw=
-25,30,1mzMRcDogbD79F/xGvtvWrNT25I=,Yn26qLowV6yydTzJh+obHFASTdw=
-24,30,1mzMRcDogbD79F/xGvtvWrNT25I=,Yn26qLowV6yydTzJh+obHFASTdw=
-18,30,1mzMRcDogbD79F/xGvtvWrNT25I=,Yn26qLowV6yydTzJh+obHFASTdw=
-26,30,1mzMRcDogbD79F/xGvtvWrNT25I=,Yn26qLowV6yydTzJh+obHFASTdw=
-21,30,1mzMRcDogbD79F/xGvtvWrNT25I=,Yn26qLowV6yydTzJh+obHFASTdw=
-28,30,1mzMRcDogbD79F/xGvtvWrNT25I=,Yn26qLowV6yydTzJh+obHFASTdw=
-27,30,1mzMRcDogbD79F/xGvtvWrNT25I=,Yn26qLowV6yydTzJh+obHFASTdw=
-29,30,1mzMRcDogbD79F/xGvtvWrNT25I=,Yn26qLowV6yydTzJh+obHFASTdw=
-30,30,1mzMRcDogbD79F/xGvtvWrNT25I=,Yn26qLowV6yydTzJh+obHFASTdw=
-32,17,1mzMRcDogbD79F/xGvtvWrNT25I=,Yn26qLowV6yydTzJh+obHFASTdw=
-31,17,1mzMRcDogbD79F/xGvtvWrNT25I=,Yn26qLowV6yydTzJh+obHFASTdw=
-17,29,1mzMRcDogbD79F/xGvtvWrNT25I=,Yn26qLowV6yydTzJh+obHFASTdw=
-18,29,1mzMRcDogbD79F/xGvtvWrNT25I=,Yn26qLowV6yydTzJh+obHFASTdw=
-32,30,1mzMRcDogbD79F/xGvtvWrNT25I=,Yn26qLowV6yydTzJh+obHFASTdw=
-20,29,1mzMRcDogbD79F/xGvtvWrNT25I=,Yn26qLowV6yydTzJh+obHFASTdw=
-31,16,1mzMRcDogbD79F/xGvtvWrNT25I=,Yn26qLowV6yydTzJh+obHFASTdw=
-21,29,1mzMRcDogbD79F/xGvtvWrNT25I=,Yn26qLowV6yydTzJh+obHFASTdw=
-19,29,1mzMRcDogbD79F/xGvtvWrNT25I=,Yn26qLowV6yydTzJh+obHFASTdw=
-23,29,1mzMRcDogbD79F/xGvtvWrNT25I=,Yn26qLowV6yydTzJh+obHFASTdw=
-25,29,1mzMRcDogbD79F/xGvtvWrNT25I=,Yn26qLowV6yydTzJh+obHFASTdw=
-24,29,1mzMRcDogbD79F/xGvtvWrNT25I=,Yn26qLowV6yydTzJh+obHFASTdw=
-22,29,1mzMRcDogbD79F/xGvtvWrNT25I=,Yn26qLowV6yydTzJh+obHFASTdw=
-26,29,1mzMRcDogbD79F/xGvtvWrNT25I=,Yn26qLowV6yydTzJh+obHFASTdw=
-31,30,1mzMRcDogbD79F/xGvtvWrNT25I=,Yn26qLowV6yydTzJh+obHFASTdw=
-29,29,1mzMRcDogbD79F/xGvtvWrNT25I=,Yn26qLowV6yydTzJh+obHFASTdw=
-17,28,1mzMRcDogbD79F/xGvtvWrNT25I=,Yn26qLowV6yydTzJh+obHFASTdw=
-27,29,1mzMRcDogbD79F/xGvtvWrNT25I=,Yn26qLowV6yydTzJh+obHFASTdw=
-28,29,1mzMRcDogbD79F/xGvtvWrNT25I=,Yn26qLowV6yydTzJh+obHFASTdw=
-31,29,1mzMRcDogbD79F/xGvtvWrNT25I=,Yn26qLowV6yydTzJh+obHFASTdw=
-20,28,1mzMRcDogbD79F/xGvtvWrNT25I=,Yn26qLowV6yydTzJh+obHFASTdw=
-32,29,1mzMRcDogbD79F/xGvtvWrNT25I=,Yn26qLowV6yydTzJh+obHFASTdw=
-18,28,1mzMRcDogbD79F/xGvtvWrNT25I=,Yn26qLowV6yydTzJh+obHFASTdw=
-30,29,1mzMRcDogbD79F/xGvtvWrNT25I=,Yn26qLowV6yydTzJh+obHFASTdw=
-21,28,1mzMRcDogbD79F/xGvtvWrNT25I=,Yn26qLowV6yydTzJh+obHFASTdw=
-25,28,1mzMRcDogbD79F/xGvtvWrNT25I=,Yn26qLowV6yydTzJh+obHFASTdw=
-23,28,1mzMRcDogbD79F/xGvtvWrNT25I=,Yn26qLowV6yydTzJh+obHFASTdw=
-19,28,1mzMRcDogbD79F/xGvtvWrNT25I=,Yn26qLowV6yydTzJh+obHFASTdw=
-26,28,1mzMRcDogbD79F/xGvtvWrNT25I=,Yn26qLowV6yydTzJh+obHFASTdw=
-22,28,1mzMRcDogbD79F/xGvtvWrNT25I=,Yn26qLowV6yydTzJh+obHFASTdw=
-28,28,1mzMRcDogbD79F/xGvtvWrNT25I=,Yn26qLowV6yydTzJh+obHFASTdw=
-27,28,1mzMRcDogbD79F/xGvtvWrNT25I=,Yn26qLowV6yydTzJh+obHFASTdw=
-31,28,1mzMRcDogbD79F/xGvtvWrNT25I=,Yn26qLowV6yydTzJh+obHFASTdw=
-18,16,1mzMRcDogbD79F/xGvtvWrNT25I=,Yn26qLowV6yydTzJh+obHFASTdw=
-29,28,1mzMRcDogbD79F/xGvtvWrNT25I=,Yn26qLowV6yydTzJh+obHFASTdw=
-24,28,1mzMRcDogbD79F/xGvtvWrNT25I=,Yn26qLowV6yydTzJh+obHFASTdw=
-32,28,1mzMRcDogbD79F/xGvtvWrNT25I=,Yn26qLowV6yydTzJh+obHFASTdw=
-18,27,1mzMRcDogbD79F/xGvtvWrNT25I=,Yn26qLowV6yydTzJh+obHFASTdw=
-17,27,1mzMRcDogbD79F/xGvtvWrNT25I=,Yn26qLowV6yydTzJh+obHFASTdw=
-30,28,1mzMRcDogbD79F/xGvtvWrNT25I=,Yn26qLowV6yydTzJh+obHFASTdw=
-19,27,1mzMRcDogbD79F/xGvtvWrNT25I=,Yn26qLowV6yydTzJh+obHFASTdw=
-21,27,1mzMRcDogbD79F/xGvtvWrNT25I=,Yn26qLowV6yydTzJh+obHFASTdw=
-24,27,1mzMRcDogbD79F/xGvtvWrNT25I=,Yn26qLowV6yydTzJh+obHFASTdw=
-26,27,1mzMRcDogbD79F/xGvtvWrNT25I=,Yn26qLowV6yydTzJh+obHFASTdw=
-23,27,1mzMRcDogbD79F/xGvtvWrNT25I=,Yn26qLowV6yydTzJh+obHFASTdw=
-25,27,1mzMRcDogbD79F/xGvtvWrNT25I=,Yn26qLowV6yydTzJh+obHFASTdw=
-27,27,1mzMRcDogbD79F/xGvtvWrNT25I=,Yn26qLowV6yydTzJh+obHFASTdw=
-21,19,1mzMRcDogbD79F/xGvtvWrNT25I=,Yn26qLowV6yydTzJh+obHFASTdw=
-20,27,1mzMRcDogbD79F/xGvtvWrNT25I=,Yn26qLowV6yydTzJh+obHFASTdw=
-22,27,1mzMRcDogbD79F/xGvtvWrNT25I=,Yn26qLowV6yydTzJh+obHFASTdw=
-28,27,1mzMRcDogbD79F/xGvtvWrNT25I=,Yn26qLowV6yydTzJh+obHFASTdw=
-30,27,1mzMRcDogbD79F/xGvtvWrNT25I=,Yn26qLowV6yydTzJh+obHFASTdw=
-31,27,1mzMRcDogbD79F/xGvtvWrNT25I=,Yn26qLowV6yydTzJh+obHFASTdw=
-29,27,1mzMRcDogbD79F/xGvtvWrNT25I=,Yn26qLowV6yydTzJh+obHFASTdw=
-32,27,1mzMRcDogbD79F/xGvtvWrNT25I=,Yn26qLowV6yydTzJh+obHFASTdw=
-19,26,1mzMRcDogbD79F/xGvtvWrNT25I=,Yn26qLowV6yydTzJh+obHFASTdw=
-18,26,1mzMRcDogbD79F/xGvtvWrNT25I=,Yn26qLowV6yydTzJh+obHFASTdw=
-17,26,1mzMRcDogbD79F/xGvtvWrNT25I=,Yn26qLowV6yydTzJh+obHFASTdw=
-21,26,1mzMRcDogbD79F/xGvtvWrNT25I=,Yn26qLowV6yydTzJh+obHFASTdw=
-20,26,1mzMRcDogbD79F/xGvtvWrNT25I=,Yn26qLowV6yydTzJh+obHFASTdw=
-24,26,1mzMRcDogbD79F/xGvtvWrNT25I=,Yn26qLowV6yydTzJh+obHFASTdw=
-23,26,1mzMRcDogbD79F/xGvtvWrNT25I=,Yn26qLowV6yydTzJh+obHFASTdw=
-22,26,1mzMRcDogbD79F/xGvtvWrNT25I=,Yn26qLowV6yydTzJh+obHFASTdw=
-25,26,1mzMRcDogbD79F/xGvtvWrNT25I=,Yn26qLowV6yydTzJh+obHFASTdw=
-26,26,1mzMRcDogbD79F/xGvtvWrNT25I=,Yn26qLowV6yydTzJh+obHFASTdw=
-24,18,1mzMRcDogbD79F/xGvtvWrNT25I=,Yn26qLowV6yydTzJh+obHFASTdw=
-27,19,1mzMRcDogbD79F/xGvtvWrNT25I=,Yn26qLowV6yydTzJh+obHFASTdw=
-27,26,1mzMRcDogbD79F/xGvtvWrNT25I=,Yn26qLowV6yydTzJh+obHFASTdw=
-29,26,1mzMRcDogbD79F/xGvtvWrNT25I=,Yn26qLowV6yydTzJh+obHFASTdw=
-30,26,1mzMRcDogbD79F/xGvtvWrNT25I=,Yn26qLowV6yydTzJh+obHFASTdw=
-28,26,1mzMRcDogbD79F/xGvtvWrNT25I=,Yn26qLowV6yydTzJh+obHFASTdw=
-31,26,1mzMRcDogbD79F/xGvtvWrNT25I=,Yn26qLowV6yydTzJh+obHFASTdw=
-32,26,1mzMRcDogbD79F/xGvtvWrNT25I=,Yn26qLowV6yydTzJh+obHFASTdw=
-19,25,1mzMRcDogbD79F/xGvtvWrNT25I=,Yn26qLowV6yydTzJh+obHFASTdw=
-20,25,1mzMRcDogbD79F/xGvtvWrNT25I=,Yn26qLowV6yydTzJh+obHFASTdw=
-17,25,1mzMRcDogbD79F/xGvtvWrNT25I=,Yn26qLowV6yydTzJh+obHFASTdw=
-21,25,1mzMRcDogbD79F/xGvtvWrNT25I=,Yn26qLowV6yydTzJh+obHFASTdw=
-22,25,1mzMRcDogbD79F/xGvtvWrNT25I=,Yn26qLowV6yydTzJh+obHFASTdw=
-23,25,1mzMRcDogbD79F/xGvtvWrNT25I=,Yn26qLowV6yydTzJh+obHFASTdw=
-24,25,1mzMRcDogbD79F/xGvtvWrNT25I=,Yn26qLowV6yydTzJh+obHFASTdw=
-18,25,1mzMRcDogbD79F/xGvtvWrNT25I=,Yn26qLowV6yydTzJh+obHFASTdw=
-25,25,1mzMRcDogbD79F/xGvtvWrNT25I=,Yn26qLowV6yydTzJh+obHFASTdw=
-28,19,1mzMRcDogbD79F/xGvtvWrNT25I=,Yn26qLowV6yydTzJh+obHFASTdw=
-26,25,1mzMRcDogbD79F/xGvtvWrNT25I=,Yn26qLowV6yydTzJh+obHFASTdw=
-27,25,1mzMRcDogbD79F/xGvtvWrNT25I=,Yn26qLowV6yydTzJh+obHFASTdw=
-28,25,1mzMRcDogbD79F/xGvtvWrNT25I=,Yn26qLowV6yydTzJh+obHFASTdw=
-30,25,1mzMRcDogbD79F/xGvtvWrNT25I=,Yn26qLowV6yydTzJh+obHFASTdw=
-31,25,1mzMRcDogbD79F/xGvtvWrNT25I=,Yn26qLowV6yydTzJh+obHFASTdw=
-32,25,1mzMRcDogbD79F/xGvtvWrNT25I=,Yn26qLowV6yydTzJh+obHFASTdw=
-25,18,1mzMRcDogbD79F/xGvtvWrNT25I=,Yn26qLowV6yydTzJh+obHFASTdw=
-18,24,1mzMRcDogbD79F/xGvtvWrNT25I=,Yn26qLowV6yydTzJh+obHFASTdw=
-17,24,1mzMRcDogbD79F/xGvtvWrNT25I=,Yn26qLowV6yydTzJh+obHFASTdw=
-21,24,1mzMRcDogbD79F/xGvtvWrNT25I=,Yn26qLowV6yydTzJh+obHFASTdw=
-19,24,1mzMRcDogbD79F/xGvtvWrNT25I=,Yn26qLowV6yydTzJh+obHFASTdw=
-20,24,1mzMRcDogbD79F/xGvtvWrNT25I=,Yn26qLowV6yydTzJh+obHFASTdw=
-29,25,1mzMRcDogbD79F/xGvtvWrNT25I=,Yn26qLowV6yydTzJh+obHFASTdw=
-23,24,1mzMRcDogbD79F/xGvtvWrNT25I=,Yn26qLowV6yydTzJh+obHFASTdw=
-24,24,1mzMRcDogbD79F/xGvtvWrNT25I=,Yn26qLowV6yydTzJh+obHFASTdw=
-29,19,1mzMRcDogbD79F/xGvtvWrNT25I=,Yn26qLowV6yydTzJh+obHFASTdw=
-20,19,1mzMRcDogbD79F/xGvtvWrNT25I=,Yn26qLowV6yydTzJh+obHFASTdw=
-25,24,1mzMRcDogbD79F/xGvtvWrNT25I=,Yn26qLowV6yydTzJh+obHFASTdw=
-26,24,1mzMRcDogbD79F/xGvtvWrNT25I=,Yn26qLowV6yydTzJh+obHFASTdw=
-27,24,1mzMRcDogbD79F/xGvtvWrNT25I=,Yn26qLowV6yydTzJh+obHFASTdw=
-23,18,1mzMRcDogbD79F/xGvtvWrNT25I=,Yn26qLowV6yydTzJh+obHFASTdw=
-28,24,1mzMRcDogbD79F/xGvtvWrNT25I=,Yn26qLowV6yydTzJh+obHFASTdw=
-32,24,1mzMRcDogbD79F/xGvtvWrNT25I=,Yn26qLowV6yydTzJh+obHFASTdw=
-30,24,1mzMRcDogbD79F/xGvtvWrNT25I=,Yn26qLowV6yydTzJh+obHFASTdw=
-31,24,1mzMRcDogbD79F/xGvtvWrNT25I=,Yn26qLowV6yydTzJh+obHFASTdw=
-18,18,1mzMRcDogbD79F/xGvtvWrNT25I=,Yn26qLowV6yydTzJh+obHFASTdw=
-29,24,1mzMRcDogbD79F/xGvtvWrNT25I=,Yn26qLowV6yydTzJh+obHFASTdw=
-18,23,1mzMRcDogbD79F/xGvtvWrNT25I=,Yn26qLowV6yydTzJh+obHFASTdw=
-28,16,1mzMRcDogbD79F/xGvtvWrNT25I=,Yn26qLowV6yydTzJh+obHFASTdw=
-19,23,1mzMRcDogbD79F/xGvtvWrNT25I=,Yn26qLowV6yydTzJh+obHFASTdw=
-20,23,1mzMRcDogbD79F/xGvtvWrNT25I=,Yn26qLowV6yydTzJh+obHFASTdw=
-21,23,1mzMRcDogbD79F/xGvtvWrNT25I=,Yn26qLowV6yydTzJh+obHFASTdw=
-22,23,1mzMRcDogbD79F/xGvtvWrNT25I=,Yn26qLowV6yydTzJh+obHFASTdw=
-23,23,1mzMRcDogbD79F/xGvtvWrNT25I=,Yn26qLowV6yydTzJh+obHFASTdw=
-30,19,1mzMRcDogbD79F/xGvtvWrNT25I=,Yn26qLowV6yydTzJh+obHFASTdw=
-24,23,1mzMRcDogbD79F/xGvtvWrNT25I=,Yn26qLowV6yydTzJh+obHFASTdw=
-25,23,1mzMRcDogbD79F/xGvtvWrNT25I=,Yn26qLowV6yydTzJh+obHFASTdw=
-17,16,1mzMRcDogbD79F/xGvtvWrNT25I=,Yn26qLowV6yydTzJh+obHFASTdw=
-27,23,1mzMRcDogbD79F/xGvtvWrNT25I=,Yn26qLowV6yydTzJh+obHFASTdw=
-26,23,1mzMRcDogbD79F/xGvtvWrNT25I=,Yn26qLowV6yydTzJh+obHFASTdw=
-28,23,1mzMRcDogbD79F/xGvtvWrNT25I=,Yn26qLowV6yydTzJh+obHFASTdw=
-20,22,1mzMRcDogbD79F/xGvtvWrNT25I=,Yn26qLowV6yydTzJh+obHFASTdw=
-20,18,1mzMRcDogbD79F/xGvtvWrNT25I=,Yn26qLowV6yydTzJh+obHFASTdw=
-22,22,1mzMRcDogbD79F/xGvtvWrNT25I=,Yn26qLowV6yydTzJh+obHFASTdw=
-23,19,1mzMRcDogbD79F/xGvtvWrNT25I=,Yn26qLowV6yydTzJh+obHFASTdw=
-23,22,1mzMRcDogbD79F/xGvtvWrNT25I=,Yn26qLowV6yydTzJh+obHFASTdw=
-31,19,1mzMRcDogbD79F/xGvtvWrNT25I=,Yn26qLowV6yydTzJh+obHFASTdw=
-24,22,1mzMRcDogbD79F/xGvtvWrNT25I=,Yn26qLowV6yydTzJh+obHFASTdw=
-26,18,1mzMRcDogbD79F/xGvtvWrNT25I=,Yn26qLowV6yydTzJh+obHFASTdw=
-24,19,1mzMRcDogbD79F/xGvtvWrNT25I=,Yn26qLowV6yydTzJh+obHFASTdw=
-30,23,1mzMRcDogbD79F/xGvtvWrNT25I=,Yn26qLowV6yydTzJh+obHFASTdw=
-25,22,1mzMRcDogbD79F/xGvtvWrNT25I=,Yn26qLowV6yydTzJh+obHFASTdw=
-27,22,1mzMRcDogbD79F/xGvtvWrNT25I=,Yn26qLowV6yydTzJh+obHFASTdw=
-28,22,1mzMRcDogbD79F/xGvtvWrNT25I=,Yn26qLowV6yydTzJh+obHFASTdw=
-26,22,1mzMRcDogbD79F/xGvtvWrNT25I=,Yn26qLowV6yydTzJh+obHFASTdw=
-29,22,1mzMRcDogbD79F/xGvtvWrNT25I=,Yn26qLowV6yydTzJh+obHFASTdw=
-30,22,1mzMRcDogbD79F/xGvtvWrNT25I=,Yn26qLowV6yydTzJh+obHFASTdw=
-31,23,1mzMRcDogbD79F/xGvtvWrNT25I=,Yn26qLowV6yydTzJh+obHFASTdw=
-21,17,1mzMRcDogbD79F/xGvtvWrNT25I=,Yn26qLowV6yydTzJh+obHFASTdw=
-31,22,1mzMRcDogbD79F/xGvtvWrNT25I=,Yn26qLowV6yydTzJh+obHFASTdw=
-32,22,1mzMRcDogbD79F/xGvtvWrNT25I=,Yn26qLowV6yydTzJh+obHFASTdw=
-32,23,1mzMRcDogbD79F/xGvtvWrNT25I=,Yn26qLowV6yydTzJh+obHFASTdw=
-19,17,1mzMRcDogbD79F/xGvtvWrNT25I=,Yn26qLowV6yydTzJh+obHFASTdw=
-18,21,1mzMRcDogbD79F/xGvtvWrNT25I=,Yn26qLowV6yydTzJh+obHFASTdw=
-19,21,1mzMRcDogbD79F/xGvtvWrNT25I=,Yn26qLowV6yydTzJh+obHFASTdw=
-20,21,1mzMRcDogbD79F/xGvtvWrNT25I=,Yn26qLowV6yydTzJh+obHFASTdw=
-17,21,1mzMRcDogbD79F/xGvtvWrNT25I=,Yn26qLowV6yydTzJh+obHFASTdw=
-32,19,1mzMRcDogbD79F/xGvtvWrNT25I=,Yn26qLowV6yydTzJh+obHFASTdw=
-18,22,1mzMRcDogbD79F/xGvtvWrNT25I=,Yn26qLowV6yydTzJh+obHFASTdw=
-28,17,1mzMRcDogbD79F/xGvtvWrNT25I=,Yn26qLowV6yydTzJh+obHFASTdw=
-22,18,1mzMRcDogbD79F/xGvtvWrNT25I=,Yn26qLowV6yydTzJh+obHFASTdw=
-26,21,1mzMRcDogbD79F/xGvtvWrNT25I=,Yn26qLowV6yydTzJh+obHFASTdw=
-26,19,1mzMRcDogbD79F/xGvtvWrNT25I=,Yn26qLowV6yydTzJh+obHFASTdw=
-20,16,1mzMRcDogbD79F/xGvtvWrNT25I=,Yn26qLowV6yydTzJh+obHFASTdw=
-28,21,1mzMRcDogbD79F/xGvtvWrNT25I=,Yn26qLowV6yydTzJh+obHFASTdw=
-20,17,1mzMRcDogbD79F/xGvtvWrNT25I=,Yn26qLowV6yydTzJh+obHFASTdw=
-27,21,1mzMRcDogbD79F/xGvtvWrNT25I=,Yn26qLowV6yydTzJh+obHFASTdw=
-29,21,1mzMRcDogbD79F/xGvtvWrNT25I=,Yn26qLowV6yydTzJh+obHFASTdw=
-30,21,1mzMRcDogbD79F/xGvtvWrNT25I=,Yn26qLowV6yydTzJh+obHFASTdw=
-31,21,1mzMRcDogbD79F/xGvtvWrNT25I=,Yn26qLowV6yydTzJh+obHFASTdw=
-17,20,1mzMRcDogbD79F/xGvtvWrNT25I=,Yn26qLowV6yydTzJh+obHFASTdw=
-21,22,1mzMRcDogbD79F/xGvtvWrNT25I=,Yn26qLowV6yydTzJh+obHFASTdw=
-18,20,1mzMRcDogbD79F/xGvtvWrNT25I=,Yn26qLowV6yydTzJh+obHFASTdw=
-29,17,1mzMRcDogbD79F/xGvtvWrNT25I=,Yn26qLowV6yydTzJh+obHFASTdw=
-19,20,1mzMRcDogbD79F/xGvtvWrNT25I=,Yn26qLowV6yydTzJh+obHFASTdw=
-32,16,1mzMRcDogbD79F/xGvtvWrNT25I=,Yn26qLowV6yydTzJh+obHFASTdw=
-21,16,1mzMRcDogbD79F/xGvtvWrNT25I=,Yn26qLowV6yydTzJh+obHFASTdw=
-17,18,1mzMRcDogbD79F/xGvtvWrNT25I=,Yn26qLowV6yydTzJh+obHFASTdw=
-25,17,1mzMRcDogbD79F/xGvtvWrNT25I=,Yn26qLowV6yydTzJh+obHFASTdw=
-19,22,1mzMRcDogbD79F/xGvtvWrNT25I=,Yn26qLowV6yydTzJh+obHFASTdw=
-17,22,1mzMRcDogbD79F/xGvtvWrNT25I=,Yn26qLowV6yydTzJh+obHFASTdw=
-22,19,1mzMRcDogbD79F/xGvtvWrNT25I=,Yn26qLowV6yydTzJh+obHFASTdw=
-21,21,1mzMRcDogbD79F/xGvtvWrNT25I=,Yn26qLowV6yydTzJh+obHFASTdw=
-24,17,1mzMRcDogbD79F/xGvtvWrNT25I=,Yn26qLowV6yydTzJh+obHFASTdw=
-22,16,1mzMRcDogbD79F/xGvtvWrNT25I=,Yn26qLowV6yydTzJh+obHFASTdw=
-26,20,1mzMRcDogbD79F/xGvtvWrNT25I=,Yn26qLowV6yydTzJh+obHFASTdw=
-27,20,1mzMRcDogbD79F/xGvtvWrNT25I=,Yn26qLowV6yydTzJh+obHFASTdw=
-28,20,1mzMRcDogbD79F/xGvtvWrNT25I=,Yn26qLowV6yydTzJh+obHFASTdw=
-25,19,1mzMRcDogbD79F/xGvtvWrNT25I=,Yn26qLowV6yydTzJh+obHFASTdw=
-29,20,1mzMRcDogbD79F/xGvtvWrNT25I=,Yn26qLowV6yydTzJh+obHFASTdw=
-30,20,1mzMRcDogbD79F/xGvtvWrNT25I=,Yn26qLowV6yydTzJh+obHFASTdw=
-31,20,1mzMRcDogbD79F/xGvtvWrNT25I=,Yn26qLowV6yydTzJh+obHFASTdw=
-32,20,1mzMRcDogbD79F/xGvtvWrNT25I=,Yn26qLowV6yydTzJh+obHFASTdw=
-30,17,1mzMRcDogbD79F/xGvtvWrNT25I=,Yn26qLowV6yydTzJh+obHFASTdw=
-17,19,1mzMRcDogbD79F/xGvtvWrNT25I=,Yn26qLowV6yydTzJh+obHFASTdw=
-25,16,1mzMRcDogbD79F/xGvtvWrNT25I=,Yn26qLowV6yydTzJh+obHFASTdw=
-18,19,1mzMRcDogbD79F/xGvtvWrNT25I=,Yn26qLowV6yydTzJh+obHFASTdw=
-19,19,1mzMRcDogbD79F/xGvtvWrNT25I=,Yn26qLowV6yydTzJh+obHFASTdw=
-25,21,1mzMRcDogbD79F/xGvtvWrNT25I=,Yn26qLowV6yydTzJh+obHFASTdw=
-22,21,1mzMRcDogbD79F/xGvtvWrNT25I=,Yn26qLowV6yydTzJh+obHFASTdw=
-23,21,1mzMRcDogbD79F/xGvtvWrNT25I=,Yn26qLowV6yydTzJh+obHFASTdw=
-19,16,1mzMRcDogbD79F/xGvtvWrNT25I=,Yn26qLowV6yydTzJh+obHFASTdw=
-26,16,1mzMRcDogbD79F/xGvtvWrNT25I=,Yn26qLowV6yydTzJh+obHFASTdw=
-20,20,1mzMRcDogbD79F/xGvtvWrNT25I=,Yn26qLowV6yydTzJh+obHFASTdw=
-22,20,1mzMRcDogbD79F/xGvtvWrNT25I=,Yn26qLowV6yydTzJh+obHFASTdw=
-23,20,1mzMRcDogbD79F/xGvtvWrNT25I=,Yn26qLowV6yydTzJh+obHFASTdw=
-21,20,1mzMRcDogbD79F/xGvtvWrNT25I=,Yn26qLowV6yydTzJh+obHFASTdw=
-27,17,1mzMRcDogbD79F/xGvtvWrNT25I=,Yn26qLowV6yydTzJh+obHFASTdw=
-24,20,1mzMRcDogbD79F/xGvtvWrNT25I=,Yn26qLowV6yydTzJh+obHFASTdw=
-26,17,1mzMRcDogbD79F/xGvtvWrNT25I=,Yn26qLowV6yydTzJh+obHFASTdw=
-27,16,1mzMRcDogbD79F/xGvtvWrNT25I=,Yn26qLowV6yydTzJh+obHFASTdw=
-17,23,1mzMRcDogbD79F/xGvtvWrNT25I=,Yn26qLowV6yydTzJh+obHFASTdw=
-22,24,1mzMRcDogbD79F/xGvtvWrNT25I=,Yn26qLowV6yydTzJh+obHFASTdw=
-19,18,1mzMRcDogbD79F/xGvtvWrNT25I=,Yn26qLowV6yydTzJh+obHFASTdw=
-25,20,1mzMRcDogbD79F/xGvtvWrNT25I=,Yn26qLowV6yydTzJh+obHFASTdw=
-22,17,1mzMRcDogbD79F/xGvtvWrNT25I=,Yn26qLowV6yydTzJh+obHFASTdw=
-29,23,1mzMRcDogbD79F/xGvtvWrNT25I=,Yn26qLowV6yydTzJh+obHFASTdw=
-24,16,1mzMRcDogbD79F/xGvtvWrNT25I=,Yn26qLowV6yydTzJh+obHFASTdw=
-23,17,1mzMRcDogbD79F/xGvtvWrNT25I=,Yn26qLowV6yydTzJh+obHFASTdw=
-32,21,1mzMRcDogbD79F/xGvtvWrNT25I=,Yn26qLowV6yydTzJh+obHFASTdw=
-24,21,1mzMRcDogbD79F/xGvtvWrNT25I=,Yn26qLowV6yydTzJh+obHFASTdw=
-23,16,1mzMRcDogbD79F/xGvtvWrNT25I=,Yn26qLowV6yydTzJh+obHFASTdw=
