8,13,UXcmvuaDQFd59PQT+0i8Zbo9W8w=,bqKJ2lJu2GlQ7ol0TUeQ6eCa3Wk=
7,13,UXcmvuaDQFd59PQT+0i8Zbo9W8w=,bqKJ2lJu2GlQ7ol0TUeQ6eCa3Wk=
15,15,UXcmvuaDQFd59PQT+0i8Zbo9W8w=,bqKJ2lJu2GlQ7ol0TUeQ6eCa3Wk=
10,13,UXcmvuaDQFd59PQT+0i8Zbo9W8w=,bqKJ2lJu2GlQ7ol0TUeQ6eCa3Wk=
11,13,UXcmvuaDQFd59PQT+0i8Zbo9W8w=,bqKJ2lJu2GlQ7ol0TUeQ6eCa3Wk=
12,10,UXcmvuaDQFd59PQT+0i8Zbo9W8w=,bqKJ2lJu2GlQ7ol0TUeQ6eCa3Wk=
10,2,UXcmvuaDQFd59PQT+0i8Zbo9W8w=,bqKJ2lJu2GlQ7ol0TUeQ6eCa3Wk=
6,13,UXcmvuaDQFd59PQT+0i8Zbo9W8w=,bqKJ2lJu2GlQ7ol0TUeQ6eCa3Wk=
11,7,UXcmvuaDQFd59PQT+0i8Zbo9W8w=,bqKJ2lJu2GlQ7ol0TUeQ6eCa3Wk=
11,10,UXcmvuaDQFd59PQT+0i8Zbo9W8w=,bqKJ2lJu2GlQ7ol0TUeQ6eCa3Wk=
9,13,UXcmvuaDQFd59PQT+0i8Zbo9W8w=,bqKJ2lJu2GlQ7ol0TUeQ6eCa3Wk=
14,15,UXcmvuaDQFd59PQT+0i8Zbo9W8w=,bqKJ2lJu2GlQ7ol0TUeQ6eCa3Wk=
13,7,UXcmvuaDQFd59PQT+0i8Zbo9W8w=,bqKJ2lJu2GlQ7ol0TUeQ6eCa3Wk=
10,7,UXcmvuaDQFd59PQT+0i8Zbo9W8w=,bqKJ2lJu2GlQ7ol0TUeQ6eCa3Wk=
9,2,UXcmvuaDQFd59PQT+0i8Zbo9W8w=,bqKJ2lJu2GlQ7ol0TUeQ6eCa3Wk=
12,7,UXcmvuaDQFd59PQT+0i8Zbo9W8w=,bqKJ2lJu2GlQ7ol0TUeQ6eCa3Wk=
5,2,UXcmvuaDQFd59PQT+0i8Zbo9W8w=,bqKJ2lJu2GlQ7ol0TUeQ6eCa3Wk=
12,15,UXcmvuaDQFd59PQT+0i8Zbo9W8w=,bqKJ2lJu2GlQ7ol0TUeQ6eCa3Wk=
11,2,UXcmvuaDQFd59PQT+0i8Zbo9W8w=,bqKJ2lJu2GlQ7ol0TUeQ6eCa3Wk=
13,15,UXcmvuaDQFd59PQT+0i8Zbo9W8w=,bqKJ2lJu2GlQ7ol0TUeQ6eCa3Wk=
15,0,UXcmvuaDQFd59PQT+0i8Zbo9W8w=,bqKJ2lJu2GlQ7ol0TUeQ6eCa3Wk=
12,13,UXcmvuaDQFd59PQT+0i8Zbo9W8w=,bqKJ2lJu2GlQ7ol0TUeQ6eCa3Wk=
8,7,UXcmvuaDQFd59PQT+0i8Zbo9W8w=,bqKJ2lJu2GlQ7ol0TUeQ6eCa3Wk=
14,0,UXcmvuaDQFd59PQT+0i8Zbo9W8w=,bqKJ2lJu2GlQ7ol0TUeQ6eCa3Wk=
4,2,UXcmvuaDQFd59PQT+0i8Zbo9W8w=,bqKJ2lJu2GlQ7ol0TUeQ6eCa3Wk=
10,10,UXcmvuaDQFd59PQT+0i8Zbo9W8w=,bqKJ2lJu2GlQ7ol0TUeQ6eCa3Wk=
11,15,UXcmvuaDQFd59PQT+0i8Zbo9W8w=,bqKJ2lJu2GlQ7ol0TUeQ6eCa3Wk=
9,7,UXcmvuaDQFd59PQT+0i8Zbo9W8w=,bqKJ2lJu2GlQ7ol0TUeQ6eCa3Wk=
3,2,UXcmvuaDQFd59PQT+0i8Zbo9W8w=,bqKJ2lJu2GlQ7ol0TUeQ6eCa3Wk=
14,7,UXcmvuaDQFd59PQT+0i8Zbo9W8w=,bqKJ2lJu2GlQ7ol0TUeQ6eCa3Wk=
9,15,UXcmvuaDQFd59PQT+0i8Zbo9W8w=,bqKJ2lJu2GlQ7ol0TUeQ6eCa3Wk=
9,10,UXcmvuaDQFd59PQT+0i8Zbo9W8w=,bqKJ2lJu2GlQ7ol0TUeQ6eCa3Wk=
13,1,UXcmvuaDQFd59PQT+0i8Zbo9W8w=,bqKJ2lJu2GlQ7ol0TUeQ6eCa3Wk=
8,15,UXcmvuaDQFd59PQT+0i8Zbo9W8w=,bqKJ2lJu2GlQ7ol0TUeQ6eCa3Wk=
10,15,UXcmvuaDQFd59PQT+0i8Zbo9W8w=,bqKJ2lJu2GlQ7ol0TUeQ6eCa3Wk=
13,10,UXcmvuaDQFd59PQT+0i8Zbo9W8w=,bqKJ2lJu2GlQ7ol0TUeQ6eCa3Wk=
2,2,UXcmvuaDQFd59PQT+0i8Zbo9W8w=,bqKJ2lJu2GlQ7ol0TUeQ6eCa3Wk=
6,15,UXcmvuaDQFd59PQT+0i8Zbo9W8w=,bqKJ2lJu2GlQ7ol0TUeQ6eCa3Wk=
7,7,UXcmvuaDQFd59PQT+0i8Zbo9W8w=,bqKJ2lJu2GlQ7ol0TUeQ6eCa3Wk=
2,15,UXcmvuaDQFd59PQT+0i8Zbo9W8w=,bqKJ2lJu2GlQ7ol0TUeQ6eCa3Wk=
5,15,UXcmvuaDQFd59PQT+0i8Zbo9W8w=,bqKJ2lJu2GlQ7ol0TUeQ6eCa3Wk=
3,0,UXcmvuaDQFd59PQT+0i8Zbo9W8w=,bqKJ2lJu2GlQ7ol0TUeQ6eCa3Wk=
13,0,UXcmvuaDQFd59PQT+0i8Zbo9W8w=,bqKJ2lJu2GlQ7ol0TUeQ6eCa3Wk=
7,15,UXcmvuaDQFd59PQT+0i8Zbo9W8w=,bqKJ2lJu2GlQ7ol0TUeQ6eCa3Wk=
4,15,UXcmvuaDQFd59PQT+0i8Zbo9W8w=,bqKJ2lJu2GlQ7ol0TUeQ6eCa3Wk=
3,15,UXcmvuaDQFd59PQT+0i8Zbo9W8w=,bqKJ2lJu2GlQ7ol0TUeQ6eCa3Wk=
6,7,UXcmvuaDQFd59PQT+0i8Zbo9W8w=,bqKJ2lJu2GlQ7ol0TUeQ6eCa3Wk=
1,15,UXcmvuaDQFd59PQT+0i8Zbo9W8w=,bqKJ2lJu2GlQ7ol0TUeQ6eCa3Wk=
15,12,UXcmvuaDQFd59PQT+0i8Zbo9W8w=,bqKJ2lJu2GlQ7ol0TUeQ6eCa3Wk=
11,5,UXcmvuaDQFd59PQT+0i8Zbo9W8w=,bqKJ2lJu2GlQ7ol0TUeQ6eCa3Wk=
9,5,UXcmvuaDQFd59PQT+0i8Zbo9W8w=,bqKJ2lJu2GlQ7ol0TUeQ6eCa3Wk=
6,2,UXcmvuaDQFd59PQT+0i8Zbo9W8w=,bqKJ2lJu2GlQ7ol0TUeQ6eCa3Wk=
13,12,UXcmvuaDQFd59PQT+0i8Zbo9W8w=,bqKJ2lJu2GlQ7ol0TUeQ6eCa3Wk=
8,10,UXcmvuaDQFd59PQT+0i8Zbo9W8w=,bqKJ2lJu2GlQ7ol0TUeQ6eCa3Wk=
10,5,UXcmvuaDQFd59PQT+0i8Zbo9W8w=,bqKJ2lJu2GlQ7ol0TUeQ6eCa3Wk=
14,12,UXcmvuaDQFd59PQT+0i8Zbo9W8w=,bqKJ2lJu2GlQ7ol0TUeQ6eCa3Wk=
6,5,UXcmvuaDQFd59PQT+0i8Zbo9W8w=,bqKJ2lJu2GlQ7ol0TUeQ6eCa3Wk=
12,12,UXcmvuaDQFd59PQT+0i8Zbo9W8w=,bqKJ2lJu2GlQ7ol0TUeQ6eCa3Wk=
8,5,UXcmvuaDQFd59PQT+0i8Zbo9W8w=,bqKJ2lJu2GlQ7ol0TUeQ6eCa3Wk=
7,10,UXcmvuaDQFd59PQT+0i8Zbo9W8w=,bqKJ2lJu2GlQ7ol0TUeQ6eCa3Wk=
7,5,UXcmvuaDQFd59PQT+0i8Zbo9W8w=,bqKJ2lJu2GlQ7ol0TUeQ6eCa3Wk=
9,0,UXcmvuaDQFd59PQT+0i8Zbo9W8w=,bqKJ2lJu2GlQ7ol0TUeQ6eCa3Wk=
6,10,UXcmvuaDQFd59PQT+0i8Zbo9W8w=,bqKJ2lJu2GlQ7ol0TUeQ6eCa3Wk=
12,5,UXcmvuaDQFd59PQT+0i8Zbo9W8w=,bqKJ2lJu2GlQ7ol0TUeQ6eCa3Wk=
4,5,UXcmvuaDQFd59PQT+0i8Zbo9W8w=,bqKJ2lJu2GlQ7ol0TUeQ6eCa3Wk=
11,12,UXcmvuaDQFd59PQT+0i8Zbo9W8w=,bqKJ2lJu2GlQ7ol0TUeQ6eCa3Wk=
5,5,UXcmvuaDQFd59PQT+0i8Zbo9W8w=,bqKJ2lJu2GlQ7ol0TUeQ6eCa3Wk=
10,12,UXcmvuaDQFd59PQT+0i8Zbo9W8w=,bqKJ2lJu2GlQ7ol0TUeQ6eCa3Wk=
15,7,UXcmvuaDQFd59PQT+0i8Zbo9W8w=,bqKJ2lJu2GlQ7ol0TUeQ6eCa3Wk=
1,5,UXcmvuaDQFd59PQT+0i8Zbo9W8w=,bqKJ2lJu2GlQ7ol0TUeQ6eCa3Wk=
2,5,UXcmvuaDQFd59PQT+0i8Zbo9W8w=,bqKJ2lJu2GlQ7ol0TUeQ6eCa3Wk=
5,13,UXcmvuaDQFd59PQT+0i8Zbo9W8w=,bqKJ2lJu2GlQ7ol0TUeQ6eCa3Wk=
15,4,UXcmvuaDQFd59PQT+0i8Zbo9W8w=,bqKJ2lJu2GlQ7ol0TUeQ6eCa3Wk=
0,5,UXcmvuaDQFd59PQT+0i8Zbo9W8w=,bqKJ2lJu2GlQ7ol0TUeQ6eCa3Wk=
3,5,UXcmvuaDQFd59PQT+0i8Zbo9W8w=,bqKJ2lJu2GlQ7ol0TUeQ6eCa3Wk=
4,13,UXcmvuaDQFd59PQT+0i8Zbo9W8w=,bqKJ2lJu2GlQ7ol0TUeQ6eCa3Wk=
13,13,UXcmvuaDQFd59PQT+0i8Zbo9W8w=,bqKJ2lJu2GlQ7ol0TUeQ6eCa3Wk=
0,15,UXcmvuaDQFd59PQT+0i8Zbo9W8w=,bqKJ2lJu2GlQ7ol0TUeQ6eCa3Wk=
14,4,UXcmvuaDQFd59PQT+0i8Zbo9W8w=,bqKJ2lJu2GlQ7ol0TUeQ6eCa3Wk=
2,0,UXcmvuaDQFd59PQT+0i8Zbo9W8w=,bqKJ2lJu2GlQ7ol0TUeQ6eCa3Wk=
11,4,UXcmvuaDQFd59PQT+0i8Zbo9W8w=,bqKJ2lJu2GlQ7ol0TUeQ6eCa3Wk=
8,0,UXcmvuaDQFd59PQT+0i8Zbo9W8w=,bqKJ2lJu2GlQ7ol0TUeQ6eCa3Wk=
13,4,UXcmvuaDQFd59PQT+0i8Zbo9W8w=,bqKJ2lJu2GlQ7ol0TUeQ6eCa3Wk=
12,4,UXcmvuaDQFd59PQT+0i8Zbo9W8w=,bqKJ2lJu2GlQ7ol0TUeQ6eCa3Wk=
9,12,UXcmvuaDQFd59PQT+0i8Zbo9W8w=,bqKJ2lJu2GlQ7ol0TUeQ6eCa3Wk=
7,4,UXcmvuaDQFd59PQT+0i8Zbo9W8w=,bqKJ2lJu2GlQ7ol0TUeQ6eCa3Wk=
6,4,UXcmvuaDQFd59PQT+0i8Zbo9W8w=,bqKJ2lJu2GlQ7ol0TUeQ6eCa3Wk=
9,4,UXcmvuaDQFd59PQT+0i8Zbo9W8w=,bqKJ2lJu2GlQ7ol0TUeQ6eCa3Wk=
15,14,UXcmvuaDQFd59PQT+0i8Zbo9W8w=,bqKJ2lJu2GlQ7ol0TUeQ6eCa3Wk=
14,13,UXcmvuaDQFd59PQT+0i8Zbo9W8w=,bqKJ2lJu2GlQ7ol0TUeQ6eCa3Wk=
10,4,UXcmvuaDQFd59PQT+0i8Zbo9W8w=,bqKJ2lJu2GlQ7ol0TUeQ6eCa3Wk=
8,4,UXcmvuaDQFd59PQT+0i8Zbo9W8w=,bqKJ2lJu2GlQ7ol0TUeQ6eCa3Wk=
5,4,UXcmvuaDQFd59PQT+0i8Zbo9W8w=,bqKJ2lJu2GlQ7ol0TUeQ6eCa3Wk=
8,12,UXcmvuaDQFd59PQT+0i8Zbo9W8w=,bqKJ2lJu2GlQ7ol0TUeQ6eCa3Wk=
4,4,UXcmvuaDQFd59PQT+0i8Zbo9W8w=,bqKJ2lJu2GlQ7ol0TUeQ6eCa3Wk=
7,0,UXcmvuaDQFd59PQT+0i8Zbo9W8w=,bqKJ2lJu2GlQ7ol0TUeQ6eCa3Wk=
14,14,UXcmvuaDQFd59PQT+0i8Zbo9W8w=,bqKJ2lJu2GlQ7ol0TUeQ6eCa3Wk=
5,10,UXcmvuaDQFd59PQT+0i8Zbo9W8w=,bqKJ2lJu2GlQ7ol0TUeQ6eCa3Wk=
13,14,UXcmvuaDQFd59PQT+0i8Zbo9W8w=,bqKJ2lJu2GlQ7ol0TUeQ6eCa3Wk=
2,13,UXcmvuaDQFd59PQT+0i8Zbo9W8w=,bqKJ2lJu2GlQ7ol0TUeQ6eCa3Wk=
12,1,UXcmvuaDQFd59PQT+0i8Zbo9W8w=,bqKJ2lJu2GlQ7ol0TUeQ6eCa3Wk=
2,4,UXcmvuaDQFd59PQT+0i8Zbo9W8w=,bqKJ2lJu2GlQ7ol0TUeQ6eCa3Wk=
3,4,UXcmvuaDQFd59PQT+0i8Zbo9W8w=,bqKJ2lJu2GlQ7ol0TUeQ6eCa3Wk=
14,10,UXcmvuaDQFd59PQT+0i8Zbo9W8w=,bqKJ2lJu2GlQ7ol0TUeQ6eCa3Wk=
0,4,UXcmvuaDQFd59PQT+0i8Zbo9W8w=,bqKJ2lJu2GlQ7ol0TUeQ6eCa3Wk=
1,4,UXcmvuaDQFd59PQT+0i8Zbo9W8w=,bqKJ2lJu2GlQ7ol0TUeQ6eCa3Wk=
15,3,UXcmvuaDQFd59PQT+0i8Zbo9W8w=,bqKJ2lJu2GlQ7ol0TUeQ6eCa3Wk=
6,0,UXcmvuaDQFd59PQT+0i8Zbo9W8w=,bqKJ2lJu2GlQ7ol0TUeQ6eCa3Wk=
7,12,UXcmvuaDQFd59PQT+0i8Zbo9W8w=,bqKJ2lJu2GlQ7ol0TUeQ6eCa3Wk=
6,12,UXcmvuaDQFd59PQT+0i8Zbo9W8w=,bqKJ2lJu2GlQ7ol0TUeQ6eCa3Wk=
12,3,UXcmvuaDQFd59PQT+0i8Zbo9W8w=,bqKJ2lJu2GlQ7ol0TUeQ6eCa3Wk=
14,3,UXcmvuaDQFd59PQT+0i8Zbo9W8w=,bqKJ2lJu2GlQ7ol0TUeQ6eCa3Wk=
12,14,UXcmvuaDQFd59PQT+0i8Zbo9W8w=,bqKJ2lJu2GlQ7ol0TUeQ6eCa3Wk=
13,3,UXcmvuaDQFd59PQT+0i8Zbo9W8w=,bqKJ2lJu2GlQ7ol0TUeQ6eCa3Wk=
14,1,UXcmvuaDQFd59PQT+0i8Zbo9W8w=,bqKJ2lJu2GlQ7ol0TUeQ6eCa3Wk=
13,9,UXcmvuaDQFd59PQT+0i8Zbo9W8w=,bqKJ2lJu2GlQ7ol0TUeQ6eCa3Wk=
3,13,UXcmvuaDQFd59PQT+0i8Zbo9W8w=,bqKJ2lJu2GlQ7ol0TUeQ6eCa3Wk=
11,3,UXcmvuaDQFd59PQT+0i8Zbo9W8w=,bqKJ2lJu2GlQ7ol0TUeQ6eCa3Wk=
11,1,UXcmvuaDQFd59PQT+0i8Zbo9W8w=,bqKJ2lJu2GlQ7ol0TUeQ6eCa3Wk=
15,9,UXcmvuaDQFd59PQT+0i8Zbo9W8w=,bqKJ2lJu2GlQ7ol0TUeQ6eCa3Wk=
9,3,UXcmvuaDQFd59PQT+0i8Zbo9W8w=,bqKJ2lJu2GlQ7ol0TUeQ6eCa3Wk=
10,3,UXcmvuaDQFd59PQT+0i8Zbo9W8w=,bqKJ2lJu2GlQ7ol0TUeQ6eCa3Wk=
4,10,UXcmvuaDQFd59PQT+0i8Zbo9W8w=,bqKJ2lJu2GlQ7ol0TUeQ6eCa3Wk=
5,0,UXcmvuaDQFd59PQT+0i8Zbo9W8w=,bqKJ2lJu2GlQ7ol0TUeQ6eCa3Wk=
8,3,UXcmvuaDQFd59PQT+0i8Zbo9W8w=,bqKJ2lJu2GlQ7ol0TUeQ6eCa3Wk=
10,9,UXcmvuaDQFd59PQT+0i8Zbo9W8w=,bqKJ2lJu2GlQ7ol0TUeQ6eCa3Wk=
11,14,UXcmvuaDQFd59PQT+0i8Zbo9W8w=,bqKJ2lJu2GlQ7ol0TUeQ6eCa3Wk=
7,3,UXcmvuaDQFd59PQT+0i8Zbo9W8w=,bqKJ2lJu2GlQ7ol0TUeQ6eCa3Wk=
9,9,UXcmvuaDQFd59PQT+0i8Zbo9W8w=,bqKJ2lJu2GlQ7ol0TUeQ6eCa3Wk=
12,9,UXcmvuaDQFd59PQT+0i8Zbo9W8w=,bqKJ2lJu2GlQ7ol0TUeQ6eCa3Wk=
11,9,UXcmvuaDQFd59PQT+0i8Zbo9W8w=,bqKJ2lJu2GlQ7ol0TUeQ6eCa3Wk=
6,3,UXcmvuaDQFd59PQT+0i8Zbo9W8w=,bqKJ2lJu2GlQ7ol0TUeQ6eCa3Wk=
15,10,UXcmvuaDQFd59PQT+0i8Zbo9W8w=,bqKJ2lJu2GlQ7ol0TUeQ6eCa3Wk=
5,3,UXcmvuaDQFd59PQT+0i8Zbo9W8w=,bqKJ2lJu2GlQ7ol0TUeQ6eCa3Wk=
4,3,UXcmvuaDQFd59PQT+0i8Zbo9W8w=,bqKJ2lJu2GlQ7ol0TUeQ6eCa3Wk=
7,9,UXcmvuaDQFd59PQT+0i8Zbo9W8w=,bqKJ2lJu2GlQ7ol0TUeQ6eCa3Wk=
2,10,UXcmvuaDQFd59PQT+0i8Zbo9W8w=,bqKJ2lJu2GlQ7ol0TUeQ6eCa3Wk=
1,3,UXcmvuaDQFd59PQT+0i8Zbo9W8w=,bqKJ2lJu2GlQ7ol0TUeQ6eCa3Wk=
8,9,UXcmvuaDQFd59PQT+0i8Zbo9W8w=,bqKJ2lJu2GlQ7ol0TUeQ6eCa3Wk=
4,7,UXcmvuaDQFd59PQT+0i8Zbo9W8w=,bqKJ2lJu2GlQ7ol0TUeQ6eCa3Wk=
2,3,UXcmvuaDQFd59PQT+0i8Zbo9W8w=,bqKJ2lJu2GlQ7ol0TUeQ6eCa3Wk=
7,2,UXcmvuaDQFd59PQT+0i8Zbo9W8w=,bqKJ2lJu2GlQ7ol0TUeQ6eCa3Wk=
7,1,UXcmvuaDQFd59PQT+0i8Zbo9W8w=,bqKJ2lJu2GlQ7ol0TUeQ6eCa3Wk=
10,1,UXcmvuaDQFd59PQT+0i8Zbo9W8w=,bqKJ2lJu2GlQ7ol0TUeQ6eCa3Wk=
6,9,UXcmvuaDQFd59PQT+0i8Zbo9W8w=,bqKJ2lJu2GlQ7ol0TUeQ6eCa3Wk=
14,9,UXcmvuaDQFd59PQT+0i8Zbo9W8w=,bqKJ2lJu2GlQ7ol0TUeQ6eCa3Wk=
4,0,UXcmvuaDQFd59PQT+0i8Zbo9W8w=,bqKJ2lJu2GlQ7ol0TUeQ6eCa3Wk=
3,3,UXcmvuaDQFd59PQT+0i8Zbo9W8w=,bqKJ2lJu2GlQ7ol0TUeQ6eCa3Wk=
15,11,UXcmvuaDQFd59PQT+0i8Zbo9W8w=,bqKJ2lJu2GlQ7ol0TUeQ6eCa3Wk=
13,5,UXcmvuaDQFd59PQT+0i8Zbo9W8w=,bqKJ2lJu2GlQ7ol0TUeQ6eCa3Wk=
14,11,UXcmvuaDQFd59PQT+0i8Zbo9W8w=,bqKJ2lJu2GlQ7ol0TUeQ6eCa3Wk=
1,13,UXcmvuaDQFd59PQT+0i8Zbo9W8w=,bqKJ2lJu2GlQ7ol0TUeQ6eCa3Wk=
13,11,UXcmvuaDQFd59PQT+0i8Zbo9W8w=,bqKJ2lJu2GlQ7ol0TUeQ6eCa3Wk=
3,10,UXcmvuaDQFd59PQT+0i8Zbo9W8w=,bqKJ2lJu2GlQ7ol0TUeQ6eCa3Wk=
5,1,UXcmvuaDQFd59PQT+0i8Zbo9W8w=,bqKJ2lJu2GlQ7ol0TUeQ6eCa3Wk=
6,1,UXcmvuaDQFd59PQT+0i8Zbo9W8w=,bqKJ2lJu2GlQ7ol0TUeQ6eCa3Wk=
12,11,UXcmvuaDQFd59PQT+0i8Zbo9W8w=,bqKJ2lJu2GlQ7ol0TUeQ6eCa3Wk=
15,6,UXcmvuaDQFd59PQT+0i8Zbo9W8w=,bqKJ2lJu2GlQ7ol0TUeQ6eCa3Wk=
14,6,UXcmvuaDQFd59PQT+0i8Zbo9W8w=,bqKJ2lJu2GlQ7ol0TUeQ6eCa3Wk=
10,14,UXcmvuaDQFd59PQT+0i8Zbo9W8w=,bqKJ2lJu2GlQ7ol0TUeQ6eCa3Wk=
15,13,UXcmvuaDQFd59PQT+0i8Zbo9W8w=,bqKJ2lJu2GlQ7ol0TUeQ6eCa3Wk=
2,7,UXcmvuaDQFd59PQT+0i8Zbo9W8w=,bqKJ2lJu2GlQ7ol0TUeQ6eCa3Wk=
11,11,UXcmvuaDQFd59PQT+0i8Zbo9W8w=,bqKJ2lJu2GlQ7ol0TUeQ6eCa3Wk=
9,14,UXcmvuaDQFd59PQT+0i8Zbo9W8w=,bqKJ2lJu2GlQ7ol0TUeQ6eCa3Wk=
8,14,UXcmvuaDQFd59PQT+0i8Zbo9W8w=,bqKJ2lJu2GlQ7ol0TUeQ6eCa3Wk=
3,7,UXcmvuaDQFd59PQT+0i8Zbo9W8w=,bqKJ2lJu2GlQ7ol0TUeQ6eCa3Wk=
7,14,UXcmvuaDQFd59PQT+0i8Zbo9W8w=,bqKJ2lJu2GlQ7ol0TUeQ6eCa3Wk=
6,14,UXcmvuaDQFd59PQT+0i8Zbo9W8w=,bqKJ2lJu2GlQ7ol0TUeQ6eCa3Wk=
10,0,UXcmvuaDQFd59PQT+0i8Zbo9W8w=,bqKJ2lJu2GlQ7ol0TUeQ6eCa3Wk=
9,1,UXcmvuaDQFd59PQT+0i8Zbo9W8w=,bqKJ2lJu2GlQ7ol0TUeQ6eCa3Wk=
5,7,UXcmvuaDQFd59PQT+0i8Zbo9W8w=,bqKJ2lJu2GlQ7ol0TUeQ6eCa3Wk=
10,11,UXcmvuaDQFd59PQT+0i8Zbo9W8w=,bqKJ2lJu2GlQ7ol0TUeQ6eCa3Wk=
5,14,UXcmvuaDQFd59PQT+0i8Zbo9W8w=,bqKJ2lJu2GlQ7ol0TUeQ6eCa3Wk=
13,6,UXcmvuaDQFd59PQT+0i8Zbo9W8w=,bqKJ2lJu2GlQ7ol0TUeQ6eCa3Wk=
4,14,UXcmvuaDQFd59PQT+0i8Zbo9W8w=,bqKJ2lJu2GlQ7ol0TUeQ6eCa3Wk=
1,10,UXcmvuaDQFd59PQT+0i8Zbo9W8w=,bqKJ2lJu2GlQ7ol0TUeQ6eCa3Wk=
4,1,UXcmvuaDQFd59PQT+0i8Zbo9W8w=,bqKJ2lJu2GlQ7ol0TUeQ6eCa3Wk=
5,12,UXcmvuaDQFd59PQT+0i8Zbo9W8w=,bqKJ2lJu2GlQ7ol0TUeQ6eCa3Wk=
9,11,UXcmvuaDQFd59PQT+0i8Zbo9W8w=,bqKJ2lJu2GlQ7ol0TUeQ6eCa3Wk=
12,6,UXcmvuaDQFd59PQT+0i8Zbo9W8w=,bqKJ2lJu2GlQ7ol0TUeQ6eCa3Wk=
12,2,UXcmvuaDQFd59PQT+0i8Zbo9W8w=,bqKJ2lJu2GlQ7ol0TUeQ6eCa3Wk=
3,1,UXcmvuaDQFd59PQT+0i8Zbo9W8w=,bqKJ2lJu2GlQ7ol0TUeQ6eCa3Wk=
13,8,UXcmvuaDQFd59PQT+0i8Zbo9W8w=,bqKJ2lJu2GlQ7ol0TUeQ6eCa3Wk=
8,1,UXcmvuaDQFd59PQT+0i8Zbo9W8w=,bqKJ2lJu2GlQ7ol0TUeQ6eCa3Wk=
3,14,UXcmvuaDQFd59PQT+0i8Zbo9W8w=,bqKJ2lJu2GlQ7ol0TUeQ6eCa3Wk=
11,6,UXcmvuaDQFd59PQT+0i8Zbo9W8w=,bqKJ2lJu2GlQ7ol0TUeQ6eCa3Wk=
0,3,UXcmvuaDQFd59PQT+0i8Zbo9W8w=,bqKJ2lJu2GlQ7ol0TUeQ6eCa3Wk=
12,0,UXcmvuaDQFd59PQT+0i8Zbo9W8w=,bqKJ2lJu2GlQ7ol0TUeQ6eCa3Wk=
2,12,UXcmvuaDQFd59PQT+0i8Zbo9W8w=,bqKJ2lJu2GlQ7ol0TUeQ6eCa3Wk=
0,10,UXcmvuaDQFd59PQT+0i8Zbo9W8w=,bqKJ2lJu2GlQ7ol0TUeQ6eCa3Wk=
12,8,UXcmvuaDQFd59PQT+0i8Zbo9W8w=,bqKJ2lJu2GlQ7ol0TUeQ6eCa3Wk=
9,6,UXcmvuaDQFd59PQT+0i8Zbo9W8w=,bqKJ2lJu2GlQ7ol0TUeQ6eCa3Wk=
10,6,UXcmvuaDQFd59PQT+0i8Zbo9W8w=,bqKJ2lJu2GlQ7ol0TUeQ6eCa3Wk=
7,6,UXcmvuaDQFd59PQT+0i8Zbo9W8w=,bqKJ2lJu2GlQ7ol0TUeQ6eCa3Wk=
8,11,UXcmvuaDQFd59PQT+0i8Zbo9W8w=,bqKJ2lJu2GlQ7ol0TUeQ6eCa3Wk=
8,6,UXcmvuaDQFd59PQT+0i8Zbo9W8w=,bqKJ2lJu2GlQ7ol0TUeQ6eCa3Wk=
11,8,UXcmvuaDQFd59PQT+0i8Zbo9W8w=,bqKJ2lJu2GlQ7ol0TUeQ6eCa3Wk=
1,1,UXcmvuaDQFd59PQT+0i8Zbo9W8w=,bqKJ2lJu2GlQ7ol0TUeQ6eCa3Wk=
14,8,UXcmvuaDQFd59PQT+0i8Zbo9W8w=,bqKJ2lJu2GlQ7ol0TUeQ6eCa3Wk=
6,6,UXcmvuaDQFd59PQT+0i8Zbo9W8w=,bqKJ2lJu2GlQ7ol0TUeQ6eCa3Wk=
2,1,UXcmvuaDQFd59PQT+0i8Zbo9W8w=,bqKJ2lJu2GlQ7ol0TUeQ6eCa3Wk=
15,8,UXcmvuaDQFd59PQT+0i8Zbo9W8w=,bqKJ2lJu2GlQ7ol0TUeQ6eCa3Wk=
10,8,UXcmvuaDQFd59PQT+0i8Zbo9W8w=,bqKJ2lJu2GlQ7ol0TUeQ6eCa3Wk=
9,8,UXcmvuaDQFd59PQT+0i8Zbo9W8w=,bqKJ2lJu2GlQ7ol0TUeQ6eCa3Wk=
2,14,UXcmvuaDQFd59PQT+0i8Zbo9W8w=,bqKJ2lJu2GlQ7ol0TUeQ6eCa3Wk=
7,8,UXcmvuaDQFd59PQT+0i8Zbo9W8w=,bqKJ2lJu2GlQ7ol0TUeQ6eCa3Wk=
8,8,UXcmvuaDQFd59PQT+0i8Zbo9W8w=,bqKJ2lJu2GlQ7ol0TUeQ6eCa3Wk=
7,11,UXcmvuaDQFd59PQT+0i8Zbo9W8w=,bqKJ2lJu2GlQ7ol0TUeQ6eCa3Wk=
0,13,UXcmvuaDQFd59PQT+0i8Zbo9W8w=,bqKJ2lJu2GlQ7ol0TUeQ6eCa3Wk=
15,2,UXcmvuaDQFd59PQT+0i8Zbo9W8w=,bqKJ2lJu2GlQ7ol0TUeQ6eCa3Wk=
6,8,UXcmvuaDQFd59PQT+0i8Zbo9W8w=,bqKJ2lJu2GlQ7ol0TUeQ6eCa3Wk=
0,1,UXcmvuaDQFd59PQT+0i8Zbo9W8w=,bqKJ2lJu2GlQ7ol0TUeQ6eCa3Wk=
1,14,UXcmvuaDQFd59PQT+0i8Zbo9W8w=,bqKJ2lJu2GlQ7ol0TUeQ6eCa3Wk=
2,9,UXcmvuaDQFd59PQT+0i8Zbo9W8w=,bqKJ2lJu2GlQ7ol0TUeQ6eCa3Wk=
11,0,UXcmvuaDQFd59PQT+0i8Zbo9W8w=,bqKJ2lJu2GlQ7ol0TUeQ6eCa3Wk=
1,7,UXcmvuaDQFd59PQT+0i8Zbo9W8w=,bqKJ2lJu2GlQ7ol0TUeQ6eCa3Wk=
0,7,UXcmvuaDQFd59PQT+0i8Zbo9W8w=,bqKJ2lJu2GlQ7ol0TUeQ6eCa3Wk=
3,12,UXcmvuaDQFd59PQT+0i8Zbo9W8w=,bqKJ2lJu2GlQ7ol0TUeQ6eCa3Wk=
5,9,UXcmvuaDQFd59PQT+0i8Zbo9W8w=,bqKJ2lJu2GlQ7ol0TUeQ6eCa3Wk=
1,0,UXcmvuaDQFd59PQT+0i8Zbo9W8w=,bqKJ2lJu2GlQ7ol0TUeQ6eCa3Wk=
0,12,UXcmvuaDQFd59PQT+0i8Zbo9W8w=,bqKJ2lJu2GlQ7ol0TUeQ6eCa3Wk=
1,12,UXcmvuaDQFd59PQT+0i8Zbo9W8w=,bqKJ2lJu2GlQ7ol0TUeQ6eCa3Wk=
0,14,UXcmvuaDQFd59PQT+0i8Zbo9W8w=,bqKJ2lJu2GlQ7ol0TUeQ6eCa3Wk=
14,2,UXcmvuaDQFd59PQT+0i8Zbo9W8w=,bqKJ2lJu2GlQ7ol0TUeQ6eCa3Wk=
4,9,UXcmvuaDQFd59PQT+0i8Zbo9W8w=,bqKJ2lJu2GlQ7ol0TUeQ6eCa3Wk=
1,2,UXcmvuaDQFd59PQT+0i8Zbo9W8w=,bqKJ2lJu2GlQ7ol0TUeQ6eCa3Wk=
15,5,UXcmvuaDQFd59PQT+0i8Zbo9W8w=,bqKJ2lJu2GlQ7ol0TUeQ6eCa3Wk=
6,11,UXcmvuaDQFd59PQT+0i8Zbo9W8w=,bqKJ2lJu2GlQ7ol0TUeQ6eCa3Wk=
13,2,UXcmvuaDQFd59PQT+0i8Zbo9W8w=,bqKJ2lJu2GlQ7ol0TUeQ6eCa3Wk=
0,2,UXcmvuaDQFd59PQT+0i8Zbo9W8w=,bqKJ2lJu2GlQ7ol0TUeQ6eCa3Wk=
0,0,UXcmvuaDQFd59PQT+0i8Zbo9W8w=,bqKJ2lJu2GlQ7ol0TUeQ6eCa3Wk=
0,9,UXcmvuaDQFd59PQT+0i8Zbo9W8w=,bqKJ2lJu2GlQ7ol0TUeQ6eCa3Wk=
14,5,UXcmvuaDQFd59PQT+0i8Zbo9W8w=,bqKJ2lJu2GlQ7ol0TUeQ6eCa3Wk=
4,12,UXcmvuaDQFd59PQT+0i8Zbo9W8w=,bqKJ2lJu2GlQ7ol0TUeQ6eCa3Wk=
3,9,UXcmvuaDQFd59PQT+0i8Zbo9W8w=,bqKJ2lJu2GlQ7ol0TUeQ6eCa3Wk=
8,2,UXcmvuaDQFd59PQT+0i8Zbo9W8w=,bqKJ2lJu2GlQ7ol0TUeQ6eCa3Wk=
15,1,UXcmvuaDQFd59PQT+0i8Zbo9W8w=,bqKJ2lJu2GlQ7ol0TUeQ6eCa3Wk=
5,8,UXcmvuaDQFd59PQT+0i8Zbo9W8w=,bqKJ2lJu2GlQ7ol0TUeQ6eCa3Wk=
3,8,UXcmvuaDQFd59PQT+0i8Zbo9W8w=,bqKJ2lJu2GlQ7ol0TUeQ6eCa3Wk=
4,8,UXcmvuaDQFd59PQT+0i8Zbo9W8w=,bqKJ2lJu2GlQ7ol0TUeQ6eCa3Wk=
2,8,UXcmvuaDQFd59PQT+0i8Zbo9W8w=,bqKJ2lJu2GlQ7ol0TUeQ6eCa3Wk=
1,9,UXcmvuaDQFd59PQT+0i8Zbo9W8w=,bqKJ2lJu2GlQ7ol0TUeQ6eCa3Wk=
2,6,UXcmvuaDQFd59PQT+0i8Zbo9W8w=,bqKJ2lJu2GlQ7ol0TUeQ6eCa3Wk=
5,6,UXcmvuaDQFd59PQT+0i8Zbo9W8w=,bqKJ2lJu2GlQ7ol0TUeQ6eCa3Wk=
4,6,UXcmvuaDQFd59PQT+0i8Zbo9W8w=,bqKJ2lJu2GlQ7ol0TUeQ6eCa3Wk=
1,8,UXcmvuaDQFd59PQT+0i8Zbo9W8w=,bqKJ2lJu2GlQ7ol0TUeQ6eCa3Wk=
0,6,UXcmvuaDQFd59PQT+0i8Zbo9W8w=,bqKJ2lJu2GlQ7ol0TUeQ6eCa3Wk=
2,11,UXcmvuaDQFd59PQT+0i8Zbo9W8w=,bqKJ2lJu2GlQ7ol0TUeQ6eCa3Wk=
0,8,UXcmvuaDQFd59PQT+0i8Zbo9W8w=,bqKJ2lJu2GlQ7ol0TUeQ6eCa3Wk=
0,11,UXcmvuaDQFd59PQT+0i8Zbo9W8w=,bqKJ2lJu2GlQ7ol0TUeQ6eCa3Wk=
1,6,UXcmvuaDQFd59PQT+0i8Zbo9W8w=,bqKJ2lJu2GlQ7ol0TUeQ6eCa3Wk=
1,11,UXcmvuaDQFd59PQT+0i8Zbo9W8w=,bqKJ2lJu2GlQ7ol0TUeQ6eCa3Wk=
3,11,UXcmvuaDQFd59PQT+0i8Zbo9W8w=,bqKJ2lJu2GlQ7ol0TUeQ6eCa3Wk=
4,11,UXcmvuaDQFd59PQT+0i8Zbo9W8w=,bqKJ2lJu2GlQ7ol0TUeQ6eCa3Wk=
3,6,UXcmvuaDQFd59PQT+0i8Zbo9W8w=,bqKJ2lJu2GlQ7ol0TUeQ6eCa3Wk=
5,11,UXcmvuaDQFd59PQT+0i8Zbo9W8w=,bqKJ2lJu2GlQ7ol0TUeQ6eCa3Wk=
15,31,nsSp4SlXMWEMt424fCjV1LmcQo8=,cNPJ6zJ+4r6g1pWel6m9jrvOCDg=
12,31,nsSp4SlXMWEMt424fCjV1LmcQo8=,cNPJ6zJ+4r6g1pWel6m9jrvOCDg=
13,31,nsSp4SlXMWEMt424fCjV1LmcQo8=,cNPJ6zJ+4r6g1pWel6m9jrvOCDg=
9,31,nsSp4SlXMWEMt424fCjV1LmcQo8=,cNPJ6zJ+4r6g1pWel6m9jrvOCDg=
11,31,nsSp4SlXMWEMt424fCjV1LmcQo8=,cNPJ6zJ+4r6g1pWel6m9jrvOCDg=
14,31,nsSp4SlXMWEMt424fCjV1LmcQo8=,cNPJ6zJ+4r6g1pWel6m9jrvOCDg=
10,31,nsSp4SlXMWEMt424fCjV1LmcQo8=,cNPJ6zJ+4r6g1pWel6m9jrvOCDg=
7,31,nsSp4SlXMWEMt424fCjV1LmcQo8=,cNPJ6zJ+4r6g1pWel6m9jrvOCDg=
8,31,nsSp4SlXMWEMt424fCjV1LmcQo8=,cNPJ6zJ+4r6g1pWel6m9jrvOCDg=
6,31,nsSp4SlXMWEMt424fCjV1LmcQo8=,cNPJ6zJ+4r6g1pWel6m9jrvOCDg=
4,31,nsSp4SlXMWEMt424fCjV1LmcQo8=,cNPJ6zJ+4r6g1pWel6m9jrvOCDg=
5,31,nsSp4SlXMWEMt424fCjV1LmcQo8=,cNPJ6zJ+4r6g1pWel6m9jrvOCDg=
3,31,nsSp4SlXMWEMt424fCjV1LmcQo8=,cNPJ6zJ+4r6g1pWel6m9jrvOCDg=
0,31,nsSp4SlXMWEMt424fCjV1LmcQo8=,cNPJ6zJ+4r6g1pWel6m9jrvOCDg=
1,31,nsSp4SlXMWEMt424fCjV1LmcQo8=,cNPJ6zJ+4r6g1pWel6m9jrvOCDg=
14,30,nsSp4SlXMWEMt424fCjV1LmcQo8=,cNPJ6zJ+4r6g1pWel6m9jrvOCDg=
2,31,nsSp4SlXMWEMt424fCjV1LmcQo8=,cNPJ6zJ+4r6g1pWel6m9jrvOCDg=
13,30,nsSp4SlXMWEMt424fCjV1LmcQo8=,cNPJ6zJ+4r6g1pWel6m9jrvOCDg=
12,30,nsSp4SlXMWEMt424fCjV1LmcQo8=,cNPJ6zJ+4r6g1pWel6m9jrvOCDg=
10,30,nsSp4SlXMWEMt424fCjV1LmcQo8=,cNPJ6zJ+4r6g1pWel6m9jrvOCDg=
8,30,nsSp4SlXMWEMt424fCjV1LmcQo8=,cNPJ6zJ+4r6g1pWel6m9jrvOCDg=
11,30,nsSp4SlXMWEMt424fCjV1LmcQo8=,cNPJ6zJ+4r6g1pWel6m9jrvOCDg=
15,30,nsSp4SlXMWEMt424fCjV1LmcQo8=,cNPJ6zJ+4r6g1pWel6m9jrvOCDg=
9,30,nsSp4SlXMWEMt424fCjV1LmcQo8=,cNPJ6zJ+4r6g1pWel6m9jrvOCDg=
7,30,nsSp4SlXMWEMt424fCjV1LmcQo8=,cNPJ6zJ+4r6g1pWel6m9jrvOCDg=
5,30,nsSp4SlXMWEMt424fCjV1LmcQo8=,cNPJ6zJ+4r6g1pWel6m9jrvOCDg=
6,30,nsSp4SlXMWEMt424fCjV1LmcQo8=,cNPJ6zJ+4r6g1pWel6m9jrvOCDg=
4,30,nsSp4SlXMWEMt424fCjV1LmcQo8=,cNPJ6zJ+4r6g1pWel6m9jrvOCDg=
2,30,nsSp4SlXMWEMt424fCjV1LmcQo8=,cNPJ6zJ+4r6g1pWel6m9jrvOCDg=
3,30,nsSp4SlXMWEMt424fCjV1LmcQo8=,cNPJ6zJ+4r6g1pWel6m9jrvOCDg=
13,18,nsSp4SlXMWEMt424fCjV1LmcQo8=,cNPJ6zJ+4r6g1pWel6m9jrvOCDg=
2,16,nsSp4SlXMWEMt424fCjV1LmcQo8=,cNPJ6zJ+4r6g1pWel6m9jrvOCDg=
11,18,nsSp4SlXMWEMt424fCjV1LmcQo8=,cNPJ6zJ+4r6g1pWel6m9jrvOCDg=
10,18,nsSp4SlXMWEMt424fCjV1LmcQo8=,cNPJ6zJ+4r6g1pWel6m9jrvOCDg=
1,30,nsSp4SlXMWEMt424fCjV1LmcQo8=,cNPJ6zJ+4r6g1pWel6m9jrvOCDg=
0,30,nsSp4SlXMWEMt424fCjV1LmcQo8=,cNPJ6zJ+4r6g1pWel6m9jrvOCDg=
15,29,nsSp4SlXMWEMt424fCjV1LmcQo8=,cNPJ6zJ+4r6g1pWel6m9jrvOCDg=
15,17,nsSp4SlXMWEMt424fCjV1LmcQo8=,cNPJ6zJ+4r6g1pWel6m9jrvOCDg=
14,29,nsSp4SlXMWEMt424fCjV1LmcQo8=,cNPJ6zJ+4r6g1pWel6m9jrvOCDg=
14,17,nsSp4SlXMWEMt424fCjV1LmcQo8=,cNPJ6zJ+4r6g1pWel6m9jrvOCDg=
13,29,nsSp4SlXMWEMt424fCjV1LmcQo8=,cNPJ6zJ+4r6g1pWel6m9jrvOCDg=
12,29,nsSp4SlXMWEMt424fCjV1LmcQo8=,cNPJ6zJ+4r6g1pWel6m9jrvOCDg=
11,29,nsSp4SlXMWEMt424fCjV1LmcQo8=,cNPJ6zJ+4r6g1pWel6m9jrvOCDg=
9,29,nsSp4SlXMWEMt424fCjV1LmcQo8=,cNPJ6zJ+4r6g1pWel6m9jrvOCDg=
10,29,nsSp4SlXMWEMt424fCjV1LmcQo8=,cNPJ6zJ+4r6g1pWel6m9jrvOCDg=
7,29,nsSp4SlXMWEMt424fCjV1LmcQo8=,cNPJ6zJ+4r6g1pWel6m9jrvOCDg=
8,29,nsSp4SlXMWEMt424fCjV1LmcQo8=,cNPJ6zJ+4r6g1pWel6m9jrvOCDg=
5,29,nsSp4SlXMWEMt424fCjV1LmcQo8=,cNPJ6zJ+4r6g1pWel6m9jrvOCDg=
6,29,nsSp4SlXMWEMt424fCjV1LmcQo8=,cNPJ6zJ+4r6g1pWel6m9jrvOCDg=
4,29,nsSp4SlXMWEMt424fCjV1LmcQo8=,cNPJ6zJ+4r6g1pWel6m9jrvOCDg=
2,29,nsSp4SlXMWEMt424fCjV1LmcQo8=,cNPJ6zJ+4r6g1pWel6m9jrvOCDg=
3,29,nsSp4SlXMWEMt424fCjV1LmcQo8=,cNPJ6zJ+4r6g1pWel6m9jrvOCDg=
1,29,nsSp4SlXMWEMt424fCjV1LmcQo8=,cNPJ6zJ+4r6g1pWel6m9jrvOCDg=
15,28,nsSp4SlXMWEMt424fCjV1LmcQo8=,cNPJ6zJ+4r6g1pWel6m9jrvOCDg=
0,29,nsSp4SlXMWEMt424fCjV1LmcQo8=,cNPJ6zJ+4r6g1pWel6m9jrvOCDg=
14,28,nsSp4SlXMWEMt424fCjV1LmcQo8=,cNPJ6zJ+4r6g1pWel6m9jrvOCDg=
12,28,nsSp4SlXMWEMt424fCjV1LmcQo8=,cNPJ6zJ+4r6g1pWel6m9jrvOCDg=
12,18,nsSp4SlXMWEMt424fCjV1LmcQo8=,cNPJ6zJ+4r6g1pWel6m9jrvOCDg=
11,28,nsSp4SlXMWEMt424fCjV1LmcQo8=,cNPJ6zJ+4r6g1pWel6m9jrvOCDg=
13,28,nsSp4SlXMWEMt424fCjV1LmcQo8=,cNPJ6zJ+4r6g1pWel6m9jrvOCDg=
10,28,nsSp4SlXMWEMt424fCjV1LmcQo8=,cNPJ6zJ+4r6g1pWel6m9jrvOCDg=
3,16,nsSp4SlXMWEMt424fCjV1LmcQo8=,cNPJ6zJ+4r6g1pWel6m9jrvOCDg=
10,19,nsSp4SlXMWEMt424fCjV1LmcQo8=,cNPJ6zJ+4r6g1pWel6m9jrvOCDg=
13,17,nsSp4SlXMWEMt424fCjV1LmcQo8=,cNPJ6zJ+4r6g1pWel6m9jrvOCDg=
9,28,nsSp4SlXMWEMt424fCjV1LmcQo8=,cNPJ6zJ+4r6g1pWel6m9jrvOCDg=
7,28,nsSp4SlXMWEMt424fCjV1LmcQo8=,cNPJ6zJ+4r6g1pWel6m9jrvOCDg=
1,17,nsSp4SlXMWEMt424fCjV1LmcQo8=,cNPJ6zJ+4r6g1pWel6m9jrvOCDg=
9,18,nsSp4SlXMWEMt424fCjV1LmcQo8=,cNPJ6zJ+4r6g1pWel6m9jrvOCDg=
8,28,nsSp4SlXMWEMt424fCjV1LmcQo8=,cNPJ6zJ+4r6g1pWel6m9jrvOCDg=
4,28,nsSp4SlXMWEMt424fCjV1LmcQo8=,cNPJ6zJ+4r6g1pWel6m9jrvOCDg=
6,28,nsSp4SlXMWEMt424fCjV1LmcQo8=,cNPJ6zJ+4r6g1pWel6m9jrvOCDg=
5,28,nsSp4SlXMWEMt424fCjV1LmcQo8=,cNPJ6zJ+4r6g1pWel6m9jrvOCDg=
2,28,nsSp4SlXMWEMt424fCjV1LmcQo8=,cNPJ6zJ+4r6g1pWel6m9jrvOCDg=
3,28,nsSp4SlXMWEMt424fCjV1LmcQo8=,cNPJ6zJ+4r6g1pWel6m9jrvOCDg=
1,28,nsSp4SlXMWEMt424fCjV1LmcQo8=,cNPJ6zJ+4r6g1pWel6m9jrvOCDg=
0,28,nsSp4SlXMWEMt424fCjV1LmcQo8=,cNPJ6zJ+4r6g1pWel6m9jrvOCDg=
14,27,nsSp4SlXMWEMt424fCjV1LmcQo8=,cNPJ6zJ+4r6g1pWel6m9jrvOCDg=
15,27,nsSp4SlXMWEMt424fCjV1LmcQo8=,cNPJ6zJ+4r6g1pWel6m9jrvOCDg=
13,27,nsSp4SlXMWEMt424fCjV1LmcQo8=,cNPJ6zJ+4r6g1pWel6m9jrvOCDg=
5,18,nsSp4SlXMWEMt424fCjV1LmcQo8=,cNPJ6zJ+4r6g1pWel6m9jrvOCDg=
12,27,nsSp4SlXMWEMt424fCjV1LmcQo8=,cNPJ6zJ+4r6g1pWel6m9jrvOCDg=
11,27,nsSp4SlXMWEMt424fCjV1LmcQo8=,cNPJ6zJ+4r6g1pWel6m9jrvOCDg=
1,18,nsSp4SlXMWEMt424fCjV1LmcQo8=,cNPJ6zJ+4r6g1pWel6m9jrvOCDg=
9,27,nsSp4SlXMWEMt424fCjV1LmcQo8=,cNPJ6zJ+4r6g1pWel6m9jrvOCDg=
10,27,nsSp4SlXMWEMt424fCjV1LmcQo8=,cNPJ6zJ+4r6g1pWel6m9jrvOCDg=
2,18,nsSp4SlXMWEMt424fCjV1LmcQo8=,cNPJ6zJ+4r6g1pWel6m9jrvOCDg=
7,27,nsSp4SlXMWEMt424fCjV1LmcQo8=,cNPJ6zJ+4r6g1pWel6m9jrvOCDg=
8,27,nsSp4SlXMWEMt424fCjV1LmcQo8=,cNPJ6zJ+4r6g1pWel6m9jrvOCDg=
3,27,nsSp4SlXMWEMt424fCjV1LmcQo8=,cNPJ6zJ+4r6g1pWel6m9jrvOCDg=
6,27,nsSp4SlXMWEMt424fCjV1LmcQo8=,cNPJ6zJ+4r6g1pWel6m9jrvOCDg=
4,27,nsSp4SlXMWEMt424fCjV1LmcQo8=,cNPJ6zJ+4r6g1pWel6m9jrvOCDg=
5,27,nsSp4SlXMWEMt424fCjV1LmcQo8=,cNPJ6zJ+4r6g1pWel6m9jrvOCDg=
12,17,nsSp4SlXMWEMt424fCjV1LmcQo8=,cNPJ6zJ+4r6g1pWel6m9jrvOCDg=
1,27,nsSp4SlXMWEMt424fCjV1LmcQo8=,cNPJ6zJ+4r6g1pWel6m9jrvOCDg=
2,27,nsSp4SlXMWEMt424fCjV1LmcQo8=,cNPJ6zJ+4r6g1pWel6m9jrvOCDg=
11,17,nsSp4SlXMWEMt424fCjV1LmcQo8=,cNPJ6zJ+4r6g1pWel6m9jrvOCDg=
6,18,nsSp4SlXMWEMt424fCjV1LmcQo8=,cNPJ6zJ+4r6g1pWel6m9jrvOCDg=
10,17,nsSp4SlXMWEMt424fCjV1LmcQo8=,cNPJ6zJ+4r6g1pWel6m9jrvOCDg=
15,26,nsSp4SlXMWEMt424fCjV1LmcQo8=,cNPJ6zJ+4r6g1pWel6m9jrvOCDg=
0,27,nsSp4SlXMWEMt424fCjV1LmcQo8=,cNPJ6zJ+4r6g1pWel6m9jrvOCDg=
0,17,nsSp4SlXMWEMt424fCjV1LmcQo8=,cNPJ6zJ+4r6g1pWel6m9jrvOCDg=
14,26,nsSp4SlXMWEMt424fCjV1LmcQo8=,cNPJ6zJ+4r6g1pWel6m9jrvOCDg=
11,26,nsSp4SlXMWEMt424fCjV1LmcQo8=,cNPJ6zJ+4r6g1pWel6m9jrvOCDg=
12,26,nsSp4SlXMWEMt424fCjV1LmcQo8=,cNPJ6zJ+4r6g1pWel6m9jrvOCDg=
13,26,nsSp4SlXMWEMt424fCjV1LmcQo8=,cNPJ6zJ+4r6g1pWel6m9jrvOCDg=
7,26,nsSp4SlXMWEMt424fCjV1LmcQo8=,cNPJ6zJ+4r6g1pWel6m9jrvOCDg=
10,26,nsSp4SlXMWEMt424fCjV1LmcQo8=,cNPJ6zJ+4r6g1pWel6m9jrvOCDg=
6,26,nsSp4SlXMWEMt424fCjV1LmcQo8=,cNPJ6zJ+4r6g1pWel6m9jrvOCDg=
8,26,nsSp4SlXMWEMt424fCjV1LmcQo8=,cNPJ6zJ+4r6g1pWel6m9jrvOCDg=
9,26,nsSp4SlXMWEMt424fCjV1LmcQo8=,cNPJ6zJ+4r6g1pWel6m9jrvOCDg=
5,26,nsSp4SlXMWEMt424fCjV1LmcQo8=,cNPJ6zJ+4r6g1pWel6m9jrvOCDg=
4,26,nsSp4SlXMWEMt424fCjV1LmcQo8=,cNPJ6zJ+4r6g1pWel6m9jrvOCDg=
3,26,nsSp4SlXMWEMt424fCjV1LmcQo8=,cNPJ6zJ+4r6g1pWel6m9jrvOCDg=
1,26,nsSp4SlXMWEMt424fCjV1LmcQo8=,cNPJ6zJ+4r6g1pWel6m9jrvOCDg=
0,26,nsSp4SlXMWEMt424fCjV1LmcQo8=,cNPJ6zJ+4r6g1pWel6m9jrvOCDg=
13,25,nsSp4SlXMWEMt424fCjV1LmcQo8=,cNPJ6zJ+4r6g1pWel6m9jrvOCDg=
14,25,nsSp4SlXMWEMt424fCjV1LmcQo8=,cNPJ6zJ+4r6g1pWel6m9jrvOCDg=
15,25,nsSp4SlXMWEMt424fCjV1LmcQo8=,cNPJ6zJ+4r6g1pWel6m9jrvOCDg=
2,26,nsSp4SlXMWEMt424fCjV1LmcQo8=,cNPJ6zJ+4r6g1pWel6m9jrvOCDg=
11,25,nsSp4SlXMWEMt424fCjV1LmcQo8=,cNPJ6zJ+4r6g1pWel6m9jrvOCDg=
9,17,nsSp4SlXMWEMt424fCjV1LmcQo8=,cNPJ6zJ+4r6g1pWel6m9jrvOCDg=
15,16,nsSp4SlXMWEMt424fCjV1LmcQo8=,cNPJ6zJ+4r6g1pWel6m9jrvOCDg=
12,25,nsSp4SlXMWEMt424fCjV1LmcQo8=,cNPJ6zJ+4r6g1pWel6m9jrvOCDg=
4,25,nsSp4SlXMWEMt424fCjV1LmcQo8=,cNPJ6zJ+4r6g1pWel6m9jrvOCDg=
3,25,nsSp4SlXMWEMt424fCjV1LmcQo8=,cNPJ6zJ+4r6g1pWel6m9jrvOCDg=
10,25,nsSp4SlXMWEMt424fCjV1LmcQo8=,cNPJ6zJ+4r6g1pWel6m9jrvOCDg=
7,25,nsSp4SlXMWEMt424fCjV1LmcQo8=,cNPJ6zJ+4r6g1pWel6m9jrvOCDg=
1,16,nsSp4SlXMWEMt424fCjV1LmcQo8=,cNPJ6zJ+4r6g1pWel6m9jrvOCDg=
9,19,nsSp4SlXMWEMt424fCjV1LmcQo8=,cNPJ6zJ+4r6g1pWel6m9jrvOCDg=
7,17,nsSp4SlXMWEMt424fCjV1LmcQo8=,cNPJ6zJ+4r6g1pWel6m9jrvOCDg=
6,25,nsSp4SlXMWEMt424fCjV1LmcQo8=,cNPJ6zJ+4r6g1pWel6m9jrvOCDg=
15,24,nsSp4SlXMWEMt424fCjV1LmcQo8=,cNPJ6zJ+4r6g1pWel6m9jrvOCDg=
14,24,nsSp4SlXMWEMt424fCjV1LmcQo8=,cNPJ6zJ+4r6g1pWel6m9jrvOCDg=
13,24,nsSp4SlXMWEMt424fCjV1LmcQo8=,cNPJ6zJ+4r6g1pWel6m9jrvOCDg=
4,18,nsSp4SlXMWEMt424fCjV1LmcQo8=,cNPJ6zJ+4r6g1pWel6m9jrvOCDg=
13,16,nsSp4SlXMWEMt424fCjV1LmcQo8=,cNPJ6zJ+4r6g1pWel6m9jrvOCDg=
14,16,nsSp4SlXMWEMt424fCjV1LmcQo8=,cNPJ6zJ+4r6g1pWel6m9jrvOCDg=
8,25,nsSp4SlXMWEMt424fCjV1LmcQo8=,cNPJ6zJ+4r6g1pWel6m9jrvOCDg=
2,25,nsSp4SlXMWEMt424fCjV1LmcQo8=,cNPJ6zJ+4r6g1pWel6m9jrvOCDg=
5,25,nsSp4SlXMWEMt424fCjV1LmcQo8=,cNPJ6zJ+4r6g1pWel6m9jrvOCDg=
3,18,nsSp4SlXMWEMt424fCjV1LmcQo8=,cNPJ6zJ+4r6g1pWel6m9jrvOCDg=
8,17,nsSp4SlXMWEMt424fCjV1LmcQo8=,cNPJ6zJ+4r6g1pWel6m9jrvOCDg=
0,25,nsSp4SlXMWEMt424fCjV1LmcQo8=,cNPJ6zJ+4r6g1pWel6m9jrvOCDg=
0,18,nsSp4SlXMWEMt424fCjV1LmcQo8=,cNPJ6zJ+4r6g1pWel6m9jrvOCDg=
8,18,nsSp4SlXMWEMt424fCjV1LmcQo8=,cNPJ6zJ+4r6g1pWel6m9jrvOCDg=
12,16,nsSp4SlXMWEMt424fCjV1LmcQo8=,cNPJ6zJ+4r6g1pWel6m9jrvOCDg=
9,25,nsSp4SlXMWEMt424fCjV1LmcQo8=,cNPJ6zJ+4r6g1pWel6m9jrvOCDg=
1,25,nsSp4SlXMWEMt424fCjV1LmcQo8=,cNPJ6zJ+4r6g1pWel6m9jrvOCDg=
8,24,nsSp4SlXMWEMt424fCjV1LmcQo8=,cNPJ6zJ+4r6g1pWel6m9jrvOCDg=
11,24,nsSp4SlXMWEMt424fCjV1LmcQo8=,cNPJ6zJ+4r6g1pWel6m9jrvOCDg=
15,23,nsSp4SlXMWEMt424fCjV1LmcQo8=,cNPJ6zJ+4r6g1pWel6m9jrvOCDg=
5,24,nsSp4SlXMWEMt424fCjV1LmcQo8=,cNPJ6zJ+4r6g1pWel6m9jrvOCDg=
7,24,nsSp4SlXMWEMt424fCjV1LmcQo8=,cNPJ6zJ+4r6g1pWel6m9jrvOCDg=
9,24,nsSp4SlXMWEMt424fCjV1LmcQo8=,cNPJ6zJ+4r6g1pWel6m9jrvOCDg=
10,24,nsSp4SlXMWEMt424fCjV1LmcQo8=,cNPJ6zJ+4r6g1pWel6m9jrvOCDg=
4,24,nsSp4SlXMWEMt424fCjV1LmcQo8=,cNPJ6zJ+4r6g1pWel6m9jrvOCDg=
3,24,nsSp4SlXMWEMt424fCjV1LmcQo8=,cNPJ6zJ+4r6g1pWel6m9jrvOCDg=
6,19,nsSp4SlXMWEMt424fCjV1LmcQo8=,cNPJ6zJ+4r6g1pWel6m9jrvOCDg=
12,24,nsSp4SlXMWEMt424fCjV1LmcQo8=,cNPJ6zJ+4r6g1pWel6m9jrvOCDg=
2,24,nsSp4SlXMWEMt424fCjV1LmcQo8=,cNPJ6zJ+4r6g1pWel6m9jrvOCDg=
14,23,nsSp4SlXMWEMt424fCjV1LmcQo8=,cNPJ6zJ+4r6g1pWel6m9jrvOCDg=
5,19,nsSp4SlXMWEMt424fCjV1LmcQo8=,cNPJ6zJ+4r6g1pWel6m9jrvOCDg=
7,18,nsSp4SlXMWEMt424fCjV1LmcQo8=,cNPJ6zJ+4r6g1pWel6m9jrvOCDg=
6,24,nsSp4SlXMWEMt424fCjV1LmcQo8=,cNPJ6zJ+4r6g1pWel6m9jrvOCDg=
0,24,nsSp4SlXMWEMt424fCjV1LmcQo8=,cNPJ6zJ+4r6g1pWel6m9jrvOCDg=
6,17,nsSp4SlXMWEMt424fCjV1LmcQo8=,cNPJ6zJ+4r6g1pWel6m9jrvOCDg=
12,23,nsSp4SlXMWEMt424fCjV1LmcQo8=,cNPJ6zJ+4r6g1pWel6m9jrvOCDg=
1,24,nsSp4SlXMWEMt424fCjV1LmcQo8=,cNPJ6zJ+4r6g1pWel6m9jrvOCDg=
8,23,nsSp4SlXMWEMt424fCjV1LmcQo8=,cNPJ6zJ+4r6g1pWel6m9jrvOCDg=
5,23,nsSp4SlXMWEMt424fCjV1LmcQo8=,cNPJ6zJ+4r6g1pWel6m9jrvOCDg=
3,23,nsSp4SlXMWEMt424fCjV1LmcQo8=,cNPJ6zJ+4r6g1pWel6m9jrvOCDg=
6,23,nsSp4SlXMWEMt424fCjV1LmcQo8=,cNPJ6zJ+4r6g1pWel6m9jrvOCDg=
9,23,nsSp4SlXMWEMt424fCjV1LmcQo8=,cNPJ6zJ+4r6g1pWel6m9jrvOCDg=
4,23,nsSp4SlXMWEMt424fCjV1LmcQo8=,cNPJ6zJ+4r6g1pWel6m9jrvOCDg=
11,16,nsSp4SlXMWEMt424fCjV1LmcQo8=,cNPJ6zJ+4r6g1pWel6m9jrvOCDg=
10,23,nsSp4SlXMWEMt424fCjV1LmcQo8=,cNPJ6zJ+4r6g1pWel6m9jrvOCDg=
1,23,nsSp4SlXMWEMt424fCjV1LmcQo8=,cNPJ6zJ+4r6g1pWel6m9jrvOCDg=
11,23,nsSp4SlXMWEMt424fCjV1LmcQo8=,cNPJ6zJ+4r6g1pWel6m9jrvOCDg=
11,19,nsSp4SlXMWEMt424fCjV1LmcQo8=,cNPJ6zJ+4r6g1pWel6m9jrvOCDg=
0,23,nsSp4SlXMWEMt424fCjV1LmcQo8=,cNPJ6zJ+4r6g1pWel6m9jrvOCDg=
10,16,nsSp4SlXMWEMt424fCjV1LmcQo8=,cNPJ6zJ+4r6g1pWel6m9jrvOCDg=
13,23,nsSp4SlXMWEMt424fCjV1LmcQo8=,cNPJ6zJ+4r6g1pWel6m9jrvOCDg=
7,23,nsSp4SlXMWEMt424fCjV1LmcQo8=,cNPJ6zJ+4r6g1pWel6m9jrvOCDg=
15,22,nsSp4SlXMWEMt424fCjV1LmcQo8=,cNPJ6zJ+4r6g1pWel6m9jrvOCDg=
2,23,nsSp4SlXMWEMt424fCjV1LmcQo8=,cNPJ6zJ+4r6g1pWel6m9jrvOCDg=
14,22,nsSp4SlXMWEMt424fCjV1LmcQo8=,cNPJ6zJ+4r6g1pWel6m9jrvOCDg=
5,17,nsSp4SlXMWEMt424fCjV1LmcQo8=,cNPJ6zJ+4r6g1pWel6m9jrvOCDg=
11,22,nsSp4SlXMWEMt424fCjV1LmcQo8=,cNPJ6zJ+4r6g1pWel6m9jrvOCDg=
7,22,nsSp4SlXMWEMt424fCjV1LmcQo8=,cNPJ6zJ+4r6g1pWel6m9jrvOCDg=
12,22,nsSp4SlXMWEMt424fCjV1LmcQo8=,cNPJ6zJ+4r6g1pWel6m9jrvOCDg=
13,22,nsSp4SlXMWEMt424fCjV1LmcQo8=,cNPJ6zJ+4r6g1pWel6m9jrvOCDg=
4,22,nsSp4SlXMWEMt424fCjV1LmcQo8=,cNPJ6zJ+4r6g1pWel6m9jrvOCDg=
3,22,nsSp4SlXMWEMt424fCjV1LmcQo8=,cNPJ6zJ+4r6g1pWel6m9jrvOCDg=
8,22,nsSp4SlXMWEMt424fCjV1LmcQo8=,cNPJ6zJ+4r6g1pWel6m9jrvOCDg=
9,22,nsSp4SlXMWEMt424fCjV1LmcQo8=,cNPJ6zJ+4r6g1pWel6m9jrvOCDg=
13,21,nsSp4SlXMWEMt424fCjV1LmcQo8=,cNPJ6zJ+4r6g1pWel6m9jrvOCDg=
14,21,nsSp4SlXMWEMt424fCjV1LmcQo8=,cNPJ6zJ+4r6g1pWel6m9jrvOCDg=
15,21,nsSp4SlXMWEMt424fCjV1LmcQo8=,cNPJ6zJ+4r6g1pWel6m9jrvOCDg=
6,22,nsSp4SlXMWEMt424fCjV1LmcQo8=,cNPJ6zJ+4r6g1pWel6m9jrvOCDg=
10,22,nsSp4SlXMWEMt424fCjV1LmcQo8=,cNPJ6zJ+4r6g1pWel6m9jrvOCDg=
5,22,nsSp4SlXMWEMt424fCjV1LmcQo8=,cNPJ6zJ+4r6g1pWel6m9jrvOCDg=
12,21,nsSp4SlXMWEMt424fCjV1LmcQo8=,cNPJ6zJ+4r6g1pWel6m9jrvOCDg=
1,22,nsSp4SlXMWEMt424fCjV1LmcQo8=,cNPJ6zJ+4r6g1pWel6m9jrvOCDg=
10,21,nsSp4SlXMWEMt424fCjV1LmcQo8=,cNPJ6zJ+4r6g1pWel6m9jrvOCDg=
11,21,nsSp4SlXMWEMt424fCjV1LmcQo8=,cNPJ6zJ+4r6g1pWel6m9jrvOCDg=
3,19,nsSp4SlXMWEMt424fCjV1LmcQo8=,cNPJ6zJ+4r6g1pWel6m9jrvOCDg=
7,16,nsSp4SlXMWEMt424fCjV1LmcQo8=,cNPJ6zJ+4r6g1pWel6m9jrvOCDg=
2,22,nsSp4SlXMWEMt424fCjV1LmcQo8=,cNPJ6zJ+4r6g1pWel6m9jrvOCDg=
8,16,nsSp4SlXMWEMt424fCjV1LmcQo8=,cNPJ6zJ+4r6g1pWel6m9jrvOCDg=
3,17,nsSp4SlXMWEMt424fCjV1LmcQo8=,cNPJ6zJ+4r6g1pWel6m9jrvOCDg=
0,22,nsSp4SlXMWEMt424fCjV1LmcQo8=,cNPJ6zJ+4r6g1pWel6m9jrvOCDg=
9,16,nsSp4SlXMWEMt424fCjV1LmcQo8=,cNPJ6zJ+4r6g1pWel6m9jrvOCDg=
4,17,nsSp4SlXMWEMt424fCjV1LmcQo8=,cNPJ6zJ+4r6g1pWel6m9jrvOCDg=
8,19,nsSp4SlXMWEMt424fCjV1LmcQo8=,cNPJ6zJ+4r6g1pWel6m9jrvOCDg=
6,16,nsSp4SlXMWEMt424fCjV1LmcQo8=,cNPJ6zJ+4r6g1pWel6m9jrvOCDg=
15,20,nsSp4SlXMWEMt424fCjV1LmcQo8=,cNPJ6zJ+4r6g1pWel6m9jrvOCDg=
6,21,nsSp4SlXMWEMt424fCjV1LmcQo8=,cNPJ6zJ+4r6g1pWel6m9jrvOCDg=
14,20,nsSp4SlXMWEMt424fCjV1LmcQo8=,cNPJ6zJ+4r6g1pWel6m9jrvOCDg=
5,21,nsSp4SlXMWEMt424fCjV1LmcQo8=,cNPJ6zJ+4r6g1pWel6m9jrvOCDg=
13,20,nsSp4SlXMWEMt424fCjV1LmcQo8=,cNPJ6zJ+4r6g1pWel6m9jrvOCDg=
12,19,nsSp4SlXMWEMt424fCjV1LmcQo8=,cNPJ6zJ+4r6g1pWel6m9jrvOCDg=
2,21,nsSp4SlXMWEMt424fCjV1LmcQo8=,cNPJ6zJ+4r6g1pWel6m9jrvOCDg=
4,19,nsSp4SlXMWEMt424fCjV1LmcQo8=,cNPJ6zJ+4r6g1pWel6m9jrvOCDg=
2,19,nsSp4SlXMWEMt424fCjV1LmcQo8=,cNPJ6zJ+4r6g1pWel6m9jrvOCDg=
0,16,nsSp4SlXMWEMt424fCjV1LmcQo8=,cNPJ6zJ+4r6g1pWel6m9jrvOCDg=
9,21,nsSp4SlXMWEMt424fCjV1LmcQo8=,cNPJ6zJ+4r6g1pWel6m9jrvOCDg=
10,20,nsSp4SlXMWEMt424fCjV1LmcQo8=,cNPJ6zJ+4r6g1pWel6m9jrvOCDg=
1,21,nsSp4SlXMWEMt424fCjV1LmcQo8=,cNPJ6zJ+4r6g1pWel6m9jrvOCDg=
5,16,nsSp4SlXMWEMt424fCjV1LmcQo8=,cNPJ6zJ+4r6g1pWel6m9jrvOCDg=
1,19,nsSp4SlXMWEMt424fCjV1LmcQo8=,cNPJ6zJ+4r6g1pWel6m9jrvOCDg=
4,16,nsSp4SlXMWEMt424fCjV1LmcQo8=,cNPJ6zJ+4r6g1pWel6m9jrvOCDg=
14,18,nsSp4SlXMWEMt424fCjV1LmcQo8=,cNPJ6zJ+4r6g1pWel6m9jrvOCDg=
15,18,nsSp4SlXMWEMt424fCjV1LmcQo8=,cNPJ6zJ+4r6g1pWel6m9jrvOCDg=
9,20,nsSp4SlXMWEMt424fCjV1LmcQo8=,cNPJ6zJ+4r6g1pWel6m9jrvOCDg=
2,17,nsSp4SlXMWEMt424fCjV1LmcQo8=,cNPJ6zJ+4r6g1pWel6m9jrvOCDg=
11,20,nsSp4SlXMWEMt424fCjV1LmcQo8=,cNPJ6zJ+4r6g1pWel6m9jrvOCDg=
13,19,nsSp4SlXMWEMt424fCjV1LmcQo8=,cNPJ6zJ+4r6g1pWel6m9jrvOCDg=
12,20,nsSp4SlXMWEMt424fCjV1LmcQo8=,cNPJ6zJ+4r6g1pWel6m9jrvOCDg=
2,20,nsSp4SlXMWEMt424fCjV1LmcQo8=,cNPJ6zJ+4r6g1pWel6m9jrvOCDg=
14,19,nsSp4SlXMWEMt424fCjV1LmcQo8=,cNPJ6zJ+4r6g1pWel6m9jrvOCDg=
15,19,nsSp4SlXMWEMt424fCjV1LmcQo8=,cNPJ6zJ+4r6g1pWel6m9jrvOCDg=
3,21,nsSp4SlXMWEMt424fCjV1LmcQo8=,cNPJ6zJ+4r6g1pWel6m9jrvOCDg=
6,20,nsSp4SlXMWEMt424fCjV1LmcQo8=,cNPJ6zJ+4r6g1pWel6m9jrvOCDg=
8,21,nsSp4SlXMWEMt424fCjV1LmcQo8=,cNPJ6zJ+4r6g1pWel6m9jrvOCDg=
5,20,nsSp4SlXMWEMt424fCjV1LmcQo8=,cNPJ6zJ+4r6g1pWel6m9jrvOCDg=
7,19,nsSp4SlXMWEMt424fCjV1LmcQo8=,cNPJ6zJ+4r6g1pWel6m9jrvOCDg=
7,21,nsSp4SlXMWEMt424fCjV1LmcQo8=,cNPJ6zJ+4r6g1pWel6m9jrvOCDg=
1,20,nsSp4SlXMWEMt424fCjV1LmcQo8=,cNPJ6zJ+4r6g1pWel6m9jrvOCDg=
0,20,nsSp4SlXMWEMt424fCjV1LmcQo8=,cNPJ6zJ+4r6g1pWel6m9jrvOCDg=
4,21,nsSp4SlXMWEMt424fCjV1LmcQo8=,cNPJ6zJ+4r6g1pWel6m9jrvOCDg=
0,21,nsSp4SlXMWEMt424fCjV1LmcQo8=,cNPJ6zJ+4r6g1pWel6m9jrvOCDg=
4,20,nsSp4SlXMWEMt424fCjV1LmcQo8=,cNPJ6zJ+4r6g1pWel6m9jrvOCDg=
0,19,nsSp4SlXMWEMt424fCjV1LmcQo8=,cNPJ6zJ+4r6g1pWel6m9jrvOCDg=
8,20,nsSp4SlXMWEMt424fCjV1LmcQo8=,cNPJ6zJ+4r6g1pWel6m9jrvOCDg=
3,20,nsSp4SlXMWEMt424fCjV1LmcQo8=,cNPJ6zJ+4r6g1pWel6m9jrvOCDg=
7,20,nsSp4SlXMWEMt424fCjV1LmcQo8=,cNPJ6zJ+4r6g1pWel6m9jrvOCDg=
31,31,zu6Z59EY3yC9+T7/+8bCx1KMH3s=,kjWWKBOqnXQEojzptdVnnoQIdL8=
29,18,zu6Z59EY3yC9+T7/+8bCx1KMH3s=,kjWWKBOqnXQEojzptdVnnoQIdL8=
31,17,zu6Z59EY3yC9+T7/+8bCx1KMH3s=,kjWWKBOqnXQEojzptdVnnoQIdL8=
30,31,zu6Z59EY3yC9+T7/+8bCx1KMH3s=,kjWWKBOqnXQEojzptdVnnoQIdL8=
30,17,zu6Z59EY3yC9+T7/+8bCx1KMH3s=,kjWWKBOqnXQEojzptdVnnoQIdL8=
19,16,zu6Z59EY3yC9+T7/+8bCx1KMH3s=,kjWWKBOqnXQEojzptdVnnoQIdL8=
29,17,zu6Z59EY3yC9+T7/+8bCx1KMH3s=,kjWWKBOqnXQEojzptdVnnoQIdL8=
27,17,zu6Z59EY3yC9+T7/+8bCx1KMH3s=,kjWWKBOqnXQEojzptdVnnoQIdL8=
25,17,zu6Z59EY3yC9+T7/+8bCx1KMH3s=,kjWWKBOqnXQEojzptdVnnoQIdL8=
26,17,zu6Z59EY3yC9+T7/+8bCx1KMH3s=,kjWWKBOqnXQEojzptdVnnoQIdL8=
29,31,zu6Z59EY3yC9+T7/+8bCx1KMH3s=,kjWWKBOqnXQEojzptdVnnoQIdL8=
23,17,zu6Z59EY3yC9+T7/+8bCx1KMH3s=,kjWWKBOqnXQEojzptdVnnoQIdL8=
24,17,zu6Z59EY3yC9+T7/+8bCx1KMH3s=,kjWWKBOqnXQEojzptdVnnoQIdL8=
22,17,zu6Z59EY3yC9+T7/+8bCx1KMH3s=,kjWWKBOqnXQEojzptdVnnoQIdL8=
28,17,zu6Z59EY3yC9+T7/+8bCx1KMH3s=,kjWWKBOqnXQEojzptdVnnoQIdL8=
28,31,zu6Z59EY3yC9+T7/+8bCx1KMH3s=,kjWWKBOqnXQEojzptdVnnoQIdL8=
27,31,zu6Z59EY3yC9+T7/+8bCx1KMH3s=,kjWWKBOqnXQEojzptdVnnoQIdL8=
30,18,zu6Z59EY3yC9+T7/+8bCx1KMH3s=,kjWWKBOqnXQEojzptdVnnoQIdL8=
21,17,zu6Z59EY3yC9+T7/+8bCx1KMH3s=,kjWWKBOqnXQEojzptdVnnoQIdL8=
20,17,zu6Z59EY3yC9+T7/+8bCx1KMH3s=,kjWWKBOqnXQEojzptdVnnoQIdL8=
25,31,zu6Z59EY3yC9+T7/+8bCx1KMH3s=,kjWWKBOqnXQEojzptdVnnoQIdL8=
26,31,zu6Z59EY3yC9+T7/+8bCx1KMH3s=,kjWWKBOqnXQEojzptdVnnoQIdL8=
24,31,zu6Z59EY3yC9+T7/+8bCx1KMH3s=,kjWWKBOqnXQEojzptdVnnoQIdL8=
31,18,zu6Z59EY3yC9+T7/+8bCx1KMH3s=,kjWWKBOqnXQEojzptdVnnoQIdL8=
23,31,zu6Z59EY3yC9+T7/+8bCx1KMH3s=,kjWWKBOqnXQEojzptdVnnoQIdL8=
21,31,zu6Z59EY3yC9+T7/+8bCx1KMH3s=,kjWWKBOqnXQEojzptdVnnoQIdL8=
22,31,zu6Z59EY3yC9+T7/+8bCx1KMH3s=,kjWWKBOqnXQEojzptdVnnoQIdL8=
19,17,zu6Z59EY3yC9+T7/+8bCx1KMH3s=,kjWWKBOqnXQEojzptdVnnoQIdL8=
19,31,zu6Z59EY3yC9+T7/+8bCx1KMH3s=,kjWWKBOqnXQEojzptdVnnoQIdL8=
16,31,zu6Z59EY3yC9+T7/+8bCx1KMH3s=,kjWWKBOqnXQEojzptdVnnoQIdL8=
20,31,zu6Z59EY3yC9+T7/+8bCx1KMH3s=,kjWWKBOqnXQEojzptdVnnoQIdL8=
31,30,zu6Z59EY3yC9+T7/+8bCx1KMH3s=,kjWWKBOqnXQEojzptdVnnoQIdL8=
18,31,zu6Z59EY3yC9+T7/+8bCx1KMH3s=,kjWWKBOqnXQEojzptdVnnoQIdL8=
17,31,zu6Z59EY3yC9+T7/+8bCx1KMH3s=,kjWWKBOqnXQEojzptdVnnoQIdL8=
30,30,zu6Z59EY3yC9+T7/+8bCx1KMH3s=,kjWWKBOqnXQEojzptdVnnoQIdL8=
17,17,zu6Z59EY3yC9+T7/+8bCx1KMH3s=,kjWWKBOqnXQEojzptdVnnoQIdL8=
28,18,zu6Z59EY3yC9+T7/+8bCx1KMH3s=,kjWWKBOqnXQEojzptdVnnoQIdL8=
18,16,zu6Z59EY3yC9+T7/+8bCx1KMH3s=,kjWWKBOqnXQEojzptdVnnoQIdL8=
18,17,zu6Z59EY3yC9+T7/+8bCx1KMH3s=,kjWWKBOqnXQEojzptdVnnoQIdL8=
29,30,zu6Z59EY3yC9+T7/+8bCx1KMH3s=,kjWWKBOqnXQEojzptdVnnoQIdL8=
28,30,zu6Z59EY3yC9+T7/+8bCx1KMH3s=,kjWWKBOqnXQEojzptdVnnoQIdL8=
24,30,zu6Z59EY3yC9+T7/+8bCx1KMH3s=,kjWWKBOqnXQEojzptdVnnoQIdL8=
27,30,zu6Z59EY3yC9+T7/+8bCx1KMH3s=,kjWWKBOqnXQEojzptdVnnoQIdL8=
26,30,zu6Z59EY3yC9+T7/+8bCx1KMH3s=,kjWWKBOqnXQEojzptdVnnoQIdL8=
23,30,zu6Z59EY3yC9+T7/+8bCx1KMH3s=,kjWWKBOqnXQEojzptdVnnoQIdL8=
25,30,zu6Z59EY3yC9+T7/+8bCx1KMH3s=,kjWWKBOqnXQEojzptdVnnoQIdL8=
21,30,zu6Z59EY3yC9+T7/+8bCx1KMH3s=,kjWWKBOqnXQEojzptdVnnoQIdL8=
22,30,zu6Z59EY3yC9+T7/+8bCx1KMH3s=,kjWWKBOqnXQEojzptdVnnoQIdL8=
19,30,zu6Z59EY3yC9+T7/+8bCx1KMH3s=,kjWWKBOqnXQEojzptdVnnoQIdL8=
16,30,zu6Z59EY3yC9+T7/+8bCx1KMH3s=,kjWWKBOqnXQEojzptdVnnoQIdL8=
17,30,zu6Z59EY3yC9+T7/+8bCx1KMH3s=,kjWWKBOqnXQEojzptdVnnoQIdL8=
18,30,zu6Z59EY3yC9+T7/+8bCx1KMH3s=,kjWWKBOqnXQEojzptdVnnoQIdL8=
20,30,zu6Z59EY3yC9+T7/+8bCx1KMH3s=,kjWWKBOqnXQEojzptdVnnoQIdL8=
30,29,zu6Z59EY3yC9+T7/+8bCx1KMH3s=,kjWWKBOqnXQEojzptdVnnoQIdL8=
31,29,zu6Z59EY3yC9+T7/+8bCx1KMH3s=,kjWWKBOqnXQEojzptdVnnoQIdL8=
16,17,zu6Z59EY3yC9+T7/+8bCx1KMH3s=,kjWWKBOqnXQEojzptdVnnoQIdL8=
29,29,zu6Z59EY3yC9+T7/+8bCx1KMH3s=,kjWWKBOqnXQEojzptdVnnoQIdL8=
28,29,zu6Z59EY3yC9+T7/+8bCx1KMH3s=,kjWWKBOqnXQEojzptdVnnoQIdL8=
27,29,zu6Z59EY3yC9+T7/+8bCx1KMH3s=,kjWWKBOqnXQEojzptdVnnoQIdL8=
27,18,zu6Z59EY3yC9+T7/+8bCx1KMH3s=,kjWWKBOqnXQEojzptdVnnoQIdL8=
23,29,zu6Z59EY3yC9+T7/+8bCx1KMH3s=,kjWWKBOqnXQEojzptdVnnoQIdL8=
26,29,zu6Z59EY3yC9+T7/+8bCx1KMH3s=,kjWWKBOqnXQEojzptdVnnoQIdL8=
24,29,zu6Z59EY3yC9+T7/+8bCx1KMH3s=,kjWWKBOqnXQEojzptdVnnoQIdL8=
22,29,zu6Z59EY3yC9+T7/+8bCx1KMH3s=,kjWWKBOqnXQEojzptdVnnoQIdL8=
20,29,zu6Z59EY3yC9+T7/+8bCx1KMH3s=,kjWWKBOqnXQEojzptdVnnoQIdL8=
25,29,zu6Z59EY3yC9+T7/+8bCx1KMH3s=,kjWWKBOqnXQEojzptdVnnoQIdL8=
21,29,zu6Z59EY3yC9+T7/+8bCx1KMH3s=,kjWWKBOqnXQEojzptdVnnoQIdL8=
18,29,zu6Z59EY3yC9+T7/+8bCx1KMH3s=,kjWWKBOqnXQEojzptdVnnoQIdL8=
31,16,zu6Z59EY3yC9+T7/+8bCx1KMH3s=,kjWWKBOqnXQEojzptdVnnoQIdL8=
17,29,zu6Z59EY3yC9+T7/+8bCx1KMH3s=,kjWWKBOqnXQEojzptdVnnoQIdL8=
17,16,zu6Z59EY3yC9+T7/+8bCx1KMH3s=,kjWWKBOqnXQEojzptdVnnoQIdL8=
16,29,zu6Z59EY3yC9+T7/+8bCx1KMH3s=,kjWWKBOqnXQEojzptdVnnoQIdL8=
30,28,zu6Z59EY3yC9+T7/+8bCx1KMH3s=,kjWWKBOqnXQEojzptdVnnoQIdL8=
31,28,zu6Z59EY3yC9+T7/+8bCx1KMH3s=,kjWWKBOqnXQEojzptdVnnoQIdL8=
29,28,zu6Z59EY3yC9+T7/+8bCx1KMH3s=,kjWWKBOqnXQEojzptdVnnoQIdL8=
28,28,zu6Z59EY3yC9+T7/+8bCx1KMH3s=,kjWWKBOqnXQEojzptdVnnoQIdL8=
24,28,zu6Z59EY3yC9+T7/+8bCx1KMH3s=,kjWWKBOqnXQEojzptdVnnoQIdL8=
25,28,zu6Z59EY3yC9+T7/+8bCx1KMH3s=,kjWWKBOqnXQEojzptdVnnoQIdL8=
27,28,zu6Z59EY3yC9+T7/+8bCx1KMH3s=,kjWWKBOqnXQEojzptdVnnoQIdL8=
19,29,zu6Z59EY3yC9+T7/+8bCx1KMH3s=,kjWWKBOqnXQEojzptdVnnoQIdL8=
26,18,zu6Z59EY3yC9+T7/+8bCx1KMH3s=,kjWWKBOqnXQEojzptdVnnoQIdL8=
30,16,zu6Z59EY3yC9+T7/+8bCx1KMH3s=,kjWWKBOqnXQEojzptdVnnoQIdL8=
22,28,zu6Z59EY3yC9+T7/+8bCx1KMH3s=,kjWWKBOqnXQEojzptdVnnoQIdL8=
26,28,zu6Z59EY3yC9+T7/+8bCx1KMH3s=,kjWWKBOqnXQEojzptdVnnoQIdL8=
20,28,zu6Z59EY3yC9+T7/+8bCx1KMH3s=,kjWWKBOqnXQEojzptdVnnoQIdL8=
19,28,zu6Z59EY3yC9+T7/+8bCx1KMH3s=,kjWWKBOqnXQEojzptdVnnoQIdL8=
17,28,zu6Z59EY3yC9+T7/+8bCx1KMH3s=,kjWWKBOqnXQEojzptdVnnoQIdL8=
23,28,zu6Z59EY3yC9+T7/+8bCx1KMH3s=,kjWWKBOqnXQEojzptdVnnoQIdL8=
31,27,zu6Z59EY3yC9+T7/+8bCx1KMH3s=,kjWWKBOqnXQEojzptdVnnoQIdL8=
21,28,zu6Z59EY3yC9+T7/+8bCx1KMH3s=,kjWWKBOqnXQEojzptdVnnoQIdL8=
16,28,zu6Z59EY3yC9+T7/+8bCx1KMH3s=,kjWWKBOqnXQEojzptdVnnoQIdL8=
18,28,zu6Z59EY3yC9+T7/+8bCx1KMH3s=,kjWWKBOqnXQEojzptdVnnoQIdL8=
28,27,zu6Z59EY3yC9+T7/+8bCx1KMH3s=,kjWWKBOqnXQEojzptdVnnoQIdL8=
29,27,zu6Z59EY3yC9+T7/+8bCx1KMH3s=,kjWWKBOqnXQEojzptdVnnoQIdL8=
30,27,zu6Z59EY3yC9+T7/+8bCx1KMH3s=,kjWWKBOqnXQEojzptdVnnoQIdL8=
29,16,zu6Z59EY3yC9+T7/+8bCx1KMH3s=,kjWWKBOqnXQEojzptdVnnoQIdL8=
27,27,zu6Z59EY3yC9+T7/+8bCx1KMH3s=,kjWWKBOqnXQEojzptdVnnoQIdL8=
26,27,zu6Z59EY3yC9+T7/+8bCx1KMH3s=,kjWWKBOqnXQEojzptdVnnoQIdL8=
22,27,zu6Z59EY3yC9+T7/+8bCx1KMH3s=,kjWWKBOqnXQEojzptdVnnoQIdL8=
24,27,zu6Z59EY3yC9+T7/+8bCx1KMH3s=,kjWWKBOqnXQEojzptdVnnoQIdL8=
25,18,zu6Z59EY3yC9+T7/+8bCx1KMH3s=,kjWWKBOqnXQEojzptdVnnoQIdL8=
23,27,zu6Z59EY3yC9+T7/+8bCx1KMH3s=,kjWWKBOqnXQEojzptdVnnoQIdL8=
25,27,zu6Z59EY3yC9+T7/+8bCx1KMH3s=,kjWWKBOqnXQEojzptdVnnoQIdL8=
21,27,zu6Z59EY3yC9+T7/+8bCx1KMH3s=,kjWWKBOqnXQEojzptdVnnoQIdL8=
18,27,zu6Z59EY3yC9+T7/+8bCx1KMH3s=,kjWWKBOqnXQEojzptdVnnoQIdL8=
17,27,zu6Z59EY3yC9+T7/+8bCx1KMH3s=,kjWWKBOqnXQEojzptdVnnoQIdL8=
19,27,zu6Z59EY3yC9+T7/+8bCx1KMH3s=,kjWWKBOqnXQEojzptdVnnoQIdL8=
20,27,zu6Z59EY3yC9+T7/+8bCx1KMH3s=,kjWWKBOqnXQEojzptdVnnoQIdL8=
31,26,zu6Z59EY3yC9+T7/+8bCx1KMH3s=,kjWWKBOqnXQEojzptdVnnoQIdL8=
16,27,zu6Z59EY3yC9+T7/+8bCx1KMH3s=,kjWWKBOqnXQEojzptdVnnoQIdL8=
29,26,zu6Z59EY3yC9+T7/+8bCx1KMH3s=,kjWWKBOqnXQEojzptdVnnoQIdL8=
28,16,zu6Z59EY3yC9+T7/+8bCx1KMH3s=,kjWWKBOqnXQEojzptdVnnoQIdL8=
26,26,zu6Z59EY3yC9+T7/+8bCx1KMH3s=,kjWWKBOqnXQEojzptdVnnoQIdL8=
28,26,zu6Z59EY3yC9+T7/+8bCx1KMH3s=,kjWWKBOqnXQEojzptdVnnoQIdL8=
27,26,zu6Z59EY3yC9+T7/+8bCx1KMH3s=,kjWWKBOqnXQEojzptdVnnoQIdL8=
24,18,zu6Z59EY3yC9+T7/+8bCx1KMH3s=,kjWWKBOqnXQEojzptdVnnoQIdL8=
30,26,zu6Z59EY3yC9+T7/+8bCx1KMH3s=,kjWWKBOqnXQEojzptdVnnoQIdL8=
23,26,zu6Z59EY3yC9+T7/+8bCx1KMH3s=,kjWWKBOqnXQEojzptdVnnoQIdL8=
25,26,zu6Z59EY3yC9+T7/+8bCx1KMH3s=,kjWWKBOqnXQEojzptdVnnoQIdL8=
21,26,zu6Z59EY3yC9+T7/+8bCx1KMH3s=,kjWWKBOqnXQEojzptdVnnoQIdL8=
19,26,zu6Z59EY3yC9+T7/+8bCx1KMH3s=,kjWWKBOqnXQEojzptdVnnoQIdL8=
22,26,zu6Z59EY3yC9+T7/+8bCx1KMH3s=,kjWWKBOqnXQEojzptdVnnoQIdL8=
16,26,zu6Z59EY3yC9+T7/+8bCx1KMH3s=,kjWWKBOqnXQEojzptdVnnoQIdL8=
24,26,zu6Z59EY3yC9+T7/+8bCx1KMH3s=,kjWWKBOqnXQEojzptdVnnoQIdL8=
29,25,zu6Z59EY3yC9+T7/+8bCx1KMH3s=,kjWWKBOqnXQEojzptdVnnoQIdL8=
18,26,zu6Z59EY3yC9+T7/+8bCx1KMH3s=,kjWWKBOqnXQEojzptdVnnoQIdL8=
17,26,zu6Z59EY3yC9+T7/+8bCx1KMH3s=,kjWWKBOqnXQEojzptdVnnoQIdL8=
20,26,zu6Z59EY3yC9+T7/+8bCx1KMH3s=,kjWWKBOqnXQEojzptdVnnoQIdL8=
30,25,zu6Z59EY3yC9+T7/+8bCx1KMH3s=,kjWWKBOqnXQEojzptdVnnoQIdL8=
23,18,zu6Z59EY3yC9+T7/+8bCx1KMH3s=,kjWWKBOqnXQEojzptdVnnoQIdL8=
28,25,zu6Z59EY3yC9+T7/+8bCx1KMH3s=,kjWWKBOqnXQEojzptdVnnoQIdL8=
27,25,zu6Z59EY3yC9+T7/+8bCx1KMH3s=,kjWWKBOqnXQEojzptdVnnoQIdL8=
26,25,zu6Z59EY3yC9+T7/+8bCx1KMH3s=,kjWWKBOqnXQEojzptdVnnoQIdL8=
31,25,zu6Z59EY3yC9+T7/+8bCx1KMH3s=,kjWWKBOqnXQEojzptdVnnoQIdL8=
25,25,zu6Z59EY3yC9+T7/+8bCx1KMH3s=,kjWWKBOqnXQEojzptdVnnoQIdL8=
24,25,zu6Z59EY3yC9+T7/+8bCx1KMH3s=,kjWWKBOqnXQEojzptdVnnoQIdL8=
23,25,zu6Z59EY3yC9+T7/+8bCx1KMH3s=,kjWWKBOqnXQEojzptdVnnoQIdL8=
22,25,zu6Z59EY3yC9+T7/+8bCx1KMH3s=,kjWWKBOqnXQEojzptdVnnoQIdL8=
20,25,zu6Z59EY3yC9+T7/+8bCx1KMH3s=,kjWWKBOqnXQEojzptdVnnoQIdL8=
27,16,zu6Z59EY3yC9+T7/+8bCx1KMH3s=,kjWWKBOqnXQEojzptdVnnoQIdL8=
21,25,zu6Z59EY3yC9+T7/+8bCx1KMH3s=,kjWWKBOqnXQEojzptdVnnoQIdL8=
18,25,zu6Z59EY3yC9+T7/+8bCx1KMH3s=,kjWWKBOqnXQEojzptdVnnoQIdL8=
31,24,zu6Z59EY3yC9+T7/+8bCx1KMH3s=,kjWWKBOqnXQEojzptdVnnoQIdL8=
16,25,zu6Z59EY3yC9+T7/+8bCx1KMH3s=,kjWWKBOqnXQEojzptdVnnoQIdL8=
28,24,zu6Z59EY3yC9+T7/+8bCx1KMH3s=,kjWWKBOqnXQEojzptdVnnoQIdL8=
17,25,zu6Z59EY3yC9+T7/+8bCx1KMH3s=,kjWWKBOqnXQEojzptdVnnoQIdL8=
26,24,zu6Z59EY3yC9+T7/+8bCx1KMH3s=,kjWWKBOqnXQEojzptdVnnoQIdL8=
30,24,zu6Z59EY3yC9+T7/+8bCx1KMH3s=,kjWWKBOqnXQEojzptdVnnoQIdL8=
26,16,zu6Z59EY3yC9+T7/+8bCx1KMH3s=,kjWWKBOqnXQEojzptdVnnoQIdL8=
29,24,zu6Z59EY3yC9+T7/+8bCx1KMH3s=,kjWWKBOqnXQEojzptdVnnoQIdL8=
19,25,zu6Z59EY3yC9+T7/+8bCx1KMH3s=,kjWWKBOqnXQEojzptdVnnoQIdL8=
22,18,zu6Z59EY3yC9+T7/+8bCx1KMH3s=,kjWWKBOqnXQEojzptdVnnoQIdL8=
23,24,zu6Z59EY3yC9+T7/+8bCx1KMH3s=,kjWWKBOqnXQEojzptdVnnoQIdL8=
27,24,zu6Z59EY3yC9+T7/+8bCx1KMH3s=,kjWWKBOqnXQEojzptdVnnoQIdL8=
20,24,zu6Z59EY3yC9+T7/+8bCx1KMH3s=,kjWWKBOqnXQEojzptdVnnoQIdL8=
22,24,zu6Z59EY3yC9+T7/+8bCx1KMH3s=,kjWWKBOqnXQEojzptdVnnoQIdL8=
25,24,zu6Z59EY3yC9+T7/+8bCx1KMH3s=,kjWWKBOqnXQEojzptdVnnoQIdL8=
21,24,zu6Z59EY3yC9+T7/+8bCx1KMH3s=,kjWWKBOqnXQEojzptdVnnoQIdL8=
18,24,zu6Z59EY3yC9+T7/+8bCx1KMH3s=,kjWWKBOqnXQEojzptdVnnoQIdL8=
24,24,zu6Z59EY3yC9+T7/+8bCx1KMH3s=,kjWWKBOqnXQEojzptdVnnoQIdL8=
19,24,zu6Z59EY3yC9+T7/+8bCx1KMH3s=,kjWWKBOqnXQEojzptdVnnoQIdL8=
17,24,zu6Z59EY3yC9+T7/+8bCx1KMH3s=,kjWWKBOqnXQEojzptdVnnoQIdL8=
16,24,zu6Z59EY3yC9+T7/+8bCx1KMH3s=,kjWWKBOqnXQEojzptdVnnoQIdL8=
28,23,zu6Z59EY3yC9+T7/+8bCx1KMH3s=,kjWWKBOqnXQEojzptdVnnoQIdL8=
31,23,zu6Z59EY3yC9+T7/+8bCx1KMH3s=,kjWWKBOqnXQEojzptdVnnoQIdL8=
29,23,zu6Z59EY3yC9+T7/+8bCx1KMH3s=,kjWWKBOqnXQEojzptdVnnoQIdL8=
30,23,zu6Z59EY3yC9+T7/+8bCx1KMH3s=,kjWWKBOqnXQEojzptdVnnoQIdL8=
25,16,zu6Z59EY3yC9+T7/+8bCx1KMH3s=,kjWWKBOqnXQEojzptdVnnoQIdL8=
27,23,zu6Z59EY3yC9+T7/+8bCx1KMH3s=,kjWWKBOqnXQEojzptdVnnoQIdL8=
24,23,zu6Z59EY3yC9+T7/+8bCx1KMH3s=,kjWWKBOqnXQEojzptdVnnoQIdL8=
25,23,zu6Z59EY3yC9+T7/+8bCx1KMH3s=,kjWWKBOqnXQEojzptdVnnoQIdL8=
21,18,zu6Z59EY3yC9+T7/+8bCx1KMH3s=,kjWWKBOqnXQEojzptdVnnoQIdL8=
22,23,zu6Z59EY3yC9+T7/+8bCx1KMH3s=,kjWWKBOqnXQEojzptdVnnoQIdL8=
23,23,zu6Z59EY3yC9+T7/+8bCx1KMH3s=,kjWWKBOqnXQEojzptdVnnoQIdL8=
20,23,zu6Z59EY3yC9+T7/+8bCx1KMH3s=,kjWWKBOqnXQEojzptdVnnoQIdL8=
21,23,zu6Z59EY3yC9+T7/+8bCx1KMH3s=,kjWWKBOqnXQEojzptdVnnoQIdL8=
19,23,zu6Z59EY3yC9+T7/+8bCx1KMH3s=,kjWWKBOqnXQEojzptdVnnoQIdL8=
26,23,zu6Z59EY3yC9+T7/+8bCx1KMH3s=,kjWWKBOqnXQEojzptdVnnoQIdL8=
30,22,zu6Z59EY3yC9+T7/+8bCx1KMH3s=,kjWWKBOqnXQEojzptdVnnoQIdL8=
31,22,zu6Z59EY3yC9+T7/+8bCx1KMH3s=,kjWWKBOqnXQEojzptdVnnoQIdL8=
29,22,zu6Z59EY3yC9+T7/+8bCx1KMH3s=,kjWWKBOqnXQEojzptdVnnoQIdL8=
18,23,zu6Z59EY3yC9+T7/+8bCx1KMH3s=,kjWWKBOqnXQEojzptdVnnoQIdL8=
27,22,zu6Z59EY3yC9+T7/+8bCx1KMH3s=,kjWWKBOqnXQEojzptdVnnoQIdL8=
28,22,zu6Z59EY3yC9+T7/+8bCx1KMH3s=,kjWWKBOqnXQEojzptdVnnoQIdL8=
23,22,zu6Z59EY3yC9+T7/+8bCx1KMH3s=,kjWWKBOqnXQEojzptdVnnoQIdL8=
25,22,zu6Z59EY3yC9+T7/+8bCx1KMH3s=,kjWWKBOqnXQEojzptdVnnoQIdL8=
26,22,zu6Z59EY3yC9+T7/+8bCx1KMH3s=,kjWWKBOqnXQEojzptdVnnoQIdL8=
16,23,zu6Z59EY3yC9+T7/+8bCx1KMH3s=,kjWWKBOqnXQEojzptdVnnoQIdL8=
17,23,zu6Z59EY3yC9+T7/+8bCx1KMH3s=,kjWWKBOqnXQEojzptdVnnoQIdL8=
22,22,zu6Z59EY3yC9+T7/+8bCx1KMH3s=,kjWWKBOqnXQEojzptdVnnoQIdL8=
24,16,zu6Z59EY3yC9+T7/+8bCx1KMH3s=,kjWWKBOqnXQEojzptdVnnoQIdL8=
24,22,zu6Z59EY3yC9+T7/+8bCx1KMH3s=,kjWWKBOqnXQEojzptdVnnoQIdL8=
20,18,zu6Z59EY3yC9+T7/+8bCx1KMH3s=,kjWWKBOqnXQEojzptdVnnoQIdL8=
19,22,zu6Z59EY3yC9+T7/+8bCx1KMH3s=,kjWWKBOqnXQEojzptdVnnoQIdL8=
21,22,zu6Z59EY3yC9+T7/+8bCx1KMH3s=,kjWWKBOqnXQEojzptdVnnoQIdL8=
20,22,zu6Z59EY3yC9+T7/+8bCx1KMH3s=,kjWWKBOqnXQEojzptdVnnoQIdL8=
18,22,zu6Z59EY3yC9+T7/+8bCx1KMH3s=,kjWWKBOqnXQEojzptdVnnoQIdL8=
17,22,zu6Z59EY3yC9+T7/+8bCx1KMH3s=,kjWWKBOqnXQEojzptdVnnoQIdL8=
27,21,zu6Z59EY3yC9+T7/+8bCx1KMH3s=,kjWWKBOqnXQEojzptdVnnoQIdL8=
29,21,zu6Z59EY3yC9+T7/+8bCx1KMH3s=,kjWWKBOqnXQEojzptdVnnoQIdL8=
28,21,zu6Z59EY3yC9+T7/+8bCx1KMH3s=,kjWWKBOqnXQEojzptdVnnoQIdL8=
25,21,zu6Z59EY3yC9+T7/+8bCx1KMH3s=,kjWWKBOqnXQEojzptdVnnoQIdL8=
26,21,zu6Z59EY3yC9+T7/+8bCx1KMH3s=,kjWWKBOqnXQEojzptdVnnoQIdL8=
31,21,zu6Z59EY3yC9+T7/+8bCx1KMH3s=,kjWWKBOqnXQEojzptdVnnoQIdL8=
30,21,zu6Z59EY3yC9+T7/+8bCx1KMH3s=,kjWWKBOqnXQEojzptdVnnoQIdL8=
20,21,zu6Z59EY3yC9+T7/+8bCx1KMH3s=,kjWWKBOqnXQEojzptdVnnoQIdL8=
24,21,zu6Z59EY3yC9+T7/+8bCx1KMH3s=,kjWWKBOqnXQEojzptdVnnoQIdL8=
23,16,zu6Z59EY3yC9+T7/+8bCx1KMH3s=,kjWWKBOqnXQEojzptdVnnoQIdL8=
18,21,zu6Z59EY3yC9+T7/+8bCx1KMH3s=,kjWWKBOqnXQEojzptdVnnoQIdL8=
23,21,zu6Z59EY3yC9+T7/+8bCx1KMH3s=,kjWWKBOqnXQEojzptdVnnoQIdL8=
19,18,zu6Z59EY3yC9+T7/+8bCx1KMH3s=,kjWWKBOqnXQEojzptdVnnoQIdL8=
22,16,zu6Z59EY3yC9+T7/+8bCx1KMH3s=,kjWWKBOqnXQEojzptdVnnoQIdL8=
22,21,zu6Z59EY3yC9+T7/+8bCx1KMH3s=,kjWWKBOqnXQEojzptdVnnoQIdL8=
19,21,zu6Z59EY3yC9+T7/+8bCx1KMH3s=,kjWWKBOqnXQEojzptdVnnoQIdL8=
17,21,zu6Z59EY3yC9+T7/+8bCx1KMH3s=,kjWWKBOqnXQEojzptdVnnoQIdL8=
29,20,zu6Z59EY3yC9+T7/+8bCx1KMH3s=,kjWWKBOqnXQEojzptdVnnoQIdL8=
30,20,zu6Z59EY3yC9+T7/+8bCx1KMH3s=,kjWWKBOqnXQEojzptdVnnoQIdL8=
28,20,zu6Z59EY3yC9+T7/+8bCx1KMH3s=,kjWWKBOqnXQEojzptdVnnoQIdL8=
26,20,zu6Z59EY3yC9+T7/+8bCx1KMH3s=,kjWWKBOqnXQEojzptdVnnoQIdL8=
31,20,zu6Z59EY3yC9+T7/+8bCx1KMH3s=,kjWWKBOqnXQEojzptdVnnoQIdL8=
21,21,zu6Z59EY3yC9+T7/+8bCx1KMH3s=,kjWWKBOqnXQEojzptdVnnoQIdL8=
27,20,zu6Z59EY3yC9+T7/+8bCx1KMH3s=,kjWWKBOqnXQEojzptdVnnoQIdL8=
23,20,zu6Z59EY3yC9+T7/+8bCx1KMH3s=,kjWWKBOqnXQEojzptdVnnoQIdL8=
20,20,zu6Z59EY3yC9+T7/+8bCx1KMH3s=,kjWWKBOqnXQEojzptdVnnoQIdL8=
24,20,zu6Z59EY3yC9+T7/+8bCx1KMH3s=,kjWWKBOqnXQEojzptdVnnoQIdL8=
25,20,zu6Z59EY3yC9+T7/+8bCx1KMH3s=,kjWWKBOqnXQEojzptdVnnoQIdL8=
22,20,zu6Z59EY3yC9+T7/+8bCx1KMH3s=,kjWWKBOqnXQEojzptdVnnoQIdL8=
19,20,zu6Z59EY3yC9+T7/+8bCx1KMH3s=,kjWWKBOqnXQEojzptdVnnoQIdL8=
18,18,zu6Z59EY3yC9+T7/+8bCx1KMH3s=,kjWWKBOqnXQEojzptdVnnoQIdL8=
21,16,zu6Z59EY3yC9+T7/+8bCx1KMH3s=,kjWWKBOqnXQEojzptdVnnoQIdL8=
21,20,zu6Z59EY3yC9+T7/+8bCx1KMH3s=,kjWWKBOqnXQEojzptdVnnoQIdL8=
18,20,zu6Z59EY3yC9+T7/+8bCx1KMH3s=,kjWWKBOqnXQEojzptdVnnoQIdL8=
30,19,zu6Z59EY3yC9+T7/+8bCx1KMH3s=,kjWWKBOqnXQEojzptdVnnoQIdL8=
31,19,zu6Z59EY3yC9+T7/+8bCx1KMH3s=,kjWWKBOqnXQEojzptdVnnoQIdL8=
16,16,zu6Z59EY3yC9+T7/+8bCx1KMH3s=,kjWWKBOqnXQEojzptdVnnoQIdL8=
17,20,zu6Z59EY3yC9+T7/+8bCx1KMH3s=,kjWWKBOqnXQEojzptdVnnoQIdL8=
29,19,zu6Z59EY3yC9+T7/+8bCx1KMH3s=,kjWWKBOqnXQEojzptdVnnoQIdL8=
18,19,zu6Z59EY3yC9+T7/+8bCx1KMH3s=,kjWWKBOqnXQEojzptdVnnoQIdL8=
27,19,zu6Z59EY3yC9+T7/+8bCx1KMH3s=,kjWWKBOqnXQEojzptdVnnoQIdL8=
22,19,zu6Z59EY3yC9+T7/+8bCx1KMH3s=,kjWWKBOqnXQEojzptdVnnoQIdL8=
28,19,zu6Z59EY3yC9+T7/+8bCx1KMH3s=,kjWWKBOqnXQEojzptdVnnoQIdL8=
20,16,zu6Z59EY3yC9+T7/+8bCx1KMH3s=,kjWWKBOqnXQEojzptdVnnoQIdL8=
21,19,zu6Z59EY3yC9+T7/+8bCx1KMH3s=,kjWWKBOqnXQEojzptdVnnoQIdL8=
17,18,zu6Z59EY3yC9+T7/+8bCx1KMH3s=,kjWWKBOqnXQEojzptdVnnoQIdL8=
23,19,zu6Z59EY3yC9+T7/+8bCx1KMH3s=,kjWWKBOqnXQEojzptdVnnoQIdL8=
20,19,zu6Z59EY3yC9+T7/+8bCx1KMH3s=,kjWWKBOqnXQEojzptdVnnoQIdL8=
17,19,zu6Z59EY3yC9+T7/+8bCx1KMH3s=,kjWWKBOqnXQEojzptdVnnoQIdL8=
25,19,zu6Z59EY3yC9+T7/+8bCx1KMH3s=,kjWWKBOqnXQEojzptdVnnoQIdL8=
26,19,zu6Z59EY3yC9+T7/+8bCx1KMH3s=,kjWWKBOqnXQEojzptdVnnoQIdL8=
24,19,zu6Z59EY3yC9+T7/+8bCx1KMH3s=,kjWWKBOqnXQEojzptdVnnoQIdL8=
19,19,zu6Z59EY3yC9+T7/+8bCx1KMH3s=,kjWWKBOqnXQEojzptdVnnoQIdL8=
16,21,zu6Z59EY3yC9+T7/+8bCx1KMH3s=,kjWWKBOqnXQEojzptdVnnoQIdL8=
16,19,zu6Z59EY3yC9+T7/+8bCx1KMH3s=,kjWWKBOqnXQEojzptdVnnoQIdL8=
16,20,zu6Z59EY3yC9+T7/+8bCx1KMH3s=,kjWWKBOqnXQEojzptdVnnoQIdL8=
16,22,zu6Z59EY3yC9+T7/+8bCx1KMH3s=,kjWWKBOqnXQEojzptdVnnoQIdL8=
16,18,zu6Z59EY3yC9+T7/+8bCx1KMH3s=,kjWWKBOqnXQEojzptdVnnoQIdL8=
31,15,p8Vv3wlNlqRbffck159Urh5VVJ8=,kqDVHWi/6gKoy8qE1QEQAOgWLwk=
30,15,p8Vv3wlNlqRbffck159Urh5VVJ8=,kqDVHWi/6gKoy8qE1QEQAOgWLwk=
31,1,p8Vv3wlNlqRbffck159Urh5VVJ8=,kqDVHWi/6gKoy8qE1QEQAOgWLwk=
29,2,p8Vv3wlNlqRbffck159Urh5VVJ8=,kqDVHWi/6gKoy8qE1QEQAOgWLwk=
29,15,p8Vv3wlNlqRbffck159Urh5VVJ8=,kqDVHWi/6gKoy8qE1QEQAOgWLwk=
30,1,p8Vv3wlNlqRbffck159Urh5VVJ8=,kqDVHWi/6gKoy8qE1QEQAOgWLwk=
28,1,p8Vv3wlNlqRbffck159Urh5VVJ8=,kqDVHWi/6gKoy8qE1QEQAOgWLwk=
29,1,p8Vv3wlNlqRbffck159Urh5VVJ8=,kqDVHWi/6gKoy8qE1QEQAOgWLwk=
27,1,p8Vv3wlNlqRbffck159Urh5VVJ8=,kqDVHWi/6gKoy8qE1QEQAOgWLwk=
28,15,p8Vv3wlNlqRbffck159Urh5VVJ8=,kqDVHWi/6gKoy8qE1QEQAOgWLwk=
27,15,p8Vv3wlNlqRbffck159Urh5VVJ8=,kqDVHWi/6gKoy8qE1QEQAOgWLwk=
26,15,p8Vv3wlNlqRbffck159Urh5VVJ8=,kqDVHWi/6gKoy8qE1QEQAOgWLwk=
30,2,p8Vv3wlNlqRbffck159Urh5VVJ8=,kqDVHWi/6gKoy8qE1QEQAOgWLwk=
25,15,p8Vv3wlNlqRbffck159Urh5VVJ8=,kqDVHWi/6gKoy8qE1QEQAOgWLwk=
23,15,p8Vv3wlNlqRbffck159Urh5VVJ8=,kqDVHWi/6gKoy8qE1QEQAOgWLwk=
31,2,p8Vv3wlNlqRbffck159Urh5VVJ8=,kqDVHWi/6gKoy8qE1QEQAOgWLwk=
24,15,p8Vv3wlNlqRbffck159Urh5VVJ8=,kqDVHWi/6gKoy8qE1QEQAOgWLwk=
22,15,p8Vv3wlNlqRbffck159Urh5VVJ8=,kqDVHWi/6gKoy8qE1QEQAOgWLwk=
21,15,p8Vv3wlNlqRbffck159Urh5VVJ8=,kqDVHWi/6gKoy8qE1QEQAOgWLwk=
19,15,p8Vv3wlNlqRbffck159Urh5VVJ8=,kqDVHWi/6gKoy8qE1QEQAOgWLwk=
18,15,p8Vv3wlNlqRbffck159Urh5VVJ8=,kqDVHWi/6gKoy8qE1QEQAOgWLwk=
20,15,p8Vv3wlNlqRbffck159Urh5VVJ8=,kqDVHWi/6gKoy8qE1QEQAOgWLwk=
17,15,p8Vv3wlNlqRbffck159Urh5VVJ8=,kqDVHWi/6gKoy8qE1QEQAOgWLwk=
16,15,p8Vv3wlNlqRbffck159Urh5VVJ8=,kqDVHWi/6gKoy8qE1QEQAOgWLwk=
31,14,p8Vv3wlNlqRbffck159Urh5VVJ8=,kqDVHWi/6gKoy8qE1QEQAOgWLwk=
26,1,p8Vv3wlNlqRbffck159Urh5VVJ8=,kqDVHWi/6gKoy8qE1QEQAOgWLwk=
30,14,p8Vv3wlNlqRbffck159Urh5VVJ8=,kqDVHWi/6gKoy8qE1QEQAOgWLwk=
29,14,p8Vv3wlNlqRbffck159Urh5VVJ8=,kqDVHWi/6gKoy8qE1QEQAOgWLwk=
28,14,p8Vv3wlNlqRbffck159Urh5VVJ8=,kqDVHWi/6gKoy8qE1QEQAOgWLwk=
28,2,p8Vv3wlNlqRbffck159Urh5VVJ8=,kqDVHWi/6gKoy8qE1QEQAOgWLwk=
27,14,p8Vv3wlNlqRbffck159Urh5VVJ8=,kqDVHWi/6gKoy8qE1QEQAOgWLwk=
26,14,p8Vv3wlNlqRbffck159Urh5VVJ8=,kqDVHWi/6gKoy8qE1QEQAOgWLwk=
24,14,p8Vv3wlNlqRbffck159Urh5VVJ8=,kqDVHWi/6gKoy8qE1QEQAOgWLwk=
25,14,p8Vv3wlNlqRbffck159Urh5VVJ8=,kqDVHWi/6gKoy8qE1QEQAOgWLwk=
23,14,p8Vv3wlNlqRbffck159Urh5VVJ8=,kqDVHWi/6gKoy8qE1QEQAOgWLwk=
18,14,p8Vv3wlNlqRbffck159Urh5VVJ8=,kqDVHWi/6gKoy8qE1QEQAOgWLwk=
17,14,p8Vv3wlNlqRbffck159Urh5VVJ8=,kqDVHWi/6gKoy8qE1QEQAOgWLwk=
16,14,p8Vv3wlNlqRbffck159Urh5VVJ8=,kqDVHWi/6gKoy8qE1QEQAOgWLwk=
31,13,p8Vv3wlNlqRbffck159Urh5VVJ8=,kqDVHWi/6gKoy8qE1QEQAOgWLwk=
27,2,p8Vv3wlNlqRbffck159Urh5VVJ8=,kqDVHWi/6gKoy8qE1QEQAOgWLwk=
30,13,p8Vv3wlNlqRbffck159Urh5VVJ8=,kqDVHWi/6gKoy8qE1QEQAOgWLwk=
31,0,p8Vv3wlNlqRbffck159Urh5VVJ8=,kqDVHWi/6gKoy8qE1QEQAOgWLwk=
29,13,p8Vv3wlNlqRbffck159Urh5VVJ8=,kqDVHWi/6gKoy8qE1QEQAOgWLwk=
28,13,p8Vv3wlNlqRbffck159Urh5VVJ8=,kqDVHWi/6gKoy8qE1QEQAOgWLwk=
27,13,p8Vv3wlNlqRbffck159Urh5VVJ8=,kqDVHWi/6gKoy8qE1QEQAOgWLwk=
26,13,p8Vv3wlNlqRbffck159Urh5VVJ8=,kqDVHWi/6gKoy8qE1QEQAOgWLwk=
24,1,p8Vv3wlNlqRbffck159Urh5VVJ8=,kqDVHWi/6gKoy8qE1QEQAOgWLwk=
19,14,p8Vv3wlNlqRbffck159Urh5VVJ8=,kqDVHWi/6gKoy8qE1QEQAOgWLwk=
23,1,p8Vv3wlNlqRbffck159Urh5VVJ8=,kqDVHWi/6gKoy8qE1QEQAOgWLwk=
25,13,p8Vv3wlNlqRbffck159Urh5VVJ8=,kqDVHWi/6gKoy8qE1QEQAOgWLwk=
21,14,p8Vv3wlNlqRbffck159Urh5VVJ8=,kqDVHWi/6gKoy8qE1QEQAOgWLwk=
20,14,p8Vv3wlNlqRbffck159Urh5VVJ8=,kqDVHWi/6gKoy8qE1QEQAOgWLwk=
31,12,p8Vv3wlNlqRbffck159Urh5VVJ8=,kqDVHWi/6gKoy8qE1QEQAOgWLwk=
22,14,p8Vv3wlNlqRbffck159Urh5VVJ8=,kqDVHWi/6gKoy8qE1QEQAOgWLwk=
30,12,p8Vv3wlNlqRbffck159Urh5VVJ8=,kqDVHWi/6gKoy8qE1QEQAOgWLwk=
29,12,p8Vv3wlNlqRbffck159Urh5VVJ8=,kqDVHWi/6gKoy8qE1QEQAOgWLwk=
30,0,p8Vv3wlNlqRbffck159Urh5VVJ8=,kqDVHWi/6gKoy8qE1QEQAOgWLwk=
22,1,p8Vv3wlNlqRbffck159Urh5VVJ8=,kqDVHWi/6gKoy8qE1QEQAOgWLwk=
28,12,p8Vv3wlNlqRbffck159Urh5VVJ8=,kqDVHWi/6gKoy8qE1QEQAOgWLwk=
27,12,p8Vv3wlNlqRbffck159Urh5VVJ8=,kqDVHWi/6gKoy8qE1QEQAOgWLwk=
17,1,p8Vv3wlNlqRbffck159Urh5VVJ8=,kqDVHWi/6gKoy8qE1QEQAOgWLwk=
25,1,p8Vv3wlNlqRbffck159Urh5VVJ8=,kqDVHWi/6gKoy8qE1QEQAOgWLwk=
16,1,p8Vv3wlNlqRbffck159Urh5VVJ8=,kqDVHWi/6gKoy8qE1QEQAOgWLwk=
24,13,p8Vv3wlNlqRbffck159Urh5VVJ8=,kqDVHWi/6gKoy8qE1QEQAOgWLwk=
26,2,p8Vv3wlNlqRbffck159Urh5VVJ8=,kqDVHWi/6gKoy8qE1QEQAOgWLwk=
21,13,p8Vv3wlNlqRbffck159Urh5VVJ8=,kqDVHWi/6gKoy8qE1QEQAOgWLwk=
22,13,p8Vv3wlNlqRbffck159Urh5VVJ8=,kqDVHWi/6gKoy8qE1QEQAOgWLwk=
26,12,p8Vv3wlNlqRbffck159Urh5VVJ8=,kqDVHWi/6gKoy8qE1QEQAOgWLwk=
20,13,p8Vv3wlNlqRbffck159Urh5VVJ8=,kqDVHWi/6gKoy8qE1QEQAOgWLwk=
23,13,p8Vv3wlNlqRbffck159Urh5VVJ8=,kqDVHWi/6gKoy8qE1QEQAOgWLwk=
31,11,p8Vv3wlNlqRbffck159Urh5VVJ8=,kqDVHWi/6gKoy8qE1QEQAOgWLwk=
30,11,p8Vv3wlNlqRbffck159Urh5VVJ8=,kqDVHWi/6gKoy8qE1QEQAOgWLwk=
29,11,p8Vv3wlNlqRbffck159Urh5VVJ8=,kqDVHWi/6gKoy8qE1QEQAOgWLwk=
28,11,p8Vv3wlNlqRbffck159Urh5VVJ8=,kqDVHWi/6gKoy8qE1QEQAOgWLwk=
19,13,p8Vv3wlNlqRbffck159Urh5VVJ8=,kqDVHWi/6gKoy8qE1QEQAOgWLwk=
29,0,p8Vv3wlNlqRbffck159Urh5VVJ8=,kqDVHWi/6gKoy8qE1QEQAOgWLwk=
16,3,p8Vv3wlNlqRbffck159Urh5VVJ8=,kqDVHWi/6gKoy8qE1QEQAOgWLwk=
18,13,p8Vv3wlNlqRbffck159Urh5VVJ8=,kqDVHWi/6gKoy8qE1QEQAOgWLwk=
17,13,p8Vv3wlNlqRbffck159Urh5VVJ8=,kqDVHWi/6gKoy8qE1QEQAOgWLwk=
16,13,p8Vv3wlNlqRbffck159Urh5VVJ8=,kqDVHWi/6gKoy8qE1QEQAOgWLwk=
17,0,p8Vv3wlNlqRbffck159Urh5VVJ8=,kqDVHWi/6gKoy8qE1QEQAOgWLwk=
24,12,p8Vv3wlNlqRbffck159Urh5VVJ8=,kqDVHWi/6gKoy8qE1QEQAOgWLwk=
27,11,p8Vv3wlNlqRbffck159Urh5VVJ8=,kqDVHWi/6gKoy8qE1QEQAOgWLwk=
25,12,p8Vv3wlNlqRbffck159Urh5VVJ8=,kqDVHWi/6gKoy8qE1QEQAOgWLwk=
22,12,p8Vv3wlNlqRbffck159Urh5VVJ8=,kqDVHWi/6gKoy8qE1QEQAOgWLwk=
21,12,p8Vv3wlNlqRbffck159Urh5VVJ8=,kqDVHWi/6gKoy8qE1QEQAOgWLwk=
19,12,p8Vv3wlNlqRbffck159Urh5VVJ8=,kqDVHWi/6gKoy8qE1QEQAOgWLwk=
18,12,p8Vv3wlNlqRbffck159Urh5VVJ8=,kqDVHWi/6gKoy8qE1QEQAOgWLwk=
20,12,p8Vv3wlNlqRbffck159Urh5VVJ8=,kqDVHWi/6gKoy8qE1QEQAOgWLwk=
17,12,p8Vv3wlNlqRbffck159Urh5VVJ8=,kqDVHWi/6gKoy8qE1QEQAOgWLwk=
16,12,p8Vv3wlNlqRbffck159Urh5VVJ8=,kqDVHWi/6gKoy8qE1QEQAOgWLwk=
31,10,p8Vv3wlNlqRbffck159Urh5VVJ8=,kqDVHWi/6gKoy8qE1QEQAOgWLwk=
30,10,p8Vv3wlNlqRbffck159Urh5VVJ8=,kqDVHWi/6gKoy8qE1QEQAOgWLwk=
29,10,p8Vv3wlNlqRbffck159Urh5VVJ8=,kqDVHWi/6gKoy8qE1QEQAOgWLwk=
28,10,p8Vv3wlNlqRbffck159Urh5VVJ8=,kqDVHWi/6gKoy8qE1QEQAOgWLwk=
28,0,p8Vv3wlNlqRbffck159Urh5VVJ8=,kqDVHWi/6gKoy8qE1QEQAOgWLwk=
25,2,p8Vv3wlNlqRbffck159Urh5VVJ8=,kqDVHWi/6gKoy8qE1QEQAOgWLwk=
23,12,p8Vv3wlNlqRbffck159Urh5VVJ8=,kqDVHWi/6gKoy8qE1QEQAOgWLwk=
24,11,p8Vv3wlNlqRbffck159Urh5VVJ8=,kqDVHWi/6gKoy8qE1QEQAOgWLwk=
25,11,p8Vv3wlNlqRbffck159Urh5VVJ8=,kqDVHWi/6gKoy8qE1QEQAOgWLwk=
26,11,p8Vv3wlNlqRbffck159Urh5VVJ8=,kqDVHWi/6gKoy8qE1QEQAOgWLwk=
21,11,p8Vv3wlNlqRbffck159Urh5VVJ8=,kqDVHWi/6gKoy8qE1QEQAOgWLwk=
22,11,p8Vv3wlNlqRbffck159Urh5VVJ8=,kqDVHWi/6gKoy8qE1QEQAOgWLwk=
23,11,p8Vv3wlNlqRbffck159Urh5VVJ8=,kqDVHWi/6gKoy8qE1QEQAOgWLwk=
20,11,p8Vv3wlNlqRbffck159Urh5VVJ8=,kqDVHWi/6gKoy8qE1QEQAOgWLwk=
17,3,p8Vv3wlNlqRbffck159Urh5VVJ8=,kqDVHWi/6gKoy8qE1QEQAOgWLwk=
19,11,p8Vv3wlNlqRbffck159Urh5VVJ8=,kqDVHWi/6gKoy8qE1QEQAOgWLwk=
18,11,p8Vv3wlNlqRbffck159Urh5VVJ8=,kqDVHWi/6gKoy8qE1QEQAOgWLwk=
31,9,p8Vv3wlNlqRbffck159Urh5VVJ8=,kqDVHWi/6gKoy8qE1QEQAOgWLwk=
30,9,p8Vv3wlNlqRbffck159Urh5VVJ8=,kqDVHWi/6gKoy8qE1QEQAOgWLwk=
29,9,p8Vv3wlNlqRbffck159Urh5VVJ8=,kqDVHWi/6gKoy8qE1QEQAOgWLwk=
17,11,p8Vv3wlNlqRbffck159Urh5VVJ8=,kqDVHWi/6gKoy8qE1QEQAOgWLwk=
16,11,p8Vv3wlNlqRbffck159Urh5VVJ8=,kqDVHWi/6gKoy8qE1QEQAOgWLwk=
24,2,p8Vv3wlNlqRbffck159Urh5VVJ8=,kqDVHWi/6gKoy8qE1QEQAOgWLwk=
26,10,p8Vv3wlNlqRbffck159Urh5VVJ8=,kqDVHWi/6gKoy8qE1QEQAOgWLwk=
27,0,p8Vv3wlNlqRbffck159Urh5VVJ8=,kqDVHWi/6gKoy8qE1QEQAOgWLwk=
27,10,p8Vv3wlNlqRbffck159Urh5VVJ8=,kqDVHWi/6gKoy8qE1QEQAOgWLwk=
25,10,p8Vv3wlNlqRbffck159Urh5VVJ8=,kqDVHWi/6gKoy8qE1QEQAOgWLwk=
23,10,p8Vv3wlNlqRbffck159Urh5VVJ8=,kqDVHWi/6gKoy8qE1QEQAOgWLwk=
22,10,p8Vv3wlNlqRbffck159Urh5VVJ8=,kqDVHWi/6gKoy8qE1QEQAOgWLwk=
21,10,p8Vv3wlNlqRbffck159Urh5VVJ8=,kqDVHWi/6gKoy8qE1QEQAOgWLwk=
20,10,p8Vv3wlNlqRbffck159Urh5VVJ8=,kqDVHWi/6gKoy8qE1QEQAOgWLwk=
19,10,p8Vv3wlNlqRbffck159Urh5VVJ8=,kqDVHWi/6gKoy8qE1QEQAOgWLwk=
18,10,p8Vv3wlNlqRbffck159Urh5VVJ8=,kqDVHWi/6gKoy8qE1QEQAOgWLwk=
28,9,p8Vv3wlNlqRbffck159Urh5VVJ8=,kqDVHWi/6gKoy8qE1QEQAOgWLwk=
17,10,p8Vv3wlNlqRbffck159Urh5VVJ8=,kqDVHWi/6gKoy8qE1QEQAOgWLwk=
29,8,p8Vv3wlNlqRbffck159Urh5VVJ8=,kqDVHWi/6gKoy8qE1QEQAOgWLwk=
27,9,p8Vv3wlNlqRbffck159Urh5VVJ8=,kqDVHWi/6gKoy8qE1QEQAOgWLwk=
26,9,p8Vv3wlNlqRbffck159Urh5VVJ8=,kqDVHWi/6gKoy8qE1QEQAOgWLwk=
31,8,p8Vv3wlNlqRbffck159Urh5VVJ8=,kqDVHWi/6gKoy8qE1QEQAOgWLwk=
30,8,p8Vv3wlNlqRbffck159Urh5VVJ8=,kqDVHWi/6gKoy8qE1QEQAOgWLwk=
25,9,p8Vv3wlNlqRbffck159Urh5VVJ8=,kqDVHWi/6gKoy8qE1QEQAOgWLwk=
16,10,p8Vv3wlNlqRbffck159Urh5VVJ8=,kqDVHWi/6gKoy8qE1QEQAOgWLwk=
26,0,p8Vv3wlNlqRbffck159Urh5VVJ8=,kqDVHWi/6gKoy8qE1QEQAOgWLwk=
23,2,p8Vv3wlNlqRbffck159Urh5VVJ8=,kqDVHWi/6gKoy8qE1QEQAOgWLwk=
24,9,p8Vv3wlNlqRbffck159Urh5VVJ8=,kqDVHWi/6gKoy8qE1QEQAOgWLwk=
18,3,p8Vv3wlNlqRbffck159Urh5VVJ8=,kqDVHWi/6gKoy8qE1QEQAOgWLwk=
23,9,p8Vv3wlNlqRbffck159Urh5VVJ8=,kqDVHWi/6gKoy8qE1QEQAOgWLwk=
24,10,p8Vv3wlNlqRbffck159Urh5VVJ8=,kqDVHWi/6gKoy8qE1QEQAOgWLwk=
22,9,p8Vv3wlNlqRbffck159Urh5VVJ8=,kqDVHWi/6gKoy8qE1QEQAOgWLwk=
21,9,p8Vv3wlNlqRbffck159Urh5VVJ8=,kqDVHWi/6gKoy8qE1QEQAOgWLwk=
20,9,p8Vv3wlNlqRbffck159Urh5VVJ8=,kqDVHWi/6gKoy8qE1QEQAOgWLwk=
19,9,p8Vv3wlNlqRbffck159Urh5VVJ8=,kqDVHWi/6gKoy8qE1QEQAOgWLwk=
28,8,p8Vv3wlNlqRbffck159Urh5VVJ8=,kqDVHWi/6gKoy8qE1QEQAOgWLwk=
31,7,p8Vv3wlNlqRbffck159Urh5VVJ8=,kqDVHWi/6gKoy8qE1QEQAOgWLwk=
30,7,p8Vv3wlNlqRbffck159Urh5VVJ8=,kqDVHWi/6gKoy8qE1QEQAOgWLwk=
27,8,p8Vv3wlNlqRbffck159Urh5VVJ8=,kqDVHWi/6gKoy8qE1QEQAOgWLwk=
18,9,p8Vv3wlNlqRbffck159Urh5VVJ8=,kqDVHWi/6gKoy8qE1QEQAOgWLwk=
26,8,p8Vv3wlNlqRbffck159Urh5VVJ8=,kqDVHWi/6gKoy8qE1QEQAOgWLwk=
24,8,p8Vv3wlNlqRbffck159Urh5VVJ8=,kqDVHWi/6gKoy8qE1QEQAOgWLwk=
19,8,p8Vv3wlNlqRbffck159Urh5VVJ8=,kqDVHWi/6gKoy8qE1QEQAOgWLwk=
25,8,p8Vv3wlNlqRbffck159Urh5VVJ8=,kqDVHWi/6gKoy8qE1QEQAOgWLwk=
20,8,p8Vv3wlNlqRbffck159Urh5VVJ8=,kqDVHWi/6gKoy8qE1QEQAOgWLwk=
18,8,p8Vv3wlNlqRbffck159Urh5VVJ8=,kqDVHWi/6gKoy8qE1QEQAOgWLwk=
16,2,p8Vv3wlNlqRbffck159Urh5VVJ8=,kqDVHWi/6gKoy8qE1QEQAOgWLwk=
26,7,p8Vv3wlNlqRbffck159Urh5VVJ8=,kqDVHWi/6gKoy8qE1QEQAOgWLwk=
27,7,p8Vv3wlNlqRbffck159Urh5VVJ8=,kqDVHWi/6gKoy8qE1QEQAOgWLwk=
22,8,p8Vv3wlNlqRbffck159Urh5VVJ8=,kqDVHWi/6gKoy8qE1QEQAOgWLwk=
28,7,p8Vv3wlNlqRbffck159Urh5VVJ8=,kqDVHWi/6gKoy8qE1QEQAOgWLwk=
25,7,p8Vv3wlNlqRbffck159Urh5VVJ8=,kqDVHWi/6gKoy8qE1QEQAOgWLwk=
31,6,p8Vv3wlNlqRbffck159Urh5VVJ8=,kqDVHWi/6gKoy8qE1QEQAOgWLwk=
29,7,p8Vv3wlNlqRbffck159Urh5VVJ8=,kqDVHWi/6gKoy8qE1QEQAOgWLwk=
30,6,p8Vv3wlNlqRbffck159Urh5VVJ8=,kqDVHWi/6gKoy8qE1QEQAOgWLwk=
24,7,p8Vv3wlNlqRbffck159Urh5VVJ8=,kqDVHWi/6gKoy8qE1QEQAOgWLwk=
29,6,p8Vv3wlNlqRbffck159Urh5VVJ8=,kqDVHWi/6gKoy8qE1QEQAOgWLwk=
23,7,p8Vv3wlNlqRbffck159Urh5VVJ8=,kqDVHWi/6gKoy8qE1QEQAOgWLwk=
22,7,p8Vv3wlNlqRbffck159Urh5VVJ8=,kqDVHWi/6gKoy8qE1QEQAOgWLwk=
25,0,p8Vv3wlNlqRbffck159Urh5VVJ8=,kqDVHWi/6gKoy8qE1QEQAOgWLwk=
21,7,p8Vv3wlNlqRbffck159Urh5VVJ8=,kqDVHWi/6gKoy8qE1QEQAOgWLwk=
17,9,p8Vv3wlNlqRbffck159Urh5VVJ8=,kqDVHWi/6gKoy8qE1QEQAOgWLwk=
23,8,p8Vv3wlNlqRbffck159Urh5VVJ8=,kqDVHWi/6gKoy8qE1QEQAOgWLwk=
19,7,p8Vv3wlNlqRbffck159Urh5VVJ8=,kqDVHWi/6gKoy8qE1QEQAOgWLwk=
20,7,p8Vv3wlNlqRbffck159Urh5VVJ8=,kqDVHWi/6gKoy8qE1QEQAOgWLwk=
21,2,p8Vv3wlNlqRbffck159Urh5VVJ8=,kqDVHWi/6gKoy8qE1QEQAOgWLwk=
16,9,p8Vv3wlNlqRbffck159Urh5VVJ8=,kqDVHWi/6gKoy8qE1QEQAOgWLwk=
27,6,p8Vv3wlNlqRbffck159Urh5VVJ8=,kqDVHWi/6gKoy8qE1QEQAOgWLwk=
26,6,p8Vv3wlNlqRbffck159Urh5VVJ8=,kqDVHWi/6gKoy8qE1QEQAOgWLwk=
28,6,p8Vv3wlNlqRbffck159Urh5VVJ8=,kqDVHWi/6gKoy8qE1QEQAOgWLwk=
22,2,p8Vv3wlNlqRbffck159Urh5VVJ8=,kqDVHWi/6gKoy8qE1QEQAOgWLwk=
19,3,p8Vv3wlNlqRbffck159Urh5VVJ8=,kqDVHWi/6gKoy8qE1QEQAOgWLwk=
18,7,p8Vv3wlNlqRbffck159Urh5VVJ8=,kqDVHWi/6gKoy8qE1QEQAOgWLwk=
25,6,p8Vv3wlNlqRbffck159Urh5VVJ8=,kqDVHWi/6gKoy8qE1QEQAOgWLwk=
31,5,p8Vv3wlNlqRbffck159Urh5VVJ8=,kqDVHWi/6gKoy8qE1QEQAOgWLwk=
30,5,p8Vv3wlNlqRbffck159Urh5VVJ8=,kqDVHWi/6gKoy8qE1QEQAOgWLwk=
21,8,p8Vv3wlNlqRbffck159Urh5VVJ8=,kqDVHWi/6gKoy8qE1QEQAOgWLwk=
29,5,p8Vv3wlNlqRbffck159Urh5VVJ8=,kqDVHWi/6gKoy8qE1QEQAOgWLwk=
23,6,p8Vv3wlNlqRbffck159Urh5VVJ8=,kqDVHWi/6gKoy8qE1QEQAOgWLwk=
24,6,p8Vv3wlNlqRbffck159Urh5VVJ8=,kqDVHWi/6gKoy8qE1QEQAOgWLwk=
24,0,p8Vv3wlNlqRbffck159Urh5VVJ8=,kqDVHWi/6gKoy8qE1QEQAOgWLwk=
28,5,p8Vv3wlNlqRbffck159Urh5VVJ8=,kqDVHWi/6gKoy8qE1QEQAOgWLwk=
22,6,p8Vv3wlNlqRbffck159Urh5VVJ8=,kqDVHWi/6gKoy8qE1QEQAOgWLwk=
20,6,p8Vv3wlNlqRbffck159Urh5VVJ8=,kqDVHWi/6gKoy8qE1QEQAOgWLwk=
17,8,p8Vv3wlNlqRbffck159Urh5VVJ8=,kqDVHWi/6gKoy8qE1QEQAOgWLwk=
19,6,p8Vv3wlNlqRbffck159Urh5VVJ8=,kqDVHWi/6gKoy8qE1QEQAOgWLwk=
20,2,p8Vv3wlNlqRbffck159Urh5VVJ8=,kqDVHWi/6gKoy8qE1QEQAOgWLwk=
21,6,p8Vv3wlNlqRbffck159Urh5VVJ8=,kqDVHWi/6gKoy8qE1QEQAOgWLwk=
18,6,p8Vv3wlNlqRbffck159Urh5VVJ8=,kqDVHWi/6gKoy8qE1QEQAOgWLwk=
25,5,p8Vv3wlNlqRbffck159Urh5VVJ8=,kqDVHWi/6gKoy8qE1QEQAOgWLwk=
26,5,p8Vv3wlNlqRbffck159Urh5VVJ8=,kqDVHWi/6gKoy8qE1QEQAOgWLwk=
24,5,p8Vv3wlNlqRbffck159Urh5VVJ8=,kqDVHWi/6gKoy8qE1QEQAOgWLwk=
27,5,p8Vv3wlNlqRbffck159Urh5VVJ8=,kqDVHWi/6gKoy8qE1QEQAOgWLwk=
31,4,p8Vv3wlNlqRbffck159Urh5VVJ8=,kqDVHWi/6gKoy8qE1QEQAOgWLwk=
23,5,p8Vv3wlNlqRbffck159Urh5VVJ8=,kqDVHWi/6gKoy8qE1QEQAOgWLwk=
29,4,p8Vv3wlNlqRbffck159Urh5VVJ8=,kqDVHWi/6gKoy8qE1QEQAOgWLwk=
30,4,p8Vv3wlNlqRbffck159Urh5VVJ8=,kqDVHWi/6gKoy8qE1QEQAOgWLwk=
28,4,p8Vv3wlNlqRbffck159Urh5VVJ8=,kqDVHWi/6gKoy8qE1QEQAOgWLwk=
21,5,p8Vv3wlNlqRbffck159Urh5VVJ8=,kqDVHWi/6gKoy8qE1QEQAOgWLwk=
23,0,p8Vv3wlNlqRbffck159Urh5VVJ8=,kqDVHWi/6gKoy8qE1QEQAOgWLwk=
22,5,p8Vv3wlNlqRbffck159Urh5VVJ8=,kqDVHWi/6gKoy8qE1QEQAOgWLwk=
17,7,p8Vv3wlNlqRbffck159Urh5VVJ8=,kqDVHWi/6gKoy8qE1QEQAOgWLwk=
20,5,p8Vv3wlNlqRbffck159Urh5VVJ8=,kqDVHWi/6gKoy8qE1QEQAOgWLwk=
18,5,p8Vv3wlNlqRbffck159Urh5VVJ8=,kqDVHWi/6gKoy8qE1QEQAOgWLwk=
19,2,p8Vv3wlNlqRbffck159Urh5VVJ8=,kqDVHWi/6gKoy8qE1QEQAOgWLwk=
16,8,p8Vv3wlNlqRbffck159Urh5VVJ8=,kqDVHWi/6gKoy8qE1QEQAOgWLwk=
27,4,p8Vv3wlNlqRbffck159Urh5VVJ8=,kqDVHWi/6gKoy8qE1QEQAOgWLwk=
19,5,p8Vv3wlNlqRbffck159Urh5VVJ8=,kqDVHWi/6gKoy8qE1QEQAOgWLwk=
17,5,p8Vv3wlNlqRbffck159Urh5VVJ8=,kqDVHWi/6gKoy8qE1QEQAOgWLwk=
16,5,p8Vv3wlNlqRbffck159Urh5VVJ8=,kqDVHWi/6gKoy8qE1QEQAOgWLwk=
25,4,p8Vv3wlNlqRbffck159Urh5VVJ8=,kqDVHWi/6gKoy8qE1QEQAOgWLwk=
17,6,p8Vv3wlNlqRbffck159Urh5VVJ8=,kqDVHWi/6gKoy8qE1QEQAOgWLwk=
22,0,p8Vv3wlNlqRbffck159Urh5VVJ8=,kqDVHWi/6gKoy8qE1QEQAOgWLwk=
31,3,p8Vv3wlNlqRbffck159Urh5VVJ8=,kqDVHWi/6gKoy8qE1QEQAOgWLwk=
24,4,p8Vv3wlNlqRbffck159Urh5VVJ8=,kqDVHWi/6gKoy8qE1QEQAOgWLwk=
26,4,p8Vv3wlNlqRbffck159Urh5VVJ8=,kqDVHWi/6gKoy8qE1QEQAOgWLwk=
30,3,p8Vv3wlNlqRbffck159Urh5VVJ8=,kqDVHWi/6gKoy8qE1QEQAOgWLwk=
28,3,p8Vv3wlNlqRbffck159Urh5VVJ8=,kqDVHWi/6gKoy8qE1QEQAOgWLwk=
27,3,p8Vv3wlNlqRbffck159Urh5VVJ8=,kqDVHWi/6gKoy8qE1QEQAOgWLwk=
29,3,p8Vv3wlNlqRbffck159Urh5VVJ8=,kqDVHWi/6gKoy8qE1QEQAOgWLwk=
23,4,p8Vv3wlNlqRbffck159Urh5VVJ8=,kqDVHWi/6gKoy8qE1QEQAOgWLwk=
22,4,p8Vv3wlNlqRbffck159Urh5VVJ8=,kqDVHWi/6gKoy8qE1QEQAOgWLwk=
16,6,p8Vv3wlNlqRbffck159Urh5VVJ8=,kqDVHWi/6gKoy8qE1QEQAOgWLwk=
21,4,p8Vv3wlNlqRbffck159Urh5VVJ8=,kqDVHWi/6gKoy8qE1QEQAOgWLwk=
20,4,p8Vv3wlNlqRbffck159Urh5VVJ8=,kqDVHWi/6gKoy8qE1QEQAOgWLwk=
19,4,p8Vv3wlNlqRbffck159Urh5VVJ8=,kqDVHWi/6gKoy8qE1QEQAOgWLwk=
26,3,p8Vv3wlNlqRbffck159Urh5VVJ8=,kqDVHWi/6gKoy8qE1QEQAOgWLwk=
16,7,p8Vv3wlNlqRbffck159Urh5VVJ8=,kqDVHWi/6gKoy8qE1QEQAOgWLwk=
17,4,p8Vv3wlNlqRbffck159Urh5VVJ8=,kqDVHWi/6gKoy8qE1QEQAOgWLwk=
16,4,p8Vv3wlNlqRbffck159Urh5VVJ8=,kqDVHWi/6gKoy8qE1QEQAOgWLwk=
16,0,p8Vv3wlNlqRbffck159Urh5VVJ8=,kqDVHWi/6gKoy8qE1QEQAOgWLwk=
17,2,p8Vv3wlNlqRbffck159Urh5VVJ8=,kqDVHWi/6gKoy8qE1QEQAOgWLwk=
21,1,p8Vv3wlNlqRbffck159Urh5VVJ8=,kqDVHWi/6gKoy8qE1QEQAOgWLwk=
24,3,p8Vv3wlNlqRbffck159Urh5VVJ8=,kqDVHWi/6gKoy8qE1QEQAOgWLwk=
18,2,p8Vv3wlNlqRbffck159Urh5VVJ8=,kqDVHWi/6gKoy8qE1QEQAOgWLwk=
25,3,p8Vv3wlNlqRbffck159Urh5VVJ8=,kqDVHWi/6gKoy8qE1QEQAOgWLwk=
23,3,p8Vv3wlNlqRbffck159Urh5VVJ8=,kqDVHWi/6gKoy8qE1QEQAOgWLwk=
22,3,p8Vv3wlNlqRbffck159Urh5VVJ8=,kqDVHWi/6gKoy8qE1QEQAOgWLwk=
18,4,p8Vv3wlNlqRbffck159Urh5VVJ8=,kqDVHWi/6gKoy8qE1QEQAOgWLwk=
21,3,p8Vv3wlNlqRbffck159Urh5VVJ8=,kqDVHWi/6gKoy8qE1QEQAOgWLwk=
18,0,p8Vv3wlNlqRbffck159Urh5VVJ8=,kqDVHWi/6gKoy8qE1QEQAOgWLwk=
20,3,p8Vv3wlNlqRbffck159Urh5VVJ8=,kqDVHWi/6gKoy8qE1QEQAOgWLwk=
19,1,p8Vv3wlNlqRbffck159Urh5VVJ8=,kqDVHWi/6gKoy8qE1QEQAOgWLwk=
20,1,p8Vv3wlNlqRbffck159Urh5VVJ8=,kqDVHWi/6gKoy8qE1QEQAOgWLwk=
18,1,p8Vv3wlNlqRbffck159Urh5VVJ8=,kqDVHWi/6gKoy8qE1QEQAOgWLwk=
19,0,p8Vv3wlNlqRbffck159Urh5VVJ8=,kqDVHWi/6gKoy8qE1QEQAOgWLwk=
21,0,p8Vv3wlNlqRbffck159Urh5VVJ8=,kqDVHWi/6gKoy8qE1QEQAOgWLwk=
20,0,p8Vv3wlNlqRbffck159Urh5VVJ8=,kqDVHWi/6gKoy8qE1QEQAOgWLwk=
