-64,-64,tuwBXAgi8knzZ3eyYAYg7xDKemM=,WASUwwKpPWvQ4nuN4DQRAiWhfkk=
-50,-63,tuwBXAgi8knzZ3eyYAYg7xDKemM=,WASUwwKpPWvQ4nuN4DQRAiWhfkk=
-49,-64,tuwBXAgi8knzZ3eyYAYg7xDKemM=,WASUwwKpPWvQ4nuN4DQRAiWhfkk=
-49,-49,tuwBXAgi8knzZ3eyYAYg7xDKemM=,WASUwwKpPWvQ4nuN4DQRAiWhfkk=
-50,-49,tuwBXAgi8knzZ3eyYAYg7xDKemM=,WASUwwKpPWvQ4nuN4DQRAiWhfkk=
-51,-49,tuwBXAgi8knzZ3eyYAYg7xDKemM=,WASUwwKpPWvQ4nuN4DQRAiWhfkk=
-52,-49,tuwBXAgi8knzZ3eyYAYg7xDKemM=,WASUwwKpPWvQ4nuN4DQRAiWhfkk=
-55,-49,tuwBXAgi8knzZ3eyYAYg7xDKemM=,WASUwwKpPWvQ4nuN4DQRAiWhfkk=
-53,-49,tuwBXAgi8knzZ3eyYAYg7xDKemM=,WASUwwKpPWvQ4nuN4DQRAiWhfkk=
-58,-49,tuwBXAgi8knzZ3eyYAYg7xDKemM=,WASUwwKpPWvQ4nuN4DQRAiWhfkk=
-56,-49,tuwBXAgi8knzZ3eyYAYg7xDKemM=,WASUwwKpPWvQ4nuN4DQRAiWhfkk=
-57,-49,tuwBXAgi8knzZ3eyYAYg7xDKemM=,WASUwwKpPWvQ4nuN4DQRAiWhfkk=
-59,-49,tuwBXAgi8knzZ3eyYAYg7xDKemM=,WASUwwKpPWvQ4nuN4DQRAiWhfkk=
-54,-49,tuwBXAgi8knzZ3eyYAYg7xDKemM=,WASUwwKpPWvQ4nuN4DQRAiWhfkk=
-61,-49,tuwBXAgi8knzZ3eyYAYg7xDKemM=,WASUwwKpPWvQ4nuN4DQRAiWhfkk=
-62,-49,tuwBXAgi8knzZ3eyYAYg7xDKemM=,WASUwwKpPWvQ4nuN4DQRAiWhfkk=
-50,-64,tuwBXAgi8knzZ3eyYAYg7xDKemM=,WASUwwKpPWvQ4nuN4DQRAiWhfkk=
-60,-49,tuwBXAgi8knzZ3eyYAYg7xDKemM=,WASUwwKpPWvQ4nuN4DQRAiWhfkk=
-52,-64,tuwBXAgi8knzZ3eyYAYg7xDKemM=,WASUwwKpPWvQ4nuN4DQRAiWhfkk=
-51,-64,tuwBXAgi8knzZ3eyYAYg7xDKemM=,WASUwwKpPWvQ4nuN4DQRAiWhfkk=
-63,-49,tuwBXAgi8knzZ3eyYAYg7xDKemM=,WASUwwKpPWvQ4nuN4DQRAiWhfkk=
-54,-64,tuwBXAgi8knzZ3eyYAYg7xDKemM=,WASUwwKpPWvQ4nuN4DQRAiWhfkk=
-53,-64,tuwBXAgi8knzZ3eyYAYg7xDKemM=,WASUwwKpPWvQ4nuN4DQRAiWhfkk=
-55,-64,tuwBXAgi8knzZ3eyYAYg7xDKemM=,WASUwwKpPWvQ4nuN4DQRAiWhfkk=
-57,-64,tuwBXAgi8knzZ3eyYAYg7xDKemM=,WASUwwKpPWvQ4nuN4DQRAiWhfkk=
-56,-64,tuwBXAgi8knzZ3eyYAYg7xDKemM=,WASUwwKpPWvQ4nuN4DQRAiWhfkk=
-59,-64,tuwBXAgi8knzZ3eyYAYg7xDKemM=,WASUwwKpPWvQ4nuN4DQRAiWhfkk=
-60,-64,tuwBXAgi8knzZ3eyYAYg7xDKemM=,WASUwwKpPWvQ4nuN4DQRAiWhfkk=
-63,-64,tuwBXAgi8knzZ3eyYAYg7xDKemM=,WASUwwKpPWvQ4nuN4DQRAiWhfkk=
-58,-64,tuwBXAgi8knzZ3eyYAYg7xDKemM=,WASUwwKpPWvQ4nuN4DQRAiWhfkk=
-51,-63,tuwBXAgi8knzZ3eyYAYg7xDKemM=,WASUwwKpPWvQ4nuN4DQRAiWhfkk=
-61,-64,tuwBXAgi8knzZ3eyYAYg7xDKemM=,WASUwwKpPWvQ4nuN4DQRAiWhfkk=
-49,-63,tuwBXAgi8knzZ3eyYAYg7xDKemM=,WASUwwKpPWvQ4nuN4DQRAiWhfkk=
-49,-50,tuwBXAgi8knzZ3eyYAYg7xDKemM=,WASUwwKpPWvQ4nuN4DQRAiWhfkk=
-64,-49,tuwBXAgi8knzZ3eyYAYg7xDKemM=,WASUwwKpPWvQ4nuN4DQRAiWhfkk=
-52,-50,tuwBXAgi8knzZ3eyYAYg7xDKemM=,WASUwwKpPWvQ4nuN4DQRAiWhfkk=
-50,-50,tuwBXAgi8knzZ3eyYAYg7xDKemM=,WASUwwKpPWvQ4nuN4DQRAiWhfkk=
-64,-62,tuwBXAgi8knzZ3eyYAYg7xDKemM=,WASUwwKpPWvQ4nuN4DQRAiWhfkk=
-53,-50,tuwBXAgi8knzZ3eyYAYg7xDKemM=,WASUwwKpPWvQ4nuN4DQRAiWhfkk=
-62,-64,tuwBXAgi8knzZ3eyYAYg7xDKemM=,WASUwwKpPWvQ4nuN4DQRAiWhfkk=
-51,-50,tuwBXAgi8knzZ3eyYAYg7xDKemM=,WASUwwKpPWvQ4nuN4DQRAiWhfkk=
-54,-50,tuwBXAgi8knzZ3eyYAYg7xDKemM=,WASUwwKpPWvQ4nuN4DQRAiWhfkk=
-63,-62,tuwBXAgi8knzZ3eyYAYg7xDKemM=,WASUwwKpPWvQ4nuN4DQRAiWhfkk=
-57,-50,tuwBXAgi8knzZ3eyYAYg7xDKemM=,WASUwwKpPWvQ4nuN4DQRAiWhfkk=
-56,-50,tuwBXAgi8knzZ3eyYAYg7xDKemM=,WASUwwKpPWvQ4nuN4DQRAiWhfkk=
-55,-50,tuwBXAgi8knzZ3eyYAYg7xDKemM=,WASUwwKpPWvQ4nuN4DQRAiWhfkk=
-61,-50,tuwBXAgi8knzZ3eyYAYg7xDKemM=,WASUwwKpPWvQ4nuN4DQRAiWhfkk=
-60,-50,tuwBXAgi8knzZ3eyYAYg7xDKemM=,WASUwwKpPWvQ4nuN4DQRAiWhfkk=
-59,-50,tuwBXAgi8knzZ3eyYAYg7xDKemM=,WASUwwKpPWvQ4nuN4DQRAiWhfkk=
-52,-63,tuwBXAgi8knzZ3eyYAYg7xDKemM=,WASUwwKpPWvQ4nuN4DQRAiWhfkk=
-62,-62,tuwBXAgi8knzZ3eyYAYg7xDKemM=,WASUwwKpPWvQ4nuN4DQRAiWhfkk=
-58,-50,tuwBXAgi8knzZ3eyYAYg7xDKemM=,WASUwwKpPWvQ4nuN4DQRAiWhfkk=
-49,-51,tuwBXAgi8knzZ3eyYAYg7xDKemM=,WASUwwKpPWvQ4nuN4DQRAiWhfkk=
-61,-62,tuwBXAgi8knzZ3eyYAYg7xDKemM=,WASUwwKpPWvQ4nuN4DQRAiWhfkk=
-50,-51,tuwBXAgi8knzZ3eyYAYg7xDKemM=,WASUwwKpPWvQ4nuN4DQRAiWhfkk=
-64,-50,tuwBXAgi8knzZ3eyYAYg7xDKemM=,WASUwwKpPWvQ4nuN4DQRAiWhfkk=
-51,-51,tuwBXAgi8knzZ3eyYAYg7xDKemM=,WASUwwKpPWvQ4nuN4DQRAiWhfkk=
-52,-51,tuwBXAgi8knzZ3eyYAYg7xDKemM=,WASUwwKpPWvQ4nuN4DQRAiWhfkk=
-63,-50,tuwBXAgi8knzZ3eyYAYg7xDKemM=,WASUwwKpPWvQ4nuN4DQRAiWhfkk=
-62,-50,tuwBXAgi8knzZ3eyYAYg7xDKemM=,WASUwwKpPWvQ4nuN4DQRAiWhfkk=
-60,-62,tuwBXAgi8knzZ3eyYAYg7xDKemM=,WASUwwKpPWvQ4nuN4DQRAiWhfkk=
-56,-51,tuwBXAgi8knzZ3eyYAYg7xDKemM=,WASUwwKpPWvQ4nuN4DQRAiWhfkk=
-54,-51,tuwBXAgi8knzZ3eyYAYg7xDKemM=,WASUwwKpPWvQ4nuN4DQRAiWhfkk=
-57,-51,tuwBXAgi8knzZ3eyYAYg7xDKemM=,WASUwwKpPWvQ4nuN4DQRAiWhfkk=
-58,-51,tuwBXAgi8knzZ3eyYAYg7xDKemM=,WASUwwKpPWvQ4nuN4DQRAiWhfkk=
-53,-51,tuwBXAgi8knzZ3eyYAYg7xDKemM=,WASUwwKpPWvQ4nuN4DQRAiWhfkk=
-59,-51,tuwBXAgi8knzZ3eyYAYg7xDKemM=,WASUwwKpPWvQ4nuN4DQRAiWhfkk=
-61,-51,tuwBXAgi8knzZ3eyYAYg7xDKemM=,WASUwwKpPWvQ4nuN4DQRAiWhfkk=
-59,-62,tuwBXAgi8knzZ3eyYAYg7xDKemM=,WASUwwKpPWvQ4nuN4DQRAiWhfkk=
-60,-51,tuwBXAgi8knzZ3eyYAYg7xDKemM=,WASUwwKpPWvQ4nuN4DQRAiWhfkk=
-55,-51,tuwBXAgi8knzZ3eyYAYg7xDKemM=,WASUwwKpPWvQ4nuN4DQRAiWhfkk=
-62,-51,tuwBXAgi8knzZ3eyYAYg7xDKemM=,WASUwwKpPWvQ4nuN4DQRAiWhfkk=
-49,-52,tuwBXAgi8knzZ3eyYAYg7xDKemM=,WASUwwKpPWvQ4nuN4DQRAiWhfkk=
-58,-62,tuwBXAgi8knzZ3eyYAYg7xDKemM=,WASUwwKpPWvQ4nuN4DQRAiWhfkk=
-53,-63,tuwBXAgi8knzZ3eyYAYg7xDKemM=,WASUwwKpPWvQ4nuN4DQRAiWhfkk=
-63,-51,tuwBXAgi8knzZ3eyYAYg7xDKemM=,WASUwwKpPWvQ4nuN4DQRAiWhfkk=
-50,-52,tuwBXAgi8knzZ3eyYAYg7xDKemM=,WASUwwKpPWvQ4nuN4DQRAiWhfkk=
-64,-51,tuwBXAgi8knzZ3eyYAYg7xDKemM=,WASUwwKpPWvQ4nuN4DQRAiWhfkk=
-51,-52,tuwBXAgi8knzZ3eyYAYg7xDKemM=,WASUwwKpPWvQ4nuN4DQRAiWhfkk=
-52,-52,tuwBXAgi8knzZ3eyYAYg7xDKemM=,WASUwwKpPWvQ4nuN4DQRAiWhfkk=
-55,-52,tuwBXAgi8knzZ3eyYAYg7xDKemM=,WASUwwKpPWvQ4nuN4DQRAiWhfkk=
-54,-52,tuwBXAgi8knzZ3eyYAYg7xDKemM=,WASUwwKpPWvQ4nuN4DQRAiWhfkk=
-53,-52,tuwBXAgi8knzZ3eyYAYg7xDKemM=,WASUwwKpPWvQ4nuN4DQRAiWhfkk=
-56,-52,tuwBXAgi8knzZ3eyYAYg7xDKemM=,WASUwwKpPWvQ4nuN4DQRAiWhfkk=
-57,-62,tuwBXAgi8knzZ3eyYAYg7xDKemM=,WASUwwKpPWvQ4nuN4DQRAiWhfkk=
-58,-52,tuwBXAgi8knzZ3eyYAYg7xDKemM=,WASUwwKpPWvQ4nuN4DQRAiWhfkk=
-54,-63,tuwBXAgi8knzZ3eyYAYg7xDKemM=,WASUwwKpPWvQ4nuN4DQRAiWhfkk=
-57,-52,tuwBXAgi8knzZ3eyYAYg7xDKemM=,WASUwwKpPWvQ4nuN4DQRAiWhfkk=
-56,-62,tuwBXAgi8knzZ3eyYAYg7xDKemM=,WASUwwKpPWvQ4nuN4DQRAiWhfkk=
-60,-52,tuwBXAgi8knzZ3eyYAYg7xDKemM=,WASUwwKpPWvQ4nuN4DQRAiWhfkk=
-59,-52,tuwBXAgi8knzZ3eyYAYg7xDKemM=,WASUwwKpPWvQ4nuN4DQRAiWhfkk=
-61,-52,tuwBXAgi8knzZ3eyYAYg7xDKemM=,WASUwwKpPWvQ4nuN4DQRAiWhfkk=
-62,-52,tuwBXAgi8knzZ3eyYAYg7xDKemM=,WASUwwKpPWvQ4nuN4DQRAiWhfkk=
-63,-52,tuwBXAgi8knzZ3eyYAYg7xDKemM=,WASUwwKpPWvQ4nuN4DQRAiWhfkk=
-64,-52,tuwBXAgi8knzZ3eyYAYg7xDKemM=,WASUwwKpPWvQ4nuN4DQRAiWhfkk=
-55,-62,tuwBXAgi8knzZ3eyYAYg7xDKemM=,WASUwwKpPWvQ4nuN4DQRAiWhfkk=
-49,-53,tuwBXAgi8knzZ3eyYAYg7xDKemM=,WASUwwKpPWvQ4nuN4DQRAiWhfkk=
-52,-53,tuwBXAgi8knzZ3eyYAYg7xDKemM=,WASUwwKpPWvQ4nuN4DQRAiWhfkk=
-50,-53,tuwBXAgi8knzZ3eyYAYg7xDKemM=,WASUwwKpPWvQ4nuN4DQRAiWhfkk=
-54,-62,tuwBXAgi8knzZ3eyYAYg7xDKemM=,WASUwwKpPWvQ4nuN4DQRAiWhfkk=
-53,-53,tuwBXAgi8knzZ3eyYAYg7xDKemM=,WASUwwKpPWvQ4nuN4DQRAiWhfkk=
-51,-53,tuwBXAgi8knzZ3eyYAYg7xDKemM=,WASUwwKpPWvQ4nuN4DQRAiWhfkk=
-54,-53,tuwBXAgi8knzZ3eyYAYg7xDKemM=,WASUwwKpPWvQ4nuN4DQRAiWhfkk=
-59,-53,tuwBXAgi8knzZ3eyYAYg7xDKemM=,WASUwwKpPWvQ4nuN4DQRAiWhfkk=
-58,-53,tuwBXAgi8knzZ3eyYAYg7xDKemM=,WASUwwKpPWvQ4nuN4DQRAiWhfkk=
-55,-53,tuwBXAgi8knzZ3eyYAYg7xDKemM=,WASUwwKpPWvQ4nuN4DQRAiWhfkk=
-55,-63,tuwBXAgi8knzZ3eyYAYg7xDKemM=,WASUwwKpPWvQ4nuN4DQRAiWhfkk=
-60,-53,tuwBXAgi8knzZ3eyYAYg7xDKemM=,WASUwwKpPWvQ4nuN4DQRAiWhfkk=
-53,-62,tuwBXAgi8knzZ3eyYAYg7xDKemM=,WASUwwKpPWvQ4nuN4DQRAiWhfkk=
-63,-53,tuwBXAgi8knzZ3eyYAYg7xDKemM=,WASUwwKpPWvQ4nuN4DQRAiWhfkk=
-56,-53,tuwBXAgi8knzZ3eyYAYg7xDKemM=,WASUwwKpPWvQ4nuN4DQRAiWhfkk=
-61,-53,tuwBXAgi8knzZ3eyYAYg7xDKemM=,WASUwwKpPWvQ4nuN4DQRAiWhfkk=
-64,-53,tuwBXAgi8knzZ3eyYAYg7xDKemM=,WASUwwKpPWvQ4nuN4DQRAiWhfkk=
-49,-54,tuwBXAgi8knzZ3eyYAYg7xDKemM=,WASUwwKpPWvQ4nuN4DQRAiWhfkk=
-50,-54,tuwBXAgi8knzZ3eyYAYg7xDKemM=,WASUwwKpPWvQ4nuN4DQRAiWhfkk=
-55,-54,tuwBXAgi8knzZ3eyYAYg7xDKemM=,WASUwwKpPWvQ4nuN4DQRAiWhfkk=
-54,-54,tuwBXAgi8knzZ3eyYAYg7xDKemM=,WASUwwKpPWvQ4nuN4DQRAiWhfkk=
-52,-54,tuwBXAgi8knzZ3eyYAYg7xDKemM=,WASUwwKpPWvQ4nuN4DQRAiWhfkk=
-57,-53,tuwBXAgi8knzZ3eyYAYg7xDKemM=,WASUwwKpPWvQ4nuN4DQRAiWhfkk=
-52,-62,tuwBXAgi8knzZ3eyYAYg7xDKemM=,WASUwwKpPWvQ4nuN4DQRAiWhfkk=
-53,-54,tuwBXAgi8knzZ3eyYAYg7xDKemM=,WASUwwKpPWvQ4nuN4DQRAiWhfkk=
-56,-54,tuwBXAgi8knzZ3eyYAYg7xDKemM=,WASUwwKpPWvQ4nuN4DQRAiWhfkk=
-62,-53,tuwBXAgi8knzZ3eyYAYg7xDKemM=,WASUwwKpPWvQ4nuN4DQRAiWhfkk=
-58,-54,tuwBXAgi8knzZ3eyYAYg7xDKemM=,WASUwwKpPWvQ4nuN4DQRAiWhfkk=
-57,-54,tuwBXAgi8knzZ3eyYAYg7xDKemM=,WASUwwKpPWvQ4nuN4DQRAiWhfkk=
-51,-54,tuwBXAgi8knzZ3eyYAYg7xDKemM=,WASUwwKpPWvQ4nuN4DQRAiWhfkk=
-59,-54,tuwBXAgi8knzZ3eyYAYg7xDKemM=,WASUwwKpPWvQ4nuN4DQRAiWhfkk=
-56,-63,tuwBXAgi8knzZ3eyYAYg7xDKemM=,WASUwwKpPWvQ4nuN4DQRAiWhfkk=
-63,-54,tuwBXAgi8knzZ3eyYAYg7xDKemM=,WASUwwKpPWvQ4nuN4DQRAiWhfkk=
-62,-54,tuwBXAgi8knzZ3eyYAYg7xDKemM=,WASUwwKpPWvQ4nuN4DQRAiWhfkk=
-60,-54,tuwBXAgi8knzZ3eyYAYg7xDKemM=,WASUwwKpPWvQ4nuN4DQRAiWhfkk=
-61,-54,tuwBXAgi8knzZ3eyYAYg7xDKemM=,WASUwwKpPWvQ4nuN4DQRAiWhfkk=
-50,-55,tuwBXAgi8knzZ3eyYAYg7xDKemM=,WASUwwKpPWvQ4nuN4DQRAiWhfkk=
-52,-55,tuwBXAgi8knzZ3eyYAYg7xDKemM=,WASUwwKpPWvQ4nuN4DQRAiWhfkk=
-51,-55,tuwBXAgi8knzZ3eyYAYg7xDKemM=,WASUwwKpPWvQ4nuN4DQRAiWhfkk=
-54,-55,tuwBXAgi8knzZ3eyYAYg7xDKemM=,WASUwwKpPWvQ4nuN4DQRAiWhfkk=
-55,-55,tuwBXAgi8knzZ3eyYAYg7xDKemM=,WASUwwKpPWvQ4nuN4DQRAiWhfkk=
-51,-62,tuwBXAgi8knzZ3eyYAYg7xDKemM=,WASUwwKpPWvQ4nuN4DQRAiWhfkk=
-64,-54,tuwBXAgi8knzZ3eyYAYg7xDKemM=,WASUwwKpPWvQ4nuN4DQRAiWhfkk=
-56,-55,tuwBXAgi8knzZ3eyYAYg7xDKemM=,WASUwwKpPWvQ4nuN4DQRAiWhfkk=
-53,-55,tuwBXAgi8knzZ3eyYAYg7xDKemM=,WASUwwKpPWvQ4nuN4DQRAiWhfkk=
-58,-55,tuwBXAgi8knzZ3eyYAYg7xDKemM=,WASUwwKpPWvQ4nuN4DQRAiWhfkk=
-57,-63,tuwBXAgi8knzZ3eyYAYg7xDKemM=,WASUwwKpPWvQ4nuN4DQRAiWhfkk=
-64,-63,tuwBXAgi8knzZ3eyYAYg7xDKemM=,WASUwwKpPWvQ4nuN4DQRAiWhfkk=
-62,-55,tuwBXAgi8knzZ3eyYAYg7xDKemM=,WASUwwKpPWvQ4nuN4DQRAiWhfkk=
-59,-55,tuwBXAgi8knzZ3eyYAYg7xDKemM=,WASUwwKpPWvQ4nuN4DQRAiWhfkk=
-50,-56,tuwBXAgi8knzZ3eyYAYg7xDKemM=,WASUwwKpPWvQ4nuN4DQRAiWhfkk=
-51,-56,tuwBXAgi8knzZ3eyYAYg7xDKemM=,WASUwwKpPWvQ4nuN4DQRAiWhfkk=
-63,-55,tuwBXAgi8knzZ3eyYAYg7xDKemM=,WASUwwKpPWvQ4nuN4DQRAiWhfkk=
-61,-55,tuwBXAgi8knzZ3eyYAYg7xDKemM=,WASUwwKpPWvQ4nuN4DQRAiWhfkk=
-64,-55,tuwBXAgi8knzZ3eyYAYg7xDKemM=,WASUwwKpPWvQ4nuN4DQRAiWhfkk=
-57,-55,tuwBXAgi8knzZ3eyYAYg7xDKemM=,WASUwwKpPWvQ4nuN4DQRAiWhfkk=
-52,-56,tuwBXAgi8knzZ3eyYAYg7xDKemM=,WASUwwKpPWvQ4nuN4DQRAiWhfkk=
-50,-62,tuwBXAgi8knzZ3eyYAYg7xDKemM=,WASUwwKpPWvQ4nuN4DQRAiWhfkk=
-49,-56,tuwBXAgi8knzZ3eyYAYg7xDKemM=,WASUwwKpPWvQ4nuN4DQRAiWhfkk=
-54,-56,tuwBXAgi8knzZ3eyYAYg7xDKemM=,WASUwwKpPWvQ4nuN4DQRAiWhfkk=
-55,-56,tuwBXAgi8knzZ3eyYAYg7xDKemM=,WASUwwKpPWvQ4nuN4DQRAiWhfkk=
-53,-56,tuwBXAgi8knzZ3eyYAYg7xDKemM=,WASUwwKpPWvQ4nuN4DQRAiWhfkk=
-60,-55,tuwBXAgi8knzZ3eyYAYg7xDKemM=,WASUwwKpPWvQ4nuN4DQRAiWhfkk=
-49,-62,tuwBXAgi8knzZ3eyYAYg7xDKemM=,WASUwwKpPWvQ4nuN4DQRAiWhfkk=
-57,-56,tuwBXAgi8knzZ3eyYAYg7xDKemM=,WASUwwKpPWvQ4nuN4DQRAiWhfkk=
-58,-56,tuwBXAgi8knzZ3eyYAYg7xDKemM=,WASUwwKpPWvQ4nuN4DQRAiWhfkk=
-56,-56,tuwBXAgi8knzZ3eyYAYg7xDKemM=,WASUwwKpPWvQ4nuN4DQRAiWhfkk=
-58,-63,tuwBXAgi8knzZ3eyYAYg7xDKemM=,WASUwwKpPWvQ4nuN4DQRAiWhfkk=
-61,-56,tuwBXAgi8knzZ3eyYAYg7xDKemM=,WASUwwKpPWvQ4nuN4DQRAiWhfkk=
-62,-56,tuwBXAgi8knzZ3eyYAYg7xDKemM=,WASUwwKpPWvQ4nuN4DQRAiWhfkk=
-63,-56,tuwBXAgi8knzZ3eyYAYg7xDKemM=,WASUwwKpPWvQ4nuN4DQRAiWhfkk=
-64,-56,tuwBXAgi8knzZ3eyYAYg7xDKemM=,WASUwwKpPWvQ4nuN4DQRAiWhfkk=
-49,-57,tuwBXAgi8knzZ3eyYAYg7xDKemM=,WASUwwKpPWvQ4nuN4DQRAiWhfkk=
-50,-57,tuwBXAgi8knzZ3eyYAYg7xDKemM=,WASUwwKpPWvQ4nuN4DQRAiWhfkk=
-64,-61,tuwBXAgi8knzZ3eyYAYg7xDKemM=,WASUwwKpPWvQ4nuN4DQRAiWhfkk=
-59,-56,tuwBXAgi8knzZ3eyYAYg7xDKemM=,WASUwwKpPWvQ4nuN4DQRAiWhfkk=
-51,-57,tuwBXAgi8knzZ3eyYAYg7xDKemM=,WASUwwKpPWvQ4nuN4DQRAiWhfkk=
-49,-55,tuwBXAgi8knzZ3eyYAYg7xDKemM=,WASUwwKpPWvQ4nuN4DQRAiWhfkk=
-52,-57,tuwBXAgi8knzZ3eyYAYg7xDKemM=,WASUwwKpPWvQ4nuN4DQRAiWhfkk=
-55,-57,tuwBXAgi8knzZ3eyYAYg7xDKemM=,WASUwwKpPWvQ4nuN4DQRAiWhfkk=
-56,-57,tuwBXAgi8knzZ3eyYAYg7xDKemM=,WASUwwKpPWvQ4nuN4DQRAiWhfkk=
-59,-63,tuwBXAgi8knzZ3eyYAYg7xDKemM=,WASUwwKpPWvQ4nuN4DQRAiWhfkk=
-57,-57,tuwBXAgi8knzZ3eyYAYg7xDKemM=,WASUwwKpPWvQ4nuN4DQRAiWhfkk=
-53,-57,tuwBXAgi8knzZ3eyYAYg7xDKemM=,WASUwwKpPWvQ4nuN4DQRAiWhfkk=
-54,-57,tuwBXAgi8knzZ3eyYAYg7xDKemM=,WASUwwKpPWvQ4nuN4DQRAiWhfkk=
-58,-57,tuwBXAgi8knzZ3eyYAYg7xDKemM=,WASUwwKpPWvQ4nuN4DQRAiWhfkk=
-60,-56,tuwBXAgi8knzZ3eyYAYg7xDKemM=,WASUwwKpPWvQ4nuN4DQRAiWhfkk=
-61,-57,tuwBXAgi8knzZ3eyYAYg7xDKemM=,WASUwwKpPWvQ4nuN4DQRAiWhfkk=
-63,-61,tuwBXAgi8knzZ3eyYAYg7xDKemM=,WASUwwKpPWvQ4nuN4DQRAiWhfkk=
-63,-57,tuwBXAgi8knzZ3eyYAYg7xDKemM=,WASUwwKpPWvQ4nuN4DQRAiWhfkk=
-50,-58,tuwBXAgi8knzZ3eyYAYg7xDKemM=,WASUwwKpPWvQ4nuN4DQRAiWhfkk=
-52,-58,tuwBXAgi8knzZ3eyYAYg7xDKemM=,WASUwwKpPWvQ4nuN4DQRAiWhfkk=
-64,-57,tuwBXAgi8knzZ3eyYAYg7xDKemM=,WASUwwKpPWvQ4nuN4DQRAiWhfkk=
-53,-58,tuwBXAgi8knzZ3eyYAYg7xDKemM=,WASUwwKpPWvQ4nuN4DQRAiWhfkk=
-62,-57,tuwBXAgi8knzZ3eyYAYg7xDKemM=,WASUwwKpPWvQ4nuN4DQRAiWhfkk=
-59,-57,tuwBXAgi8knzZ3eyYAYg7xDKemM=,WASUwwKpPWvQ4nuN4DQRAiWhfkk=
-60,-63,tuwBXAgi8knzZ3eyYAYg7xDKemM=,WASUwwKpPWvQ4nuN4DQRAiWhfkk=
-56,-58,tuwBXAgi8knzZ3eyYAYg7xDKemM=,WASUwwKpPWvQ4nuN4DQRAiWhfkk=
-62,-61,tuwBXAgi8knzZ3eyYAYg7xDKemM=,WASUwwKpPWvQ4nuN4DQRAiWhfkk=
-49,-58,tuwBXAgi8knzZ3eyYAYg7xDKemM=,WASUwwKpPWvQ4nuN4DQRAiWhfkk=
-57,-58,tuwBXAgi8knzZ3eyYAYg7xDKemM=,WASUwwKpPWvQ4nuN4DQRAiWhfkk=
-54,-58,tuwBXAgi8knzZ3eyYAYg7xDKemM=,WASUwwKpPWvQ4nuN4DQRAiWhfkk=
-60,-57,tuwBXAgi8knzZ3eyYAYg7xDKemM=,WASUwwKpPWvQ4nuN4DQRAiWhfkk=
-49,-59,tuwBXAgi8knzZ3eyYAYg7xDKemM=,WASUwwKpPWvQ4nuN4DQRAiWhfkk=
-55,-58,tuwBXAgi8knzZ3eyYAYg7xDKemM=,WASUwwKpPWvQ4nuN4DQRAiWhfkk=
-51,-58,tuwBXAgi8knzZ3eyYAYg7xDKemM=,WASUwwKpPWvQ4nuN4DQRAiWhfkk=
-60,-58,tuwBXAgi8knzZ3eyYAYg7xDKemM=,WASUwwKpPWvQ4nuN4DQRAiWhfkk=
-61,-58,tuwBXAgi8knzZ3eyYAYg7xDKemM=,WASUwwKpPWvQ4nuN4DQRAiWhfkk=
-61,-61,tuwBXAgi8knzZ3eyYAYg7xDKemM=,WASUwwKpPWvQ4nuN4DQRAiWhfkk=
-63,-58,tuwBXAgi8knzZ3eyYAYg7xDKemM=,WASUwwKpPWvQ4nuN4DQRAiWhfkk=
-50,-59,tuwBXAgi8knzZ3eyYAYg7xDKemM=,WASUwwKpPWvQ4nuN4DQRAiWhfkk=
-58,-58,tuwBXAgi8knzZ3eyYAYg7xDKemM=,WASUwwKpPWvQ4nuN4DQRAiWhfkk=
-62,-58,tuwBXAgi8knzZ3eyYAYg7xDKemM=,WASUwwKpPWvQ4nuN4DQRAiWhfkk=
-59,-58,tuwBXAgi8knzZ3eyYAYg7xDKemM=,WASUwwKpPWvQ4nuN4DQRAiWhfkk=
-61,-63,tuwBXAgi8knzZ3eyYAYg7xDKemM=,WASUwwKpPWvQ4nuN4DQRAiWhfkk=
-51,-59,tuwBXAgi8knzZ3eyYAYg7xDKemM=,WASUwwKpPWvQ4nuN4DQRAiWhfkk=
-52,-59,tuwBXAgi8knzZ3eyYAYg7xDKemM=,WASUwwKpPWvQ4nuN4DQRAiWhfkk=
-55,-59,tuwBXAgi8knzZ3eyYAYg7xDKemM=,WASUwwKpPWvQ4nuN4DQRAiWhfkk=
-59,-59,tuwBXAgi8knzZ3eyYAYg7xDKemM=,WASUwwKpPWvQ4nuN4DQRAiWhfkk=
-64,-58,tuwBXAgi8knzZ3eyYAYg7xDKemM=,WASUwwKpPWvQ4nuN4DQRAiWhfkk=
-58,-59,tuwBXAgi8knzZ3eyYAYg7xDKemM=,WASUwwKpPWvQ4nuN4DQRAiWhfkk=
-57,-59,tuwBXAgi8knzZ3eyYAYg7xDKemM=,WASUwwKpPWvQ4nuN4DQRAiWhfkk=
-62,-59,tuwBXAgi8knzZ3eyYAYg7xDKemM=,WASUwwKpPWvQ4nuN4DQRAiWhfkk=
-54,-60,tuwBXAgi8knzZ3eyYAYg7xDKemM=,WASUwwKpPWvQ4nuN4DQRAiWhfkk=
-55,-60,tuwBXAgi8knzZ3eyYAYg7xDKemM=,WASUwwKpPWvQ4nuN4DQRAiWhfkk=
-60,-60,tuwBXAgi8knzZ3eyYAYg7xDKemM=,WASUwwKpPWvQ4nuN4DQRAiWhfkk=
-61,-60,tuwBXAgi8knzZ3eyYAYg7xDKemM=,WASUwwKpPWvQ4nuN4DQRAiWhfkk=
-60,-61,tuwBXAgi8knzZ3eyYAYg7xDKemM=,WASUwwKpPWvQ4nuN4DQRAiWhfkk=
-50,-60,tuwBXAgi8knzZ3eyYAYg7xDKemM=,WASUwwKpPWvQ4nuN4DQRAiWhfkk=
-63,-60,tuwBXAgi8knzZ3eyYAYg7xDKemM=,WASUwwKpPWvQ4nuN4DQRAiWhfkk=
-61,-59,tuwBXAgi8knzZ3eyYAYg7xDKemM=,WASUwwKpPWvQ4nuN4DQRAiWhfkk=
-53,-59,tuwBXAgi8knzZ3eyYAYg7xDKemM=,WASUwwKpPWvQ4nuN4DQRAiWhfkk=
-49,-61,tuwBXAgi8knzZ3eyYAYg7xDKemM=,WASUwwKpPWvQ4nuN4DQRAiWhfkk=
-51,-61,tuwBXAgi8knzZ3eyYAYg7xDKemM=,WASUwwKpPWvQ4nuN4DQRAiWhfkk=
-64,-60,tuwBXAgi8knzZ3eyYAYg7xDKemM=,WASUwwKpPWvQ4nuN4DQRAiWhfkk=
-59,-60,tuwBXAgi8knzZ3eyYAYg7xDKemM=,WASUwwKpPWvQ4nuN4DQRAiWhfkk=
-52,-60,tuwBXAgi8knzZ3eyYAYg7xDKemM=,WASUwwKpPWvQ4nuN4DQRAiWhfkk=
-63,-63,tuwBXAgi8knzZ3eyYAYg7xDKemM=,WASUwwKpPWvQ4nuN4DQRAiWhfkk=
-52,-61,tuwBXAgi8knzZ3eyYAYg7xDKemM=,WASUwwKpPWvQ4nuN4DQRAiWhfkk=
-53,-61,tuwBXAgi8knzZ3eyYAYg7xDKemM=,WASUwwKpPWvQ4nuN4DQRAiWhfkk=
-58,-60,tuwBXAgi8knzZ3eyYAYg7xDKemM=,WASUwwKpPWvQ4nuN4DQRAiWhfkk=
-55,-61,tuwBXAgi8knzZ3eyYAYg7xDKemM=,WASUwwKpPWvQ4nuN4DQRAiWhfkk=
-53,-60,tuwBXAgi8knzZ3eyYAYg7xDKemM=,WASUwwKpPWvQ4nuN4DQRAiWhfkk=
-57,-61,tuwBXAgi8knzZ3eyYAYg7xDKemM=,WASUwwKpPWvQ4nuN4DQRAiWhfkk=
-50,-61,tuwBXAgi8knzZ3eyYAYg7xDKemM=,WASUwwKpPWvQ4nuN4DQRAiWhfkk=
-62,-60,tuwBXAgi8knzZ3eyYAYg7xDKemM=,WASUwwKpPWvQ4nuN4DQRAiWhfkk=
-56,-61,tuwBXAgi8knzZ3eyYAYg7xDKemM=,WASUwwKpPWvQ4nuN4DQRAiWhfkk=
-58,-61,tuwBXAgi8knzZ3eyYAYg7xDKemM=,WASUwwKpPWvQ4nuN4DQRAiWhfkk=
-54,-61,tuwBXAgi8knzZ3eyYAYg7xDKemM=,WASUwwKpPWvQ4nuN4DQRAiWhfkk=
-57,-60,tuwBXAgi8knzZ3eyYAYg7xDKemM=,WASUwwKpPWvQ4nuN4DQRAiWhfkk=
-49,-60,tuwBXAgi8knzZ3eyYAYg7xDKemM=,WASUwwKpPWvQ4nuN4DQRAiWhfkk=
-62,-63,tuwBXAgi8knzZ3eyYAYg7xDKemM=,WASUwwKpPWvQ4nuN4DQRAiWhfkk=
-51,-60,tuwBXAgi8knzZ3eyYAYg7xDKemM=,WASUwwKpPWvQ4nuN4DQRAiWhfkk=
-59,-61,tuwBXAgi8knzZ3eyYAYg7xDKemM=,WASUwwKpPWvQ4nuN4DQRAiWhfkk=
-56,-59,tuwBXAgi8knzZ3eyYAYg7xDKemM=,WASUwwKpPWvQ4nuN4DQRAiWhfkk=
-64,-59,tuwBXAgi8knzZ3eyYAYg7xDKemM=,WASUwwKpPWvQ4nuN4DQRAiWhfkk=
-56,-60,tuwBXAgi8knzZ3eyYAYg7xDKemM=,WASUwwKpPWvQ4nuN4DQRAiWhfkk=
-63,-59,tuwBXAgi8knzZ3eyYAYg7xDKemM=,WASUwwKpPWvQ4nuN4DQRAiWhfkk=
-54,-59,tuwBXAgi8knzZ3eyYAYg7xDKemM=,WASUwwKpPWvQ4nuN4DQRAiWhfkk=
-60,-59,tuwBXAgi8knzZ3eyYAYg7xDKemM=,WASUwwKpPWvQ4nuN4DQRAiWhfkk=
-48,-63,+ngzS2gUEX5/lcG7b/qKeT98dt4=,WASUwwKpPWvQ4nuN4DQRAiWhfkk=
-33,-64,+ngzS2gUEX5/lcG7b/qKeT98dt4=,WASUwwKpPWvQ4nuN4DQRAiWhfkk=
-33,-49,+ngzS2gUEX5/lcG7b/qKeT98dt4=,WASUwwKpPWvQ4nuN4DQRAiWhfkk=
-34,-49,+ngzS2gUEX5/lcG7b/qKeT98dt4=,WASUwwKpPWvQ4nuN4DQRAiWhfkk=
-43,-49,+ngzS2gUEX5/lcG7b/qKeT98dt4=,WASUwwKpPWvQ4nuN4DQRAiWhfkk=
-44,-49,+ngzS2gUEX5/lcG7b/qKeT98dt4=,WASUwwKpPWvQ4nuN4DQRAiWhfkk=
-45,-49,+ngzS2gUEX5/lcG7b/qKeT98dt4=,WASUwwKpPWvQ4nuN4DQRAiWhfkk=
-48,-49,+ngzS2gUEX5/lcG7b/qKeT98dt4=,WASUwwKpPWvQ4nuN4DQRAiWhfkk=
-47,-49,+ngzS2gUEX5/lcG7b/qKeT98dt4=,WASUwwKpPWvQ4nuN4DQRAiWhfkk=
-38,-49,+ngzS2gUEX5/lcG7b/qKeT98dt4=,WASUwwKpPWvQ4nuN4DQRAiWhfkk=
-35,-50,+ngzS2gUEX5/lcG7b/qKeT98dt4=,WASUwwKpPWvQ4nuN4DQRAiWhfkk=
-36,-50,+ngzS2gUEX5/lcG7b/qKeT98dt4=,WASUwwKpPWvQ4nuN4DQRAiWhfkk=
-37,-49,+ngzS2gUEX5/lcG7b/qKeT98dt4=,WASUwwKpPWvQ4nuN4DQRAiWhfkk=
-46,-49,+ngzS2gUEX5/lcG7b/qKeT98dt4=,WASUwwKpPWvQ4nuN4DQRAiWhfkk=
-39,-50,+ngzS2gUEX5/lcG7b/qKeT98dt4=,WASUwwKpPWvQ4nuN4DQRAiWhfkk=
-39,-49,+ngzS2gUEX5/lcG7b/qKeT98dt4=,WASUwwKpPWvQ4nuN4DQRAiWhfkk=
-37,-50,+ngzS2gUEX5/lcG7b/qKeT98dt4=,WASUwwKpPWvQ4nuN4DQRAiWhfkk=
-38,-50,+ngzS2gUEX5/lcG7b/qKeT98dt4=,WASUwwKpPWvQ4nuN4DQRAiWhfkk=
-42,-50,+ngzS2gUEX5/lcG7b/qKeT98dt4=,WASUwwKpPWvQ4nuN4DQRAiWhfkk=
-40,-50,+ngzS2gUEX5/lcG7b/qKeT98dt4=,WASUwwKpPWvQ4nuN4DQRAiWhfkk=
-44,-50,+ngzS2gUEX5/lcG7b/qKeT98dt4=,WASUwwKpPWvQ4nuN4DQRAiWhfkk=
-43,-50,+ngzS2gUEX5/lcG7b/qKeT98dt4=,WASUwwKpPWvQ4nuN4DQRAiWhfkk=
-41,-50,+ngzS2gUEX5/lcG7b/qKeT98dt4=,WASUwwKpPWvQ4nuN4DQRAiWhfkk=
-35,-49,+ngzS2gUEX5/lcG7b/qKeT98dt4=,WASUwwKpPWvQ4nuN4DQRAiWhfkk=
-46,-50,+ngzS2gUEX5/lcG7b/qKeT98dt4=,WASUwwKpPWvQ4nuN4DQRAiWhfkk=
-45,-50,+ngzS2gUEX5/lcG7b/qKeT98dt4=,WASUwwKpPWvQ4nuN4DQRAiWhfkk=
-48,-50,+ngzS2gUEX5/lcG7b/qKeT98dt4=,WASUwwKpPWvQ4nuN4DQRAiWhfkk=
-35,-51,+ngzS2gUEX5/lcG7b/qKeT98dt4=,WASUwwKpPWvQ4nuN4DQRAiWhfkk=
-47,-50,+ngzS2gUEX5/lcG7b/qKeT98dt4=,WASUwwKpPWvQ4nuN4DQRAiWhfkk=
-38,-51,+ngzS2gUEX5/lcG7b/qKeT98dt4=,WASUwwKpPWvQ4nuN4DQRAiWhfkk=
-36,-51,+ngzS2gUEX5/lcG7b/qKeT98dt4=,WASUwwKpPWvQ4nuN4DQRAiWhfkk=
-39,-51,+ngzS2gUEX5/lcG7b/qKeT98dt4=,WASUwwKpPWvQ4nuN4DQRAiWhfkk=
-37,-51,+ngzS2gUEX5/lcG7b/qKeT98dt4=,WASUwwKpPWvQ4nuN4DQRAiWhfkk=
-36,-49,+ngzS2gUEX5/lcG7b/qKeT98dt4=,WASUwwKpPWvQ4nuN4DQRAiWhfkk=
-40,-51,+ngzS2gUEX5/lcG7b/qKeT98dt4=,WASUwwKpPWvQ4nuN4DQRAiWhfkk=
-44,-51,+ngzS2gUEX5/lcG7b/qKeT98dt4=,WASUwwKpPWvQ4nuN4DQRAiWhfkk=
-41,-51,+ngzS2gUEX5/lcG7b/qKeT98dt4=,WASUwwKpPWvQ4nuN4DQRAiWhfkk=
-42,-51,+ngzS2gUEX5/lcG7b/qKeT98dt4=,WASUwwKpPWvQ4nuN4DQRAiWhfkk=
-43,-51,+ngzS2gUEX5/lcG7b/qKeT98dt4=,WASUwwKpPWvQ4nuN4DQRAiWhfkk=
-46,-51,+ngzS2gUEX5/lcG7b/qKeT98dt4=,WASUwwKpPWvQ4nuN4DQRAiWhfkk=
-33,-50,+ngzS2gUEX5/lcG7b/qKeT98dt4=,WASUwwKpPWvQ4nuN4DQRAiWhfkk=
-35,-52,+ngzS2gUEX5/lcG7b/qKeT98dt4=,WASUwwKpPWvQ4nuN4DQRAiWhfkk=
-48,-51,+ngzS2gUEX5/lcG7b/qKeT98dt4=,WASUwwKpPWvQ4nuN4DQRAiWhfkk=
-47,-51,+ngzS2gUEX5/lcG7b/qKeT98dt4=,WASUwwKpPWvQ4nuN4DQRAiWhfkk=
-45,-51,+ngzS2gUEX5/lcG7b/qKeT98dt4=,WASUwwKpPWvQ4nuN4DQRAiWhfkk=
-36,-52,+ngzS2gUEX5/lcG7b/qKeT98dt4=,WASUwwKpPWvQ4nuN4DQRAiWhfkk=
-39,-52,+ngzS2gUEX5/lcG7b/qKeT98dt4=,WASUwwKpPWvQ4nuN4DQRAiWhfkk=
-43,-52,+ngzS2gUEX5/lcG7b/qKeT98dt4=,WASUwwKpPWvQ4nuN4DQRAiWhfkk=
-38,-52,+ngzS2gUEX5/lcG7b/qKeT98dt4=,WASUwwKpPWvQ4nuN4DQRAiWhfkk=
-35,-64,+ngzS2gUEX5/lcG7b/qKeT98dt4=,WASUwwKpPWvQ4nuN4DQRAiWhfkk=
-40,-52,+ngzS2gUEX5/lcG7b/qKeT98dt4=,WASUwwKpPWvQ4nuN4DQRAiWhfkk=
-45,-52,+ngzS2gUEX5/lcG7b/qKeT98dt4=,WASUwwKpPWvQ4nuN4DQRAiWhfkk=
-44,-52,+ngzS2gUEX5/lcG7b/qKeT98dt4=,WASUwwKpPWvQ4nuN4DQRAiWhfkk=
-47,-52,+ngzS2gUEX5/lcG7b/qKeT98dt4=,WASUwwKpPWvQ4nuN4DQRAiWhfkk=
-48,-52,+ngzS2gUEX5/lcG7b/qKeT98dt4=,WASUwwKpPWvQ4nuN4DQRAiWhfkk=
-36,-64,+ngzS2gUEX5/lcG7b/qKeT98dt4=,WASUwwKpPWvQ4nuN4DQRAiWhfkk=
-42,-52,+ngzS2gUEX5/lcG7b/qKeT98dt4=,WASUwwKpPWvQ4nuN4DQRAiWhfkk=
-46,-52,+ngzS2gUEX5/lcG7b/qKeT98dt4=,WASUwwKpPWvQ4nuN4DQRAiWhfkk=
-41,-52,+ngzS2gUEX5/lcG7b/qKeT98dt4=,WASUwwKpPWvQ4nuN4DQRAiWhfkk=
-37,-52,+ngzS2gUEX5/lcG7b/qKeT98dt4=,WASUwwKpPWvQ4nuN4DQRAiWhfkk=
-35,-53,+ngzS2gUEX5/lcG7b/qKeT98dt4=,WASUwwKpPWvQ4nuN4DQRAiWhfkk=
-36,-53,+ngzS2gUEX5/lcG7b/qKeT98dt4=,WASUwwKpPWvQ4nuN4DQRAiWhfkk=
-37,-53,+ngzS2gUEX5/lcG7b/qKeT98dt4=,WASUwwKpPWvQ4nuN4DQRAiWhfkk=
-39,-53,+ngzS2gUEX5/lcG7b/qKeT98dt4=,WASUwwKpPWvQ4nuN4DQRAiWhfkk=
-40,-53,+ngzS2gUEX5/lcG7b/qKeT98dt4=,WASUwwKpPWvQ4nuN4DQRAiWhfkk=
-38,-53,+ngzS2gUEX5/lcG7b/qKeT98dt4=,WASUwwKpPWvQ4nuN4DQRAiWhfkk=
-42,-53,+ngzS2gUEX5/lcG7b/qKeT98dt4=,WASUwwKpPWvQ4nuN4DQRAiWhfkk=
-41,-53,+ngzS2gUEX5/lcG7b/qKeT98dt4=,WASUwwKpPWvQ4nuN4DQRAiWhfkk=
-44,-53,+ngzS2gUEX5/lcG7b/qKeT98dt4=,WASUwwKpPWvQ4nuN4DQRAiWhfkk=
-43,-53,+ngzS2gUEX5/lcG7b/qKeT98dt4=,WASUwwKpPWvQ4nuN4DQRAiWhfkk=
-45,-53,+ngzS2gUEX5/lcG7b/qKeT98dt4=,WASUwwKpPWvQ4nuN4DQRAiWhfkk=
-46,-53,+ngzS2gUEX5/lcG7b/qKeT98dt4=,WASUwwKpPWvQ4nuN4DQRAiWhfkk=
-48,-53,+ngzS2gUEX5/lcG7b/qKeT98dt4=,WASUwwKpPWvQ4nuN4DQRAiWhfkk=
-35,-54,+ngzS2gUEX5/lcG7b/qKeT98dt4=,WASUwwKpPWvQ4nuN4DQRAiWhfkk=
-37,-64,+ngzS2gUEX5/lcG7b/qKeT98dt4=,WASUwwKpPWvQ4nuN4DQRAiWhfkk=
-47,-53,+ngzS2gUEX5/lcG7b/qKeT98dt4=,WASUwwKpPWvQ4nuN4DQRAiWhfkk=
-37,-54,+ngzS2gUEX5/lcG7b/qKeT98dt4=,WASUwwKpPWvQ4nuN4DQRAiWhfkk=
-38,-54,+ngzS2gUEX5/lcG7b/qKeT98dt4=,WASUwwKpPWvQ4nuN4DQRAiWhfkk=
-33,-53,+ngzS2gUEX5/lcG7b/qKeT98dt4=,WASUwwKpPWvQ4nuN4DQRAiWhfkk=
-40,-49,+ngzS2gUEX5/lcG7b/qKeT98dt4=,WASUwwKpPWvQ4nuN4DQRAiWhfkk=
-42,-54,+ngzS2gUEX5/lcG7b/qKeT98dt4=,WASUwwKpPWvQ4nuN4DQRAiWhfkk=
-40,-54,+ngzS2gUEX5/lcG7b/qKeT98dt4=,WASUwwKpPWvQ4nuN4DQRAiWhfkk=
-43,-54,+ngzS2gUEX5/lcG7b/qKeT98dt4=,WASUwwKpPWvQ4nuN4DQRAiWhfkk=
-41,-54,+ngzS2gUEX5/lcG7b/qKeT98dt4=,WASUwwKpPWvQ4nuN4DQRAiWhfkk=
-44,-54,+ngzS2gUEX5/lcG7b/qKeT98dt4=,WASUwwKpPWvQ4nuN4DQRAiWhfkk=
-39,-54,+ngzS2gUEX5/lcG7b/qKeT98dt4=,WASUwwKpPWvQ4nuN4DQRAiWhfkk=
-33,-51,+ngzS2gUEX5/lcG7b/qKeT98dt4=,WASUwwKpPWvQ4nuN4DQRAiWhfkk=
-46,-54,+ngzS2gUEX5/lcG7b/qKeT98dt4=,WASUwwKpPWvQ4nuN4DQRAiWhfkk=
-45,-54,+ngzS2gUEX5/lcG7b/qKeT98dt4=,WASUwwKpPWvQ4nuN4DQRAiWhfkk=
-47,-54,+ngzS2gUEX5/lcG7b/qKeT98dt4=,WASUwwKpPWvQ4nuN4DQRAiWhfkk=
-48,-54,+ngzS2gUEX5/lcG7b/qKeT98dt4=,WASUwwKpPWvQ4nuN4DQRAiWhfkk=
-38,-64,+ngzS2gUEX5/lcG7b/qKeT98dt4=,WASUwwKpPWvQ4nuN4DQRAiWhfkk=
-36,-55,+ngzS2gUEX5/lcG7b/qKeT98dt4=,WASUwwKpPWvQ4nuN4DQRAiWhfkk=
-37,-55,+ngzS2gUEX5/lcG7b/qKeT98dt4=,WASUwwKpPWvQ4nuN4DQRAiWhfkk=
-35,-55,+ngzS2gUEX5/lcG7b/qKeT98dt4=,WASUwwKpPWvQ4nuN4DQRAiWhfkk=
-39,-55,+ngzS2gUEX5/lcG7b/qKeT98dt4=,WASUwwKpPWvQ4nuN4DQRAiWhfkk=
-40,-55,+ngzS2gUEX5/lcG7b/qKeT98dt4=,WASUwwKpPWvQ4nuN4DQRAiWhfkk=
-41,-55,+ngzS2gUEX5/lcG7b/qKeT98dt4=,WASUwwKpPWvQ4nuN4DQRAiWhfkk=
-36,-54,+ngzS2gUEX5/lcG7b/qKeT98dt4=,WASUwwKpPWvQ4nuN4DQRAiWhfkk=
-38,-55,+ngzS2gUEX5/lcG7b/qKeT98dt4=,WASUwwKpPWvQ4nuN4DQRAiWhfkk=
-43,-55,+ngzS2gUEX5/lcG7b/qKeT98dt4=,WASUwwKpPWvQ4nuN4DQRAiWhfkk=
-44,-55,+ngzS2gUEX5/lcG7b/qKeT98dt4=,WASUwwKpPWvQ4nuN4DQRAiWhfkk=
-46,-55,+ngzS2gUEX5/lcG7b/qKeT98dt4=,WASUwwKpPWvQ4nuN4DQRAiWhfkk=
-42,-55,+ngzS2gUEX5/lcG7b/qKeT98dt4=,WASUwwKpPWvQ4nuN4DQRAiWhfkk=
-47,-55,+ngzS2gUEX5/lcG7b/qKeT98dt4=,WASUwwKpPWvQ4nuN4DQRAiWhfkk=
-39,-64,+ngzS2gUEX5/lcG7b/qKeT98dt4=,WASUwwKpPWvQ4nuN4DQRAiWhfkk=
-35,-56,+ngzS2gUEX5/lcG7b/qKeT98dt4=,WASUwwKpPWvQ4nuN4DQRAiWhfkk=
-48,-55,+ngzS2gUEX5/lcG7b/qKeT98dt4=,WASUwwKpPWvQ4nuN4DQRAiWhfkk=
-45,-55,+ngzS2gUEX5/lcG7b/qKeT98dt4=,WASUwwKpPWvQ4nuN4DQRAiWhfkk=
-38,-56,+ngzS2gUEX5/lcG7b/qKeT98dt4=,WASUwwKpPWvQ4nuN4DQRAiWhfkk=
-36,-56,+ngzS2gUEX5/lcG7b/qKeT98dt4=,WASUwwKpPWvQ4nuN4DQRAiWhfkk=
-37,-56,+ngzS2gUEX5/lcG7b/qKeT98dt4=,WASUwwKpPWvQ4nuN4DQRAiWhfkk=
-39,-56,+ngzS2gUEX5/lcG7b/qKeT98dt4=,WASUwwKpPWvQ4nuN4DQRAiWhfkk=
-33,-52,+ngzS2gUEX5/lcG7b/qKeT98dt4=,WASUwwKpPWvQ4nuN4DQRAiWhfkk=
-40,-56,+ngzS2gUEX5/lcG7b/qKeT98dt4=,WASUwwKpPWvQ4nuN4DQRAiWhfkk=
-41,-56,+ngzS2gUEX5/lcG7b/qKeT98dt4=,WASUwwKpPWvQ4nuN4DQRAiWhfkk=
-42,-56,+ngzS2gUEX5/lcG7b/qKeT98dt4=,WASUwwKpPWvQ4nuN4DQRAiWhfkk=
-43,-56,+ngzS2gUEX5/lcG7b/qKeT98dt4=,WASUwwKpPWvQ4nuN4DQRAiWhfkk=
-44,-56,+ngzS2gUEX5/lcG7b/qKeT98dt4=,WASUwwKpPWvQ4nuN4DQRAiWhfkk=
-46,-56,+ngzS2gUEX5/lcG7b/qKeT98dt4=,WASUwwKpPWvQ4nuN4DQRAiWhfkk=
-47,-56,+ngzS2gUEX5/lcG7b/qKeT98dt4=,WASUwwKpPWvQ4nuN4DQRAiWhfkk=
-45,-56,+ngzS2gUEX5/lcG7b/qKeT98dt4=,WASUwwKpPWvQ4nuN4DQRAiWhfkk=
-48,-56,+ngzS2gUEX5/lcG7b/qKeT98dt4=,WASUwwKpPWvQ4nuN4DQRAiWhfkk=
-35,-57,+ngzS2gUEX5/lcG7b/qKeT98dt4=,WASUwwKpPWvQ4nuN4DQRAiWhfkk=
-40,-64,+ngzS2gUEX5/lcG7b/qKeT98dt4=,WASUwwKpPWvQ4nuN4DQRAiWhfkk=
-38,-57,+ngzS2gUEX5/lcG7b/qKeT98dt4=,WASUwwKpPWvQ4nuN4DQRAiWhfkk=
-36,-57,+ngzS2gUEX5/lcG7b/qKeT98dt4=,WASUwwKpPWvQ4nuN4DQRAiWhfkk=
-37,-57,+ngzS2gUEX5/lcG7b/qKeT98dt4=,WASUwwKpPWvQ4nuN4DQRAiWhfkk=
-39,-57,+ngzS2gUEX5/lcG7b/qKeT98dt4=,WASUwwKpPWvQ4nuN4DQRAiWhfkk=
-40,-57,+ngzS2gUEX5/lcG7b/qKeT98dt4=,WASUwwKpPWvQ4nuN4DQRAiWhfkk=
-42,-57,+ngzS2gUEX5/lcG7b/qKeT98dt4=,WASUwwKpPWvQ4nuN4DQRAiWhfkk=
-41,-57,+ngzS2gUEX5/lcG7b/qKeT98dt4=,WASUwwKpPWvQ4nuN4DQRAiWhfkk=
-43,-57,+ngzS2gUEX5/lcG7b/qKeT98dt4=,WASUwwKpPWvQ4nuN4DQRAiWhfkk=
-44,-57,+ngzS2gUEX5/lcG7b/qKeT98dt4=,WASUwwKpPWvQ4nuN4DQRAiWhfkk=
-45,-57,+ngzS2gUEX5/lcG7b/qKeT98dt4=,WASUwwKpPWvQ4nuN4DQRAiWhfkk=
-48,-57,+ngzS2gUEX5/lcG7b/qKeT98dt4=,WASUwwKpPWvQ4nuN4DQRAiWhfkk=
-33,-56,+ngzS2gUEX5/lcG7b/qKeT98dt4=,WASUwwKpPWvQ4nuN4DQRAiWhfkk=
-41,-58,+ngzS2gUEX5/lcG7b/qKeT98dt4=,WASUwwKpPWvQ4nuN4DQRAiWhfkk=
-40,-58,+ngzS2gUEX5/lcG7b/qKeT98dt4=,WASUwwKpPWvQ4nuN4DQRAiWhfkk=
-42,-58,+ngzS2gUEX5/lcG7b/qKeT98dt4=,WASUwwKpPWvQ4nuN4DQRAiWhfkk=
-44,-58,+ngzS2gUEX5/lcG7b/qKeT98dt4=,WASUwwKpPWvQ4nuN4DQRAiWhfkk=
-33,-54,+ngzS2gUEX5/lcG7b/qKeT98dt4=,WASUwwKpPWvQ4nuN4DQRAiWhfkk=
-46,-58,+ngzS2gUEX5/lcG7b/qKeT98dt4=,WASUwwKpPWvQ4nuN4DQRAiWhfkk=
-45,-58,+ngzS2gUEX5/lcG7b/qKeT98dt4=,WASUwwKpPWvQ4nuN4DQRAiWhfkk=
-48,-58,+ngzS2gUEX5/lcG7b/qKeT98dt4=,WASUwwKpPWvQ4nuN4DQRAiWhfkk=
-41,-64,+ngzS2gUEX5/lcG7b/qKeT98dt4=,WASUwwKpPWvQ4nuN4DQRAiWhfkk=
-43,-58,+ngzS2gUEX5/lcG7b/qKeT98dt4=,WASUwwKpPWvQ4nuN4DQRAiWhfkk=
-42,-64,+ngzS2gUEX5/lcG7b/qKeT98dt4=,WASUwwKpPWvQ4nuN4DQRAiWhfkk=
-47,-58,+ngzS2gUEX5/lcG7b/qKeT98dt4=,WASUwwKpPWvQ4nuN4DQRAiWhfkk=
-37,-59,+ngzS2gUEX5/lcG7b/qKeT98dt4=,WASUwwKpPWvQ4nuN4DQRAiWhfkk=
-36,-59,+ngzS2gUEX5/lcG7b/qKeT98dt4=,WASUwwKpPWvQ4nuN4DQRAiWhfkk=
-33,-58,+ngzS2gUEX5/lcG7b/qKeT98dt4=,WASUwwKpPWvQ4nuN4DQRAiWhfkk=
-39,-59,+ngzS2gUEX5/lcG7b/qKeT98dt4=,WASUwwKpPWvQ4nuN4DQRAiWhfkk=
-46,-57,+ngzS2gUEX5/lcG7b/qKeT98dt4=,WASUwwKpPWvQ4nuN4DQRAiWhfkk=
-38,-59,+ngzS2gUEX5/lcG7b/qKeT98dt4=,WASUwwKpPWvQ4nuN4DQRAiWhfkk=
-40,-59,+ngzS2gUEX5/lcG7b/qKeT98dt4=,WASUwwKpPWvQ4nuN4DQRAiWhfkk=
-42,-59,+ngzS2gUEX5/lcG7b/qKeT98dt4=,WASUwwKpPWvQ4nuN4DQRAiWhfkk=
-41,-59,+ngzS2gUEX5/lcG7b/qKeT98dt4=,WASUwwKpPWvQ4nuN4DQRAiWhfkk=
-43,-59,+ngzS2gUEX5/lcG7b/qKeT98dt4=,WASUwwKpPWvQ4nuN4DQRAiWhfkk=
-46,-59,+ngzS2gUEX5/lcG7b/qKeT98dt4=,WASUwwKpPWvQ4nuN4DQRAiWhfkk=
-47,-57,+ngzS2gUEX5/lcG7b/qKeT98dt4=,WASUwwKpPWvQ4nuN4DQRAiWhfkk=
-48,-59,+ngzS2gUEX5/lcG7b/qKeT98dt4=,WASUwwKpPWvQ4nuN4DQRAiWhfkk=
-33,-55,+ngzS2gUEX5/lcG7b/qKeT98dt4=,WASUwwKpPWvQ4nuN4DQRAiWhfkk=
-44,-59,+ngzS2gUEX5/lcG7b/qKeT98dt4=,WASUwwKpPWvQ4nuN4DQRAiWhfkk=
-45,-59,+ngzS2gUEX5/lcG7b/qKeT98dt4=,WASUwwKpPWvQ4nuN4DQRAiWhfkk=
-43,-64,+ngzS2gUEX5/lcG7b/qKeT98dt4=,WASUwwKpPWvQ4nuN4DQRAiWhfkk=
-36,-60,+ngzS2gUEX5/lcG7b/qKeT98dt4=,WASUwwKpPWvQ4nuN4DQRAiWhfkk=
-34,-50,+ngzS2gUEX5/lcG7b/qKeT98dt4=,WASUwwKpPWvQ4nuN4DQRAiWhfkk=
-47,-59,+ngzS2gUEX5/lcG7b/qKeT98dt4=,WASUwwKpPWvQ4nuN4DQRAiWhfkk=
-37,-60,+ngzS2gUEX5/lcG7b/qKeT98dt4=,WASUwwKpPWvQ4nuN4DQRAiWhfkk=
-39,-60,+ngzS2gUEX5/lcG7b/qKeT98dt4=,WASUwwKpPWvQ4nuN4DQRAiWhfkk=
-38,-60,+ngzS2gUEX5/lcG7b/qKeT98dt4=,WASUwwKpPWvQ4nuN4DQRAiWhfkk=
-34,-64,+ngzS2gUEX5/lcG7b/qKeT98dt4=,WASUwwKpPWvQ4nuN4DQRAiWhfkk=
-40,-60,+ngzS2gUEX5/lcG7b/qKeT98dt4=,WASUwwKpPWvQ4nuN4DQRAiWhfkk=
-41,-60,+ngzS2gUEX5/lcG7b/qKeT98dt4=,WASUwwKpPWvQ4nuN4DQRAiWhfkk=
-44,-60,+ngzS2gUEX5/lcG7b/qKeT98dt4=,WASUwwKpPWvQ4nuN4DQRAiWhfkk=
-43,-60,+ngzS2gUEX5/lcG7b/qKeT98dt4=,WASUwwKpPWvQ4nuN4DQRAiWhfkk=
-42,-60,+ngzS2gUEX5/lcG7b/qKeT98dt4=,WASUwwKpPWvQ4nuN4DQRAiWhfkk=
-37,-58,+ngzS2gUEX5/lcG7b/qKeT98dt4=,WASUwwKpPWvQ4nuN4DQRAiWhfkk=
-45,-60,+ngzS2gUEX5/lcG7b/qKeT98dt4=,WASUwwKpPWvQ4nuN4DQRAiWhfkk=
-34,-60,+ngzS2gUEX5/lcG7b/qKeT98dt4=,WASUwwKpPWvQ4nuN4DQRAiWhfkk=
-47,-60,+ngzS2gUEX5/lcG7b/qKeT98dt4=,WASUwwKpPWvQ4nuN4DQRAiWhfkk=
-46,-60,+ngzS2gUEX5/lcG7b/qKeT98dt4=,WASUwwKpPWvQ4nuN4DQRAiWhfkk=
-48,-60,+ngzS2gUEX5/lcG7b/qKeT98dt4=,WASUwwKpPWvQ4nuN4DQRAiWhfkk=
-36,-58,+ngzS2gUEX5/lcG7b/qKeT98dt4=,WASUwwKpPWvQ4nuN4DQRAiWhfkk=
-33,-59,+ngzS2gUEX5/lcG7b/qKeT98dt4=,WASUwwKpPWvQ4nuN4DQRAiWhfkk=
-44,-64,+ngzS2gUEX5/lcG7b/qKeT98dt4=,WASUwwKpPWvQ4nuN4DQRAiWhfkk=
-34,-53,+ngzS2gUEX5/lcG7b/qKeT98dt4=,WASUwwKpPWvQ4nuN4DQRAiWhfkk=
-37,-61,+ngzS2gUEX5/lcG7b/qKeT98dt4=,WASUwwKpPWvQ4nuN4DQRAiWhfkk=
-36,-61,+ngzS2gUEX5/lcG7b/qKeT98dt4=,WASUwwKpPWvQ4nuN4DQRAiWhfkk=
-38,-61,+ngzS2gUEX5/lcG7b/qKeT98dt4=,WASUwwKpPWvQ4nuN4DQRAiWhfkk=
-39,-61,+ngzS2gUEX5/lcG7b/qKeT98dt4=,WASUwwKpPWvQ4nuN4DQRAiWhfkk=
-38,-58,+ngzS2gUEX5/lcG7b/qKeT98dt4=,WASUwwKpPWvQ4nuN4DQRAiWhfkk=
-41,-61,+ngzS2gUEX5/lcG7b/qKeT98dt4=,WASUwwKpPWvQ4nuN4DQRAiWhfkk=
-40,-61,+ngzS2gUEX5/lcG7b/qKeT98dt4=,WASUwwKpPWvQ4nuN4DQRAiWhfkk=
-34,-58,+ngzS2gUEX5/lcG7b/qKeT98dt4=,WASUwwKpPWvQ4nuN4DQRAiWhfkk=
-33,-57,+ngzS2gUEX5/lcG7b/qKeT98dt4=,WASUwwKpPWvQ4nuN4DQRAiWhfkk=
-39,-58,+ngzS2gUEX5/lcG7b/qKeT98dt4=,WASUwwKpPWvQ4nuN4DQRAiWhfkk=
-42,-61,+ngzS2gUEX5/lcG7b/qKeT98dt4=,WASUwwKpPWvQ4nuN4DQRAiWhfkk=
-44,-61,+ngzS2gUEX5/lcG7b/qKeT98dt4=,WASUwwKpPWvQ4nuN4DQRAiWhfkk=
-43,-61,+ngzS2gUEX5/lcG7b/qKeT98dt4=,WASUwwKpPWvQ4nuN4DQRAiWhfkk=
-45,-61,+ngzS2gUEX5/lcG7b/qKeT98dt4=,WASUwwKpPWvQ4nuN4DQRAiWhfkk=
-46,-61,+ngzS2gUEX5/lcG7b/qKeT98dt4=,WASUwwKpPWvQ4nuN4DQRAiWhfkk=
-48,-61,+ngzS2gUEX5/lcG7b/qKeT98dt4=,WASUwwKpPWvQ4nuN4DQRAiWhfkk=
-34,-59,+ngzS2gUEX5/lcG7b/qKeT98dt4=,WASUwwKpPWvQ4nuN4DQRAiWhfkk=
-45,-64,+ngzS2gUEX5/lcG7b/qKeT98dt4=,WASUwwKpPWvQ4nuN4DQRAiWhfkk=
-47,-61,+ngzS2gUEX5/lcG7b/qKeT98dt4=,WASUwwKpPWvQ4nuN4DQRAiWhfkk=
-41,-49,+ngzS2gUEX5/lcG7b/qKeT98dt4=,WASUwwKpPWvQ4nuN4DQRAiWhfkk=
-34,-52,+ngzS2gUEX5/lcG7b/qKeT98dt4=,WASUwwKpPWvQ4nuN4DQRAiWhfkk=
-36,-62,+ngzS2gUEX5/lcG7b/qKeT98dt4=,WASUwwKpPWvQ4nuN4DQRAiWhfkk=
-37,-62,+ngzS2gUEX5/lcG7b/qKeT98dt4=,WASUwwKpPWvQ4nuN4DQRAiWhfkk=
-41,-62,+ngzS2gUEX5/lcG7b/qKeT98dt4=,WASUwwKpPWvQ4nuN4DQRAiWhfkk=
-39,-62,+ngzS2gUEX5/lcG7b/qKeT98dt4=,WASUwwKpPWvQ4nuN4DQRAiWhfkk=
-38,-62,+ngzS2gUEX5/lcG7b/qKeT98dt4=,WASUwwKpPWvQ4nuN4DQRAiWhfkk=
-42,-62,+ngzS2gUEX5/lcG7b/qKeT98dt4=,WASUwwKpPWvQ4nuN4DQRAiWhfkk=
-40,-62,+ngzS2gUEX5/lcG7b/qKeT98dt4=,WASUwwKpPWvQ4nuN4DQRAiWhfkk=
-43,-62,+ngzS2gUEX5/lcG7b/qKeT98dt4=,WASUwwKpPWvQ4nuN4DQRAiWhfkk=
-44,-62,+ngzS2gUEX5/lcG7b/qKeT98dt4=,WASUwwKpPWvQ4nuN4DQRAiWhfkk=
-46,-62,+ngzS2gUEX5/lcG7b/qKeT98dt4=,WASUwwKpPWvQ4nuN4DQRAiWhfkk=
-48,-62,+ngzS2gUEX5/lcG7b/qKeT98dt4=,WASUwwKpPWvQ4nuN4DQRAiWhfkk=
-45,-62,+ngzS2gUEX5/lcG7b/qKeT98dt4=,WASUwwKpPWvQ4nuN4DQRAiWhfkk=
-34,-51,+ngzS2gUEX5/lcG7b/qKeT98dt4=,WASUwwKpPWvQ4nuN4DQRAiWhfkk=
-46,-64,+ngzS2gUEX5/lcG7b/qKeT98dt4=,WASUwwKpPWvQ4nuN4DQRAiWhfkk=
-47,-62,+ngzS2gUEX5/lcG7b/qKeT98dt4=,WASUwwKpPWvQ4nuN4DQRAiWhfkk=
-33,-60,+ngzS2gUEX5/lcG7b/qKeT98dt4=,WASUwwKpPWvQ4nuN4DQRAiWhfkk=
-47,-64,+ngzS2gUEX5/lcG7b/qKeT98dt4=,WASUwwKpPWvQ4nuN4DQRAiWhfkk=
-35,-63,+ngzS2gUEX5/lcG7b/qKeT98dt4=,WASUwwKpPWvQ4nuN4DQRAiWhfkk=
-33,-61,+ngzS2gUEX5/lcG7b/qKeT98dt4=,WASUwwKpPWvQ4nuN4DQRAiWhfkk=
-35,-61,+ngzS2gUEX5/lcG7b/qKeT98dt4=,WASUwwKpPWvQ4nuN4DQRAiWhfkk=
-36,-63,+ngzS2gUEX5/lcG7b/qKeT98dt4=,WASUwwKpPWvQ4nuN4DQRAiWhfkk=
-37,-63,+ngzS2gUEX5/lcG7b/qKeT98dt4=,WASUwwKpPWvQ4nuN4DQRAiWhfkk=
-38,-63,+ngzS2gUEX5/lcG7b/qKeT98dt4=,WASUwwKpPWvQ4nuN4DQRAiWhfkk=
-34,-61,+ngzS2gUEX5/lcG7b/qKeT98dt4=,WASUwwKpPWvQ4nuN4DQRAiWhfkk=
-39,-63,+ngzS2gUEX5/lcG7b/qKeT98dt4=,WASUwwKpPWvQ4nuN4DQRAiWhfkk=
-40,-63,+ngzS2gUEX5/lcG7b/qKeT98dt4=,WASUwwKpPWvQ4nuN4DQRAiWhfkk=
-42,-63,+ngzS2gUEX5/lcG7b/qKeT98dt4=,WASUwwKpPWvQ4nuN4DQRAiWhfkk=
-34,-54,+ngzS2gUEX5/lcG7b/qKeT98dt4=,WASUwwKpPWvQ4nuN4DQRAiWhfkk=
-41,-63,+ngzS2gUEX5/lcG7b/qKeT98dt4=,WASUwwKpPWvQ4nuN4DQRAiWhfkk=
-44,-63,+ngzS2gUEX5/lcG7b/qKeT98dt4=,WASUwwKpPWvQ4nuN4DQRAiWhfkk=
-47,-63,+ngzS2gUEX5/lcG7b/qKeT98dt4=,WASUwwKpPWvQ4nuN4DQRAiWhfkk=
-34,-55,+ngzS2gUEX5/lcG7b/qKeT98dt4=,WASUwwKpPWvQ4nuN4DQRAiWhfkk=
-45,-63,+ngzS2gUEX5/lcG7b/qKeT98dt4=,WASUwwKpPWvQ4nuN4DQRAiWhfkk=
-48,-64,+ngzS2gUEX5/lcG7b/qKeT98dt4=,WASUwwKpPWvQ4nuN4DQRAiWhfkk=
-43,-63,+ngzS2gUEX5/lcG7b/qKeT98dt4=,WASUwwKpPWvQ4nuN4DQRAiWhfkk=
-46,-63,+ngzS2gUEX5/lcG7b/qKeT98dt4=,WASUwwKpPWvQ4nuN4DQRAiWhfkk=
-34,-56,+ngzS2gUEX5/lcG7b/qKeT98dt4=,WASUwwKpPWvQ4nuN4DQRAiWhfkk=
-34,-62,+ngzS2gUEX5/lcG7b/qKeT98dt4=,WASUwwKpPWvQ4nuN4DQRAiWhfkk=
-42,-49,+ngzS2gUEX5/lcG7b/qKeT98dt4=,WASUwwKpPWvQ4nuN4DQRAiWhfkk=
-33,-63,+ngzS2gUEX5/lcG7b/qKeT98dt4=,WASUwwKpPWvQ4nuN4DQRAiWhfkk=
-33,-62,+ngzS2gUEX5/lcG7b/qKeT98dt4=,WASUwwKpPWvQ4nuN4DQRAiWhfkk=
-35,-60,+ngzS2gUEX5/lcG7b/qKeT98dt4=,WASUwwKpPWvQ4nuN4DQRAiWhfkk=
-34,-57,+ngzS2gUEX5/lcG7b/qKeT98dt4=,WASUwwKpPWvQ4nuN4DQRAiWhfkk=
-35,-59,+ngzS2gUEX5/lcG7b/qKeT98dt4=,WASUwwKpPWvQ4nuN4DQRAiWhfkk=
-34,-63,+ngzS2gUEX5/lcG7b/qKeT98dt4=,WASUwwKpPWvQ4nuN4DQRAiWhfkk=
-35,-58,+ngzS2gUEX5/lcG7b/qKeT98dt4=,WASUwwKpPWvQ4nuN4DQRAiWhfkk=
-35,-62,+ngzS2gUEX5/lcG7b/qKeT98dt4=,WASUwwKpPWvQ4nuN4DQRAiWhfkk=
-64,-48,m3PXlpv9k5szDTmCFRnNoqYw9ic=,WASUwwKpPWvQ4nuN4DQRAiWhfkk=
-49,-48,m3PXlpv9k5szDTmCFRnNoqYw9ic=,WASUwwKpPWvQ4nuN4DQRAiWhfkk=
-50,-33,m3PXlpv9k5szDTmCFRnNoqYw9ic=,WASUwwKpPWvQ4nuN4DQRAiWhfkk=
-49,-33,m3PXlpv9k5szDTmCFRnNoqYw9ic=,WASUwwKpPWvQ4nuN4DQRAiWhfkk=
-63,-47,m3PXlpv9k5szDTmCFRnNoqYw9ic=,WASUwwKpPWvQ4nuN4DQRAiWhfkk=
-64,-47,m3PXlpv9k5szDTmCFRnNoqYw9ic=,WASUwwKpPWvQ4nuN4DQRAiWhfkk=
-52,-33,m3PXlpv9k5szDTmCFRnNoqYw9ic=,WASUwwKpPWvQ4nuN4DQRAiWhfkk=
-51,-33,m3PXlpv9k5szDTmCFRnNoqYw9ic=,WASUwwKpPWvQ4nuN4DQRAiWhfkk=
-54,-33,m3PXlpv9k5szDTmCFRnNoqYw9ic=,WASUwwKpPWvQ4nuN4DQRAiWhfkk=
-61,-47,m3PXlpv9k5szDTmCFRnNoqYw9ic=,WASUwwKpPWvQ4nuN4DQRAiWhfkk=
-62,-47,m3PXlpv9k5szDTmCFRnNoqYw9ic=,WASUwwKpPWvQ4nuN4DQRAiWhfkk=
-59,-47,m3PXlpv9k5szDTmCFRnNoqYw9ic=,WASUwwKpPWvQ4nuN4DQRAiWhfkk=
-53,-33,m3PXlpv9k5szDTmCFRnNoqYw9ic=,WASUwwKpPWvQ4nuN4DQRAiWhfkk=
-60,-47,m3PXlpv9k5szDTmCFRnNoqYw9ic=,WASUwwKpPWvQ4nuN4DQRAiWhfkk=
-58,-47,m3PXlpv9k5szDTmCFRnNoqYw9ic=,WASUwwKpPWvQ4nuN4DQRAiWhfkk=
-56,-33,m3PXlpv9k5szDTmCFRnNoqYw9ic=,WASUwwKpPWvQ4nuN4DQRAiWhfkk=
-55,-33,m3PXlpv9k5szDTmCFRnNoqYw9ic=,WASUwwKpPWvQ4nuN4DQRAiWhfkk=
-57,-33,m3PXlpv9k5szDTmCFRnNoqYw9ic=,WASUwwKpPWvQ4nuN4DQRAiWhfkk=
-57,-47,m3PXlpv9k5szDTmCFRnNoqYw9ic=,WASUwwKpPWvQ4nuN4DQRAiWhfkk=
-58,-33,m3PXlpv9k5szDTmCFRnNoqYw9ic=,WASUwwKpPWvQ4nuN4DQRAiWhfkk=
-55,-47,m3PXlpv9k5szDTmCFRnNoqYw9ic=,WASUwwKpPWvQ4nuN4DQRAiWhfkk=
-56,-47,m3PXlpv9k5szDTmCFRnNoqYw9ic=,WASUwwKpPWvQ4nuN4DQRAiWhfkk=
-59,-33,m3PXlpv9k5szDTmCFRnNoqYw9ic=,WASUwwKpPWvQ4nuN4DQRAiWhfkk=
-60,-33,m3PXlpv9k5szDTmCFRnNoqYw9ic=,WASUwwKpPWvQ4nuN4DQRAiWhfkk=
-63,-33,m3PXlpv9k5szDTmCFRnNoqYw9ic=,WASUwwKpPWvQ4nuN4DQRAiWhfkk=
-54,-47,m3PXlpv9k5szDTmCFRnNoqYw9ic=,WASUwwKpPWvQ4nuN4DQRAiWhfkk=
-61,-33,m3PXlpv9k5szDTmCFRnNoqYw9ic=,WASUwwKpPWvQ4nuN4DQRAiWhfkk=
-50,-48,m3PXlpv9k5szDTmCFRnNoqYw9ic=,WASUwwKpPWvQ4nuN4DQRAiWhfkk=
-53,-47,m3PXlpv9k5szDTmCFRnNoqYw9ic=,WASUwwKpPWvQ4nuN4DQRAiWhfkk=
-62,-33,m3PXlpv9k5szDTmCFRnNoqYw9ic=,WASUwwKpPWvQ4nuN4DQRAiWhfkk=
-49,-34,m3PXlpv9k5szDTmCFRnNoqYw9ic=,WASUwwKpPWvQ4nuN4DQRAiWhfkk=
-51,-47,m3PXlpv9k5szDTmCFRnNoqYw9ic=,WASUwwKpPWvQ4nuN4DQRAiWhfkk=
-52,-47,m3PXlpv9k5szDTmCFRnNoqYw9ic=,WASUwwKpPWvQ4nuN4DQRAiWhfkk=
-50,-34,m3PXlpv9k5szDTmCFRnNoqYw9ic=,WASUwwKpPWvQ4nuN4DQRAiWhfkk=
-51,-34,m3PXlpv9k5szDTmCFRnNoqYw9ic=,WASUwwKpPWvQ4nuN4DQRAiWhfkk=
-52,-34,m3PXlpv9k5szDTmCFRnNoqYw9ic=,WASUwwKpPWvQ4nuN4DQRAiWhfkk=
-50,-47,m3PXlpv9k5szDTmCFRnNoqYw9ic=,WASUwwKpPWvQ4nuN4DQRAiWhfkk=
-49,-47,m3PXlpv9k5szDTmCFRnNoqYw9ic=,WASUwwKpPWvQ4nuN4DQRAiWhfkk=
-64,-33,m3PXlpv9k5szDTmCFRnNoqYw9ic=,WASUwwKpPWvQ4nuN4DQRAiWhfkk=
-54,-34,m3PXlpv9k5szDTmCFRnNoqYw9ic=,WASUwwKpPWvQ4nuN4DQRAiWhfkk=
-55,-34,m3PXlpv9k5szDTmCFRnNoqYw9ic=,WASUwwKpPWvQ4nuN4DQRAiWhfkk=
-53,-34,m3PXlpv9k5szDTmCFRnNoqYw9ic=,WASUwwKpPWvQ4nuN4DQRAiWhfkk=
-64,-46,m3PXlpv9k5szDTmCFRnNoqYw9ic=,WASUwwKpPWvQ4nuN4DQRAiWhfkk=
-57,-34,m3PXlpv9k5szDTmCFRnNoqYw9ic=,WASUwwKpPWvQ4nuN4DQRAiWhfkk=
-63,-48,m3PXlpv9k5szDTmCFRnNoqYw9ic=,WASUwwKpPWvQ4nuN4DQRAiWhfkk=
-60,-34,m3PXlpv9k5szDTmCFRnNoqYw9ic=,WASUwwKpPWvQ4nuN4DQRAiWhfkk=
-58,-34,m3PXlpv9k5szDTmCFRnNoqYw9ic=,WASUwwKpPWvQ4nuN4DQRAiWhfkk=
-59,-34,m3PXlpv9k5szDTmCFRnNoqYw9ic=,WASUwwKpPWvQ4nuN4DQRAiWhfkk=
-56,-34,m3PXlpv9k5szDTmCFRnNoqYw9ic=,WASUwwKpPWvQ4nuN4DQRAiWhfkk=
-64,-34,m3PXlpv9k5szDTmCFRnNoqYw9ic=,WASUwwKpPWvQ4nuN4DQRAiWhfkk=
-61,-34,m3PXlpv9k5szDTmCFRnNoqYw9ic=,WASUwwKpPWvQ4nuN4DQRAiWhfkk=
-63,-46,m3PXlpv9k5szDTmCFRnNoqYw9ic=,WASUwwKpPWvQ4nuN4DQRAiWhfkk=
-62,-34,m3PXlpv9k5szDTmCFRnNoqYw9ic=,WASUwwKpPWvQ4nuN4DQRAiWhfkk=
-51,-48,m3PXlpv9k5szDTmCFRnNoqYw9ic=,WASUwwKpPWvQ4nuN4DQRAiWhfkk=
-63,-34,m3PXlpv9k5szDTmCFRnNoqYw9ic=,WASUwwKpPWvQ4nuN4DQRAiWhfkk=
-62,-46,m3PXlpv9k5szDTmCFRnNoqYw9ic=,WASUwwKpPWvQ4nuN4DQRAiWhfkk=
-50,-35,m3PXlpv9k5szDTmCFRnNoqYw9ic=,WASUwwKpPWvQ4nuN4DQRAiWhfkk=
-52,-35,m3PXlpv9k5szDTmCFRnNoqYw9ic=,WASUwwKpPWvQ4nuN4DQRAiWhfkk=
-51,-35,m3PXlpv9k5szDTmCFRnNoqYw9ic=,WASUwwKpPWvQ4nuN4DQRAiWhfkk=
-53,-35,m3PXlpv9k5szDTmCFRnNoqYw9ic=,WASUwwKpPWvQ4nuN4DQRAiWhfkk=
-54,-35,m3PXlpv9k5szDTmCFRnNoqYw9ic=,WASUwwKpPWvQ4nuN4DQRAiWhfkk=
-49,-35,m3PXlpv9k5szDTmCFRnNoqYw9ic=,WASUwwKpPWvQ4nuN4DQRAiWhfkk=
-56,-35,m3PXlpv9k5szDTmCFRnNoqYw9ic=,WASUwwKpPWvQ4nuN4DQRAiWhfkk=
-57,-35,m3PXlpv9k5szDTmCFRnNoqYw9ic=,WASUwwKpPWvQ4nuN4DQRAiWhfkk=
-61,-46,m3PXlpv9k5szDTmCFRnNoqYw9ic=,WASUwwKpPWvQ4nuN4DQRAiWhfkk=
-60,-46,m3PXlpv9k5szDTmCFRnNoqYw9ic=,WASUwwKpPWvQ4nuN4DQRAiWhfkk=
-60,-35,m3PXlpv9k5szDTmCFRnNoqYw9ic=,WASUwwKpPWvQ4nuN4DQRAiWhfkk=
-59,-35,m3PXlpv9k5szDTmCFRnNoqYw9ic=,WASUwwKpPWvQ4nuN4DQRAiWhfkk=
-58,-35,m3PXlpv9k5szDTmCFRnNoqYw9ic=,WASUwwKpPWvQ4nuN4DQRAiWhfkk=
-63,-35,m3PXlpv9k5szDTmCFRnNoqYw9ic=,WASUwwKpPWvQ4nuN4DQRAiWhfkk=
-64,-35,m3PXlpv9k5szDTmCFRnNoqYw9ic=,WASUwwKpPWvQ4nuN4DQRAiWhfkk=
-55,-35,m3PXlpv9k5szDTmCFRnNoqYw9ic=,WASUwwKpPWvQ4nuN4DQRAiWhfkk=
-49,-36,m3PXlpv9k5szDTmCFRnNoqYw9ic=,WASUwwKpPWvQ4nuN4DQRAiWhfkk=
-52,-48,m3PXlpv9k5szDTmCFRnNoqYw9ic=,WASUwwKpPWvQ4nuN4DQRAiWhfkk=
-50,-36,m3PXlpv9k5szDTmCFRnNoqYw9ic=,WASUwwKpPWvQ4nuN4DQRAiWhfkk=
-53,-36,m3PXlpv9k5szDTmCFRnNoqYw9ic=,WASUwwKpPWvQ4nuN4DQRAiWhfkk=
-51,-36,m3PXlpv9k5szDTmCFRnNoqYw9ic=,WASUwwKpPWvQ4nuN4DQRAiWhfkk=
-54,-36,m3PXlpv9k5szDTmCFRnNoqYw9ic=,WASUwwKpPWvQ4nuN4DQRAiWhfkk=
-56,-36,m3PXlpv9k5szDTmCFRnNoqYw9ic=,WASUwwKpPWvQ4nuN4DQRAiWhfkk=
-58,-36,m3PXlpv9k5szDTmCFRnNoqYw9ic=,WASUwwKpPWvQ4nuN4DQRAiWhfkk=
-55,-36,m3PXlpv9k5szDTmCFRnNoqYw9ic=,WASUwwKpPWvQ4nuN4DQRAiWhfkk=
-62,-36,m3PXlpv9k5szDTmCFRnNoqYw9ic=,WASUwwKpPWvQ4nuN4DQRAiWhfkk=
-59,-36,m3PXlpv9k5szDTmCFRnNoqYw9ic=,WASUwwKpPWvQ4nuN4DQRAiWhfkk=
-57,-36,m3PXlpv9k5szDTmCFRnNoqYw9ic=,WASUwwKpPWvQ4nuN4DQRAiWhfkk=
-52,-36,m3PXlpv9k5szDTmCFRnNoqYw9ic=,WASUwwKpPWvQ4nuN4DQRAiWhfkk=
-60,-36,m3PXlpv9k5szDTmCFRnNoqYw9ic=,WASUwwKpPWvQ4nuN4DQRAiWhfkk=
-53,-48,m3PXlpv9k5szDTmCFRnNoqYw9ic=,WASUwwKpPWvQ4nuN4DQRAiWhfkk=
-61,-35,m3PXlpv9k5szDTmCFRnNoqYw9ic=,WASUwwKpPWvQ4nuN4DQRAiWhfkk=
-63,-36,m3PXlpv9k5szDTmCFRnNoqYw9ic=,WASUwwKpPWvQ4nuN4DQRAiWhfkk=
-51,-37,m3PXlpv9k5szDTmCFRnNoqYw9ic=,WASUwwKpPWvQ4nuN4DQRAiWhfkk=
-64,-36,m3PXlpv9k5szDTmCFRnNoqYw9ic=,WASUwwKpPWvQ4nuN4DQRAiWhfkk=
-61,-36,m3PXlpv9k5szDTmCFRnNoqYw9ic=,WASUwwKpPWvQ4nuN4DQRAiWhfkk=
-50,-37,m3PXlpv9k5szDTmCFRnNoqYw9ic=,WASUwwKpPWvQ4nuN4DQRAiWhfkk=
-52,-37,m3PXlpv9k5szDTmCFRnNoqYw9ic=,WASUwwKpPWvQ4nuN4DQRAiWhfkk=
-62,-35,m3PXlpv9k5szDTmCFRnNoqYw9ic=,WASUwwKpPWvQ4nuN4DQRAiWhfkk=
-53,-37,m3PXlpv9k5szDTmCFRnNoqYw9ic=,WASUwwKpPWvQ4nuN4DQRAiWhfkk=
-56,-37,m3PXlpv9k5szDTmCFRnNoqYw9ic=,WASUwwKpPWvQ4nuN4DQRAiWhfkk=
-55,-37,m3PXlpv9k5szDTmCFRnNoqYw9ic=,WASUwwKpPWvQ4nuN4DQRAiWhfkk=
-49,-37,m3PXlpv9k5szDTmCFRnNoqYw9ic=,WASUwwKpPWvQ4nuN4DQRAiWhfkk=
-54,-37,m3PXlpv9k5szDTmCFRnNoqYw9ic=,WASUwwKpPWvQ4nuN4DQRAiWhfkk=
-57,-37,m3PXlpv9k5szDTmCFRnNoqYw9ic=,WASUwwKpPWvQ4nuN4DQRAiWhfkk=
-61,-37,m3PXlpv9k5szDTmCFRnNoqYw9ic=,WASUwwKpPWvQ4nuN4DQRAiWhfkk=
-58,-37,m3PXlpv9k5szDTmCFRnNoqYw9ic=,WASUwwKpPWvQ4nuN4DQRAiWhfkk=
-59,-37,m3PXlpv9k5szDTmCFRnNoqYw9ic=,WASUwwKpPWvQ4nuN4DQRAiWhfkk=
-62,-37,m3PXlpv9k5szDTmCFRnNoqYw9ic=,WASUwwKpPWvQ4nuN4DQRAiWhfkk=
-63,-37,m3PXlpv9k5szDTmCFRnNoqYw9ic=,WASUwwKpPWvQ4nuN4DQRAiWhfkk=
-54,-48,m3PXlpv9k5szDTmCFRnNoqYw9ic=,WASUwwKpPWvQ4nuN4DQRAiWhfkk=
-64,-37,m3PXlpv9k5szDTmCFRnNoqYw9ic=,WASUwwKpPWvQ4nuN4DQRAiWhfkk=
-60,-37,m3PXlpv9k5szDTmCFRnNoqYw9ic=,WASUwwKpPWvQ4nuN4DQRAiWhfkk=
-49,-38,m3PXlpv9k5szDTmCFRnNoqYw9ic=,WASUwwKpPWvQ4nuN4DQRAiWhfkk=
-50,-38,m3PXlpv9k5szDTmCFRnNoqYw9ic=,WASUwwKpPWvQ4nuN4DQRAiWhfkk=
-59,-46,m3PXlpv9k5szDTmCFRnNoqYw9ic=,WASUwwKpPWvQ4nuN4DQRAiWhfkk=
-54,-38,m3PXlpv9k5szDTmCFRnNoqYw9ic=,WASUwwKpPWvQ4nuN4DQRAiWhfkk=
-52,-38,m3PXlpv9k5szDTmCFRnNoqYw9ic=,WASUwwKpPWvQ4nuN4DQRAiWhfkk=
-51,-38,m3PXlpv9k5szDTmCFRnNoqYw9ic=,WASUwwKpPWvQ4nuN4DQRAiWhfkk=
-56,-38,m3PXlpv9k5szDTmCFRnNoqYw9ic=,WASUwwKpPWvQ4nuN4DQRAiWhfkk=
-55,-38,m3PXlpv9k5szDTmCFRnNoqYw9ic=,WASUwwKpPWvQ4nuN4DQRAiWhfkk=
-59,-38,m3PXlpv9k5szDTmCFRnNoqYw9ic=,WASUwwKpPWvQ4nuN4DQRAiWhfkk=
-53,-38,m3PXlpv9k5szDTmCFRnNoqYw9ic=,WASUwwKpPWvQ4nuN4DQRAiWhfkk=
-58,-38,m3PXlpv9k5szDTmCFRnNoqYw9ic=,WASUwwKpPWvQ4nuN4DQRAiWhfkk=
-61,-38,m3PXlpv9k5szDTmCFRnNoqYw9ic=,WASUwwKpPWvQ4nuN4DQRAiWhfkk=
-57,-38,m3PXlpv9k5szDTmCFRnNoqYw9ic=,WASUwwKpPWvQ4nuN4DQRAiWhfkk=
-58,-46,m3PXlpv9k5szDTmCFRnNoqYw9ic=,WASUwwKpPWvQ4nuN4DQRAiWhfkk=
-60,-38,m3PXlpv9k5szDTmCFRnNoqYw9ic=,WASUwwKpPWvQ4nuN4DQRAiWhfkk=
-62,-38,m3PXlpv9k5szDTmCFRnNoqYw9ic=,WASUwwKpPWvQ4nuN4DQRAiWhfkk=
-55,-48,m3PXlpv9k5szDTmCFRnNoqYw9ic=,WASUwwKpPWvQ4nuN4DQRAiWhfkk=
-63,-38,m3PXlpv9k5szDTmCFRnNoqYw9ic=,WASUwwKpPWvQ4nuN4DQRAiWhfkk=
-53,-39,m3PXlpv9k5szDTmCFRnNoqYw9ic=,WASUwwKpPWvQ4nuN4DQRAiWhfkk=
-55,-39,m3PXlpv9k5szDTmCFRnNoqYw9ic=,WASUwwKpPWvQ4nuN4DQRAiWhfkk=
-54,-39,m3PXlpv9k5szDTmCFRnNoqYw9ic=,WASUwwKpPWvQ4nuN4DQRAiWhfkk=
-51,-39,m3PXlpv9k5szDTmCFRnNoqYw9ic=,WASUwwKpPWvQ4nuN4DQRAiWhfkk=
-52,-39,m3PXlpv9k5szDTmCFRnNoqYw9ic=,WASUwwKpPWvQ4nuN4DQRAiWhfkk=
-64,-38,m3PXlpv9k5szDTmCFRnNoqYw9ic=,WASUwwKpPWvQ4nuN4DQRAiWhfkk=
-49,-39,m3PXlpv9k5szDTmCFRnNoqYw9ic=,WASUwwKpPWvQ4nuN4DQRAiWhfkk=
-60,-39,m3PXlpv9k5szDTmCFRnNoqYw9ic=,WASUwwKpPWvQ4nuN4DQRAiWhfkk=
-50,-39,m3PXlpv9k5szDTmCFRnNoqYw9ic=,WASUwwKpPWvQ4nuN4DQRAiWhfkk=
-59,-39,m3PXlpv9k5szDTmCFRnNoqYw9ic=,WASUwwKpPWvQ4nuN4DQRAiWhfkk=
-57,-46,m3PXlpv9k5szDTmCFRnNoqYw9ic=,WASUwwKpPWvQ4nuN4DQRAiWhfkk=
-57,-39,m3PXlpv9k5szDTmCFRnNoqYw9ic=,WASUwwKpPWvQ4nuN4DQRAiWhfkk=
-49,-40,m3PXlpv9k5szDTmCFRnNoqYw9ic=,WASUwwKpPWvQ4nuN4DQRAiWhfkk=
-62,-39,m3PXlpv9k5szDTmCFRnNoqYw9ic=,WASUwwKpPWvQ4nuN4DQRAiWhfkk=
-56,-39,m3PXlpv9k5szDTmCFRnNoqYw9ic=,WASUwwKpPWvQ4nuN4DQRAiWhfkk=
-50,-40,m3PXlpv9k5szDTmCFRnNoqYw9ic=,WASUwwKpPWvQ4nuN4DQRAiWhfkk=
-63,-39,m3PXlpv9k5szDTmCFRnNoqYw9ic=,WASUwwKpPWvQ4nuN4DQRAiWhfkk=
-64,-39,m3PXlpv9k5szDTmCFRnNoqYw9ic=,WASUwwKpPWvQ4nuN4DQRAiWhfkk=
-56,-48,m3PXlpv9k5szDTmCFRnNoqYw9ic=,WASUwwKpPWvQ4nuN4DQRAiWhfkk=
-51,-40,m3PXlpv9k5szDTmCFRnNoqYw9ic=,WASUwwKpPWvQ4nuN4DQRAiWhfkk=
-53,-40,m3PXlpv9k5szDTmCFRnNoqYw9ic=,WASUwwKpPWvQ4nuN4DQRAiWhfkk=
-61,-39,m3PXlpv9k5szDTmCFRnNoqYw9ic=,WASUwwKpPWvQ4nuN4DQRAiWhfkk=
-52,-40,m3PXlpv9k5szDTmCFRnNoqYw9ic=,WASUwwKpPWvQ4nuN4DQRAiWhfkk=
-58,-39,m3PXlpv9k5szDTmCFRnNoqYw9ic=,WASUwwKpPWvQ4nuN4DQRAiWhfkk=
-55,-40,m3PXlpv9k5szDTmCFRnNoqYw9ic=,WASUwwKpPWvQ4nuN4DQRAiWhfkk=
-56,-46,m3PXlpv9k5szDTmCFRnNoqYw9ic=,WASUwwKpPWvQ4nuN4DQRAiWhfkk=
-57,-40,m3PXlpv9k5szDTmCFRnNoqYw9ic=,WASUwwKpPWvQ4nuN4DQRAiWhfkk=
-56,-40,m3PXlpv9k5szDTmCFRnNoqYw9ic=,WASUwwKpPWvQ4nuN4DQRAiWhfkk=
-59,-40,m3PXlpv9k5szDTmCFRnNoqYw9ic=,WASUwwKpPWvQ4nuN4DQRAiWhfkk=
-54,-40,m3PXlpv9k5szDTmCFRnNoqYw9ic=,WASUwwKpPWvQ4nuN4DQRAiWhfkk=
-60,-40,m3PXlpv9k5szDTmCFRnNoqYw9ic=,WASUwwKpPWvQ4nuN4DQRAiWhfkk=
-62,-40,m3PXlpv9k5szDTmCFRnNoqYw9ic=,WASUwwKpPWvQ4nuN4DQRAiWhfkk=
-64,-40,m3PXlpv9k5szDTmCFRnNoqYw9ic=,WASUwwKpPWvQ4nuN4DQRAiWhfkk=
-61,-40,m3PXlpv9k5szDTmCFRnNoqYw9ic=,WASUwwKpPWvQ4nuN4DQRAiWhfkk=
-49,-41,m3PXlpv9k5szDTmCFRnNoqYw9ic=,WASUwwKpPWvQ4nuN4DQRAiWhfkk=
-58,-40,m3PXlpv9k5szDTmCFRnNoqYw9ic=,WASUwwKpPWvQ4nuN4DQRAiWhfkk=
-50,-41,m3PXlpv9k5szDTmCFRnNoqYw9ic=,WASUwwKpPWvQ4nuN4DQRAiWhfkk=
-63,-40,m3PXlpv9k5szDTmCFRnNoqYw9ic=,WASUwwKpPWvQ4nuN4DQRAiWhfkk=
-57,-41,m3PXlpv9k5szDTmCFRnNoqYw9ic=,WASUwwKpPWvQ4nuN4DQRAiWhfkk=
-58,-41,m3PXlpv9k5szDTmCFRnNoqYw9ic=,WASUwwKpPWvQ4nuN4DQRAiWhfkk=
-57,-48,m3PXlpv9k5szDTmCFRnNoqYw9ic=,WASUwwKpPWvQ4nuN4DQRAiWhfkk=
-55,-41,m3PXlpv9k5szDTmCFRnNoqYw9ic=,WASUwwKpPWvQ4nuN4DQRAiWhfkk=
-59,-41,m3PXlpv9k5szDTmCFRnNoqYw9ic=,WASUwwKpPWvQ4nuN4DQRAiWhfkk=
-60,-41,m3PXlpv9k5szDTmCFRnNoqYw9ic=,WASUwwKpPWvQ4nuN4DQRAiWhfkk=
-55,-46,m3PXlpv9k5szDTmCFRnNoqYw9ic=,WASUwwKpPWvQ4nuN4DQRAiWhfkk=
-52,-41,m3PXlpv9k5szDTmCFRnNoqYw9ic=,WASUwwKpPWvQ4nuN4DQRAiWhfkk=
-51,-41,m3PXlpv9k5szDTmCFRnNoqYw9ic=,WASUwwKpPWvQ4nuN4DQRAiWhfkk=
-54,-41,m3PXlpv9k5szDTmCFRnNoqYw9ic=,WASUwwKpPWvQ4nuN4DQRAiWhfkk=
-61,-41,m3PXlpv9k5szDTmCFRnNoqYw9ic=,WASUwwKpPWvQ4nuN4DQRAiWhfkk=
-56,-41,m3PXlpv9k5szDTmCFRnNoqYw9ic=,WASUwwKpPWvQ4nuN4DQRAiWhfkk=
-63,-41,m3PXlpv9k5szDTmCFRnNoqYw9ic=,WASUwwKpPWvQ4nuN4DQRAiWhfkk=
-53,-41,m3PXlpv9k5szDTmCFRnNoqYw9ic=,WASUwwKpPWvQ4nuN4DQRAiWhfkk=
-62,-41,m3PXlpv9k5szDTmCFRnNoqYw9ic=,WASUwwKpPWvQ4nuN4DQRAiWhfkk=
-49,-42,m3PXlpv9k5szDTmCFRnNoqYw9ic=,WASUwwKpPWvQ4nuN4DQRAiWhfkk=
-64,-41,m3PXlpv9k5szDTmCFRnNoqYw9ic=,WASUwwKpPWvQ4nuN4DQRAiWhfkk=
-51,-42,m3PXlpv9k5szDTmCFRnNoqYw9ic=,WASUwwKpPWvQ4nuN4DQRAiWhfkk=
-50,-42,m3PXlpv9k5szDTmCFRnNoqYw9ic=,WASUwwKpPWvQ4nuN4DQRAiWhfkk=
-54,-42,m3PXlpv9k5szDTmCFRnNoqYw9ic=,WASUwwKpPWvQ4nuN4DQRAiWhfkk=
-52,-42,m3PXlpv9k5szDTmCFRnNoqYw9ic=,WASUwwKpPWvQ4nuN4DQRAiWhfkk=
-54,-46,m3PXlpv9k5szDTmCFRnNoqYw9ic=,WASUwwKpPWvQ4nuN4DQRAiWhfkk=
-56,-42,m3PXlpv9k5szDTmCFRnNoqYw9ic=,WASUwwKpPWvQ4nuN4DQRAiWhfkk=
-53,-42,m3PXlpv9k5szDTmCFRnNoqYw9ic=,WASUwwKpPWvQ4nuN4DQRAiWhfkk=
-55,-42,m3PXlpv9k5szDTmCFRnNoqYw9ic=,WASUwwKpPWvQ4nuN4DQRAiWhfkk=
-59,-42,m3PXlpv9k5szDTmCFRnNoqYw9ic=,WASUwwKpPWvQ4nuN4DQRAiWhfkk=
-61,-42,m3PXlpv9k5szDTmCFRnNoqYw9ic=,WASUwwKpPWvQ4nuN4DQRAiWhfkk=
-62,-42,m3PXlpv9k5szDTmCFRnNoqYw9ic=,WASUwwKpPWvQ4nuN4DQRAiWhfkk=
-63,-42,m3PXlpv9k5szDTmCFRnNoqYw9ic=,WASUwwKpPWvQ4nuN4DQRAiWhfkk=
-60,-42,m3PXlpv9k5szDTmCFRnNoqYw9ic=,WASUwwKpPWvQ4nuN4DQRAiWhfkk=
-50,-43,m3PXlpv9k5szDTmCFRnNoqYw9ic=,WASUwwKpPWvQ4nuN4DQRAiWhfkk=
-64,-42,m3PXlpv9k5szDTmCFRnNoqYw9ic=,WASUwwKpPWvQ4nuN4DQRAiWhfkk=
-53,-46,m3PXlpv9k5szDTmCFRnNoqYw9ic=,WASUwwKpPWvQ4nuN4DQRAiWhfkk=
-51,-43,m3PXlpv9k5szDTmCFRnNoqYw9ic=,WASUwwKpPWvQ4nuN4DQRAiWhfkk=
-57,-42,m3PXlpv9k5szDTmCFRnNoqYw9ic=,WASUwwKpPWvQ4nuN4DQRAiWhfkk=
-55,-43,m3PXlpv9k5szDTmCFRnNoqYw9ic=,WASUwwKpPWvQ4nuN4DQRAiWhfkk=
-59,-48,m3PXlpv9k5szDTmCFRnNoqYw9ic=,WASUwwKpPWvQ4nuN4DQRAiWhfkk=
-58,-42,m3PXlpv9k5szDTmCFRnNoqYw9ic=,WASUwwKpPWvQ4nuN4DQRAiWhfkk=
-57,-43,m3PXlpv9k5szDTmCFRnNoqYw9ic=,WASUwwKpPWvQ4nuN4DQRAiWhfkk=
-58,-43,m3PXlpv9k5szDTmCFRnNoqYw9ic=,WASUwwKpPWvQ4nuN4DQRAiWhfkk=
-54,-43,m3PXlpv9k5szDTmCFRnNoqYw9ic=,WASUwwKpPWvQ4nuN4DQRAiWhfkk=
-53,-43,m3PXlpv9k5szDTmCFRnNoqYw9ic=,WASUwwKpPWvQ4nuN4DQRAiWhfkk=
-52,-46,m3PXlpv9k5szDTmCFRnNoqYw9ic=,WASUwwKpPWvQ4nuN4DQRAiWhfkk=
-58,-48,m3PXlpv9k5szDTmCFRnNoqYw9ic=,WASUwwKpPWvQ4nuN4DQRAiWhfkk=
-61,-43,m3PXlpv9k5szDTmCFRnNoqYw9ic=,WASUwwKpPWvQ4nuN4DQRAiWhfkk=
-50,-44,m3PXlpv9k5szDTmCFRnNoqYw9ic=,WASUwwKpPWvQ4nuN4DQRAiWhfkk=
-59,-43,m3PXlpv9k5szDTmCFRnNoqYw9ic=,WASUwwKpPWvQ4nuN4DQRAiWhfkk=
-56,-43,m3PXlpv9k5szDTmCFRnNoqYw9ic=,WASUwwKpPWvQ4nuN4DQRAiWhfkk=
-64,-43,m3PXlpv9k5szDTmCFRnNoqYw9ic=,WASUwwKpPWvQ4nuN4DQRAiWhfkk=
-60,-43,m3PXlpv9k5szDTmCFRnNoqYw9ic=,WASUwwKpPWvQ4nuN4DQRAiWhfkk=
-62,-43,m3PXlpv9k5szDTmCFRnNoqYw9ic=,WASUwwKpPWvQ4nuN4DQRAiWhfkk=
-49,-43,m3PXlpv9k5szDTmCFRnNoqYw9ic=,WASUwwKpPWvQ4nuN4DQRAiWhfkk=
-52,-43,m3PXlpv9k5szDTmCFRnNoqYw9ic=,WASUwwKpPWvQ4nuN4DQRAiWhfkk=
-51,-44,m3PXlpv9k5szDTmCFRnNoqYw9ic=,WASUwwKpPWvQ4nuN4DQRAiWhfkk=
-49,-44,m3PXlpv9k5szDTmCFRnNoqYw9ic=,WASUwwKpPWvQ4nuN4DQRAiWhfkk=
-52,-44,m3PXlpv9k5szDTmCFRnNoqYw9ic=,WASUwwKpPWvQ4nuN4DQRAiWhfkk=
-56,-44,m3PXlpv9k5szDTmCFRnNoqYw9ic=,WASUwwKpPWvQ4nuN4DQRAiWhfkk=
-60,-48,m3PXlpv9k5szDTmCFRnNoqYw9ic=,WASUwwKpPWvQ4nuN4DQRAiWhfkk=
-57,-44,m3PXlpv9k5szDTmCFRnNoqYw9ic=,WASUwwKpPWvQ4nuN4DQRAiWhfkk=
-63,-43,m3PXlpv9k5szDTmCFRnNoqYw9ic=,WASUwwKpPWvQ4nuN4DQRAiWhfkk=
-60,-44,m3PXlpv9k5szDTmCFRnNoqYw9ic=,WASUwwKpPWvQ4nuN4DQRAiWhfkk=
-55,-44,m3PXlpv9k5szDTmCFRnNoqYw9ic=,WASUwwKpPWvQ4nuN4DQRAiWhfkk=
-61,-44,m3PXlpv9k5szDTmCFRnNoqYw9ic=,WASUwwKpPWvQ4nuN4DQRAiWhfkk=
-54,-44,m3PXlpv9k5szDTmCFRnNoqYw9ic=,WASUwwKpPWvQ4nuN4DQRAiWhfkk=
-61,-48,m3PXlpv9k5szDTmCFRnNoqYw9ic=,WASUwwKpPWvQ4nuN4DQRAiWhfkk=
-50,-45,m3PXlpv9k5szDTmCFRnNoqYw9ic=,WASUwwKpPWvQ4nuN4DQRAiWhfkk=
-64,-44,m3PXlpv9k5szDTmCFRnNoqYw9ic=,WASUwwKpPWvQ4nuN4DQRAiWhfkk=
-51,-45,m3PXlpv9k5szDTmCFRnNoqYw9ic=,WASUwwKpPWvQ4nuN4DQRAiWhfkk=
-58,-44,m3PXlpv9k5szDTmCFRnNoqYw9ic=,WASUwwKpPWvQ4nuN4DQRAiWhfkk=
-53,-44,m3PXlpv9k5szDTmCFRnNoqYw9ic=,WASUwwKpPWvQ4nuN4DQRAiWhfkk=
-53,-45,m3PXlpv9k5szDTmCFRnNoqYw9ic=,WASUwwKpPWvQ4nuN4DQRAiWhfkk=
-63,-44,m3PXlpv9k5szDTmCFRnNoqYw9ic=,WASUwwKpPWvQ4nuN4DQRAiWhfkk=
-59,-44,m3PXlpv9k5szDTmCFRnNoqYw9ic=,WASUwwKpPWvQ4nuN4DQRAiWhfkk=
-56,-45,m3PXlpv9k5szDTmCFRnNoqYw9ic=,WASUwwKpPWvQ4nuN4DQRAiWhfkk=
-62,-44,m3PXlpv9k5szDTmCFRnNoqYw9ic=,WASUwwKpPWvQ4nuN4DQRAiWhfkk=
-49,-45,m3PXlpv9k5szDTmCFRnNoqYw9ic=,WASUwwKpPWvQ4nuN4DQRAiWhfkk=
-52,-45,m3PXlpv9k5szDTmCFRnNoqYw9ic=,WASUwwKpPWvQ4nuN4DQRAiWhfkk=
-51,-46,m3PXlpv9k5szDTmCFRnNoqYw9ic=,WASUwwKpPWvQ4nuN4DQRAiWhfkk=
-49,-46,m3PXlpv9k5szDTmCFRnNoqYw9ic=,WASUwwKpPWvQ4nuN4DQRAiWhfkk=
-62,-45,m3PXlpv9k5szDTmCFRnNoqYw9ic=,WASUwwKpPWvQ4nuN4DQRAiWhfkk=
-59,-45,m3PXlpv9k5szDTmCFRnNoqYw9ic=,WASUwwKpPWvQ4nuN4DQRAiWhfkk=
-58,-45,m3PXlpv9k5szDTmCFRnNoqYw9ic=,WASUwwKpPWvQ4nuN4DQRAiWhfkk=
-54,-45,m3PXlpv9k5szDTmCFRnNoqYw9ic=,WASUwwKpPWvQ4nuN4DQRAiWhfkk=
-57,-45,m3PXlpv9k5szDTmCFRnNoqYw9ic=,WASUwwKpPWvQ4nuN4DQRAiWhfkk=
-60,-45,m3PXlpv9k5szDTmCFRnNoqYw9ic=,WASUwwKpPWvQ4nuN4DQRAiWhfkk=
-50,-46,m3PXlpv9k5szDTmCFRnNoqYw9ic=,WASUwwKpPWvQ4nuN4DQRAiWhfkk=
-64,-45,m3PXlpv9k5szDTmCFRnNoqYw9ic=,WASUwwKpPWvQ4nuN4DQRAiWhfkk=
-55,-45,m3PXlpv9k5szDTmCFRnNoqYw9ic=,WASUwwKpPWvQ4nuN4DQRAiWhfkk=
-61,-45,m3PXlpv9k5szDTmCFRnNoqYw9ic=,WASUwwKpPWvQ4nuN4DQRAiWhfkk=
-62,-48,m3PXlpv9k5szDTmCFRnNoqYw9ic=,WASUwwKpPWvQ4nuN4DQRAiWhfkk=
-63,-45,m3PXlpv9k5szDTmCFRnNoqYw9ic=,WASUwwKpPWvQ4nuN4DQRAiWhfkk=
-48,-47,ddWIgAtjPTt+Uv5uTekw0wwgBeA=,WASUwwKpPWvQ4nuN4DQRAiWhfkk=
-33,-48,ddWIgAtjPTt+Uv5uTekw0wwgBeA=,WASUwwKpPWvQ4nuN4DQRAiWhfkk=
-35,-48,ddWIgAtjPTt+Uv5uTekw0wwgBeA=,WASUwwKpPWvQ4nuN4DQRAiWhfkk=
-38,-48,ddWIgAtjPTt+Uv5uTekw0wwgBeA=,WASUwwKpPWvQ4nuN4DQRAiWhfkk=
-34,-48,ddWIgAtjPTt+Uv5uTekw0wwgBeA=,WASUwwKpPWvQ4nuN4DQRAiWhfkk=
-45,-48,ddWIgAtjPTt+Uv5uTekw0wwgBeA=,WASUwwKpPWvQ4nuN4DQRAiWhfkk=
-36,-48,ddWIgAtjPTt+Uv5uTekw0wwgBeA=,WASUwwKpPWvQ4nuN4DQRAiWhfkk=
-44,-48,ddWIgAtjPTt+Uv5uTekw0wwgBeA=,WASUwwKpPWvQ4nuN4DQRAiWhfkk=
-46,-48,ddWIgAtjPTt+Uv5uTekw0wwgBeA=,WASUwwKpPWvQ4nuN4DQRAiWhfkk=
-47,-48,ddWIgAtjPTt+Uv5uTekw0wwgBeA=,WASUwwKpPWvQ4nuN4DQRAiWhfkk=
-43,-48,ddWIgAtjPTt+Uv5uTekw0wwgBeA=,WASUwwKpPWvQ4nuN4DQRAiWhfkk=
-39,-48,ddWIgAtjPTt+Uv5uTekw0wwgBeA=,WASUwwKpPWvQ4nuN4DQRAiWhfkk=
-37,-48,ddWIgAtjPTt+Uv5uTekw0wwgBeA=,WASUwwKpPWvQ4nuN4DQRAiWhfkk=
-48,-48,ddWIgAtjPTt+Uv5uTekw0wwgBeA=,WASUwwKpPWvQ4nuN4DQRAiWhfkk=
-45,-33,ddWIgAtjPTt+Uv5uTekw0wwgBeA=,WASUwwKpPWvQ4nuN4DQRAiWhfkk=
-47,-33,ddWIgAtjPTt+Uv5uTekw0wwgBeA=,WASUwwKpPWvQ4nuN4DQRAiWhfkk=
-46,-33,ddWIgAtjPTt+Uv5uTekw0wwgBeA=,WASUwwKpPWvQ4nuN4DQRAiWhfkk=
-48,-33,ddWIgAtjPTt+Uv5uTekw0wwgBeA=,WASUwwKpPWvQ4nuN4DQRAiWhfkk=
-40,-48,ddWIgAtjPTt+Uv5uTekw0wwgBeA=,WASUwwKpPWvQ4nuN4DQRAiWhfkk=
-38,-33,ddWIgAtjPTt+Uv5uTekw0wwgBeA=,WASUwwKpPWvQ4nuN4DQRAiWhfkk=
-39,-33,ddWIgAtjPTt+Uv5uTekw0wwgBeA=,WASUwwKpPWvQ4nuN4DQRAiWhfkk=
-40,-33,ddWIgAtjPTt+Uv5uTekw0wwgBeA=,WASUwwKpPWvQ4nuN4DQRAiWhfkk=
-45,-34,ddWIgAtjPTt+Uv5uTekw0wwgBeA=,WASUwwKpPWvQ4nuN4DQRAiWhfkk=
-38,-34,ddWIgAtjPTt+Uv5uTekw0wwgBeA=,WASUwwKpPWvQ4nuN4DQRAiWhfkk=
-48,-34,ddWIgAtjPTt+Uv5uTekw0wwgBeA=,WASUwwKpPWvQ4nuN4DQRAiWhfkk=
-46,-34,ddWIgAtjPTt+Uv5uTekw0wwgBeA=,WASUwwKpPWvQ4nuN4DQRAiWhfkk=
-47,-34,ddWIgAtjPTt+Uv5uTekw0wwgBeA=,WASUwwKpPWvQ4nuN4DQRAiWhfkk=
-43,-33,ddWIgAtjPTt+Uv5uTekw0wwgBeA=,WASUwwKpPWvQ4nuN4DQRAiWhfkk=
-39,-34,ddWIgAtjPTt+Uv5uTekw0wwgBeA=,WASUwwKpPWvQ4nuN4DQRAiWhfkk=
-40,-34,ddWIgAtjPTt+Uv5uTekw0wwgBeA=,WASUwwKpPWvQ4nuN4DQRAiWhfkk=
-41,-48,ddWIgAtjPTt+Uv5uTekw0wwgBeA=,WASUwwKpPWvQ4nuN4DQRAiWhfkk=
-44,-33,ddWIgAtjPTt+Uv5uTekw0wwgBeA=,WASUwwKpPWvQ4nuN4DQRAiWhfkk=
-37,-33,ddWIgAtjPTt+Uv5uTekw0wwgBeA=,WASUwwKpPWvQ4nuN4DQRAiWhfkk=
-43,-34,ddWIgAtjPTt+Uv5uTekw0wwgBeA=,WASUwwKpPWvQ4nuN4DQRAiWhfkk=
-41,-33,ddWIgAtjPTt+Uv5uTekw0wwgBeA=,WASUwwKpPWvQ4nuN4DQRAiWhfkk=
-42,-33,ddWIgAtjPTt+Uv5uTekw0wwgBeA=,WASUwwKpPWvQ4nuN4DQRAiWhfkk=
-37,-34,ddWIgAtjPTt+Uv5uTekw0wwgBeA=,WASUwwKpPWvQ4nuN4DQRAiWhfkk=
-42,-34,ddWIgAtjPTt+Uv5uTekw0wwgBeA=,WASUwwKpPWvQ4nuN4DQRAiWhfkk=
-45,-35,ddWIgAtjPTt+Uv5uTekw0wwgBeA=,WASUwwKpPWvQ4nuN4DQRAiWhfkk=
-47,-35,ddWIgAtjPTt+Uv5uTekw0wwgBeA=,WASUwwKpPWvQ4nuN4DQRAiWhfkk=
-42,-48,ddWIgAtjPTt+Uv5uTekw0wwgBeA=,WASUwwKpPWvQ4nuN4DQRAiWhfkk=
-46,-35,ddWIgAtjPTt+Uv5uTekw0wwgBeA=,WASUwwKpPWvQ4nuN4DQRAiWhfkk=
-48,-35,ddWIgAtjPTt+Uv5uTekw0wwgBeA=,WASUwwKpPWvQ4nuN4DQRAiWhfkk=
-39,-35,ddWIgAtjPTt+Uv5uTekw0wwgBeA=,WASUwwKpPWvQ4nuN4DQRAiWhfkk=
-40,-35,ddWIgAtjPTt+Uv5uTekw0wwgBeA=,WASUwwKpPWvQ4nuN4DQRAiWhfkk=
-38,-35,ddWIgAtjPTt+Uv5uTekw0wwgBeA=,WASUwwKpPWvQ4nuN4DQRAiWhfkk=
-43,-35,ddWIgAtjPTt+Uv5uTekw0wwgBeA=,WASUwwKpPWvQ4nuN4DQRAiWhfkk=
-44,-34,ddWIgAtjPTt+Uv5uTekw0wwgBeA=,WASUwwKpPWvQ4nuN4DQRAiWhfkk=
-37,-35,ddWIgAtjPTt+Uv5uTekw0wwgBeA=,WASUwwKpPWvQ4nuN4DQRAiWhfkk=
-42,-35,ddWIgAtjPTt+Uv5uTekw0wwgBeA=,WASUwwKpPWvQ4nuN4DQRAiWhfkk=
-41,-34,ddWIgAtjPTt+Uv5uTekw0wwgBeA=,WASUwwKpPWvQ4nuN4DQRAiWhfkk=
-38,-36,ddWIgAtjPTt+Uv5uTekw0wwgBeA=,WASUwwKpPWvQ4nuN4DQRAiWhfkk=
-41,-35,ddWIgAtjPTt+Uv5uTekw0wwgBeA=,WASUwwKpPWvQ4nuN4DQRAiWhfkk=
-45,-36,ddWIgAtjPTt+Uv5uTekw0wwgBeA=,WASUwwKpPWvQ4nuN4DQRAiWhfkk=
-40,-36,ddWIgAtjPTt+Uv5uTekw0wwgBeA=,WASUwwKpPWvQ4nuN4DQRAiWhfkk=
-39,-36,ddWIgAtjPTt+Uv5uTekw0wwgBeA=,WASUwwKpPWvQ4nuN4DQRAiWhfkk=
-46,-36,ddWIgAtjPTt+Uv5uTekw0wwgBeA=,WASUwwKpPWvQ4nuN4DQRAiWhfkk=
-47,-36,ddWIgAtjPTt+Uv5uTekw0wwgBeA=,WASUwwKpPWvQ4nuN4DQRAiWhfkk=
-48,-36,ddWIgAtjPTt+Uv5uTekw0wwgBeA=,WASUwwKpPWvQ4nuN4DQRAiWhfkk=
-37,-36,ddWIgAtjPTt+Uv5uTekw0wwgBeA=,WASUwwKpPWvQ4nuN4DQRAiWhfkk=
-43,-36,ddWIgAtjPTt+Uv5uTekw0wwgBeA=,WASUwwKpPWvQ4nuN4DQRAiWhfkk=
-44,-35,ddWIgAtjPTt+Uv5uTekw0wwgBeA=,WASUwwKpPWvQ4nuN4DQRAiWhfkk=
-37,-37,ddWIgAtjPTt+Uv5uTekw0wwgBeA=,WASUwwKpPWvQ4nuN4DQRAiWhfkk=
-41,-36,ddWIgAtjPTt+Uv5uTekw0wwgBeA=,WASUwwKpPWvQ4nuN4DQRAiWhfkk=
-42,-36,ddWIgAtjPTt+Uv5uTekw0wwgBeA=,WASUwwKpPWvQ4nuN4DQRAiWhfkk=
-33,-37,ddWIgAtjPTt+Uv5uTekw0wwgBeA=,WASUwwKpPWvQ4nuN4DQRAiWhfkk=
-35,-37,ddWIgAtjPTt+Uv5uTekw0wwgBeA=,WASUwwKpPWvQ4nuN4DQRAiWhfkk=
-44,-36,ddWIgAtjPTt+Uv5uTekw0wwgBeA=,WASUwwKpPWvQ4nuN4DQRAiWhfkk=
-34,-37,ddWIgAtjPTt+Uv5uTekw0wwgBeA=,WASUwwKpPWvQ4nuN4DQRAiWhfkk=
-39,-37,ddWIgAtjPTt+Uv5uTekw0wwgBeA=,WASUwwKpPWvQ4nuN4DQRAiWhfkk=
-38,-37,ddWIgAtjPTt+Uv5uTekw0wwgBeA=,WASUwwKpPWvQ4nuN4DQRAiWhfkk=
-45,-37,ddWIgAtjPTt+Uv5uTekw0wwgBeA=,WASUwwKpPWvQ4nuN4DQRAiWhfkk=
-36,-37,ddWIgAtjPTt+Uv5uTekw0wwgBeA=,WASUwwKpPWvQ4nuN4DQRAiWhfkk=
-47,-37,ddWIgAtjPTt+Uv5uTekw0wwgBeA=,WASUwwKpPWvQ4nuN4DQRAiWhfkk=
-46,-37,ddWIgAtjPTt+Uv5uTekw0wwgBeA=,WASUwwKpPWvQ4nuN4DQRAiWhfkk=
-48,-37,ddWIgAtjPTt+Uv5uTekw0wwgBeA=,WASUwwKpPWvQ4nuN4DQRAiWhfkk=
-40,-37,ddWIgAtjPTt+Uv5uTekw0wwgBeA=,WASUwwKpPWvQ4nuN4DQRAiWhfkk=
-43,-37,ddWIgAtjPTt+Uv5uTekw0wwgBeA=,WASUwwKpPWvQ4nuN4DQRAiWhfkk=
-33,-38,ddWIgAtjPTt+Uv5uTekw0wwgBeA=,WASUwwKpPWvQ4nuN4DQRAiWhfkk=
-34,-38,ddWIgAtjPTt+Uv5uTekw0wwgBeA=,WASUwwKpPWvQ4nuN4DQRAiWhfkk=
-42,-37,ddWIgAtjPTt+Uv5uTekw0wwgBeA=,WASUwwKpPWvQ4nuN4DQRAiWhfkk=
-35,-38,ddWIgAtjPTt+Uv5uTekw0wwgBeA=,WASUwwKpPWvQ4nuN4DQRAiWhfkk=
-36,-38,ddWIgAtjPTt+Uv5uTekw0wwgBeA=,WASUwwKpPWvQ4nuN4DQRAiWhfkk=
-44,-37,ddWIgAtjPTt+Uv5uTekw0wwgBeA=,WASUwwKpPWvQ4nuN4DQRAiWhfkk=
-41,-37,ddWIgAtjPTt+Uv5uTekw0wwgBeA=,WASUwwKpPWvQ4nuN4DQRAiWhfkk=
-37,-38,ddWIgAtjPTt+Uv5uTekw0wwgBeA=,WASUwwKpPWvQ4nuN4DQRAiWhfkk=
-39,-38,ddWIgAtjPTt+Uv5uTekw0wwgBeA=,WASUwwKpPWvQ4nuN4DQRAiWhfkk=
-38,-38,ddWIgAtjPTt+Uv5uTekw0wwgBeA=,WASUwwKpPWvQ4nuN4DQRAiWhfkk=
-45,-38,ddWIgAtjPTt+Uv5uTekw0wwgBeA=,WASUwwKpPWvQ4nuN4DQRAiWhfkk=
-47,-38,ddWIgAtjPTt+Uv5uTekw0wwgBeA=,WASUwwKpPWvQ4nuN4DQRAiWhfkk=
-48,-38,ddWIgAtjPTt+Uv5uTekw0wwgBeA=,WASUwwKpPWvQ4nuN4DQRAiWhfkk=
-46,-38,ddWIgAtjPTt+Uv5uTekw0wwgBeA=,WASUwwKpPWvQ4nuN4DQRAiWhfkk=
-40,-38,ddWIgAtjPTt+Uv5uTekw0wwgBeA=,WASUwwKpPWvQ4nuN4DQRAiWhfkk=
-43,-38,ddWIgAtjPTt+Uv5uTekw0wwgBeA=,WASUwwKpPWvQ4nuN4DQRAiWhfkk=
-33,-39,ddWIgAtjPTt+Uv5uTekw0wwgBeA=,WASUwwKpPWvQ4nuN4DQRAiWhfkk=
-34,-39,ddWIgAtjPTt+Uv5uTekw0wwgBeA=,WASUwwKpPWvQ4nuN4DQRAiWhfkk=
-42,-38,ddWIgAtjPTt+Uv5uTekw0wwgBeA=,WASUwwKpPWvQ4nuN4DQRAiWhfkk=
-35,-39,ddWIgAtjPTt+Uv5uTekw0wwgBeA=,WASUwwKpPWvQ4nuN4DQRAiWhfkk=
-39,-39,ddWIgAtjPTt+Uv5uTekw0wwgBeA=,WASUwwKpPWvQ4nuN4DQRAiWhfkk=
-36,-39,ddWIgAtjPTt+Uv5uTekw0wwgBeA=,WASUwwKpPWvQ4nuN4DQRAiWhfkk=
-37,-39,ddWIgAtjPTt+Uv5uTekw0wwgBeA=,WASUwwKpPWvQ4nuN4DQRAiWhfkk=
-41,-38,ddWIgAtjPTt+Uv5uTekw0wwgBeA=,WASUwwKpPWvQ4nuN4DQRAiWhfkk=
-38,-39,ddWIgAtjPTt+Uv5uTekw0wwgBeA=,WASUwwKpPWvQ4nuN4DQRAiWhfkk=
-45,-39,ddWIgAtjPTt+Uv5uTekw0wwgBeA=,WASUwwKpPWvQ4nuN4DQRAiWhfkk=
-44,-38,ddWIgAtjPTt+Uv5uTekw0wwgBeA=,WASUwwKpPWvQ4nuN4DQRAiWhfkk=
-47,-39,ddWIgAtjPTt+Uv5uTekw0wwgBeA=,WASUwwKpPWvQ4nuN4DQRAiWhfkk=
-46,-39,ddWIgAtjPTt+Uv5uTekw0wwgBeA=,WASUwwKpPWvQ4nuN4DQRAiWhfkk=
-40,-39,ddWIgAtjPTt+Uv5uTekw0wwgBeA=,WASUwwKpPWvQ4nuN4DQRAiWhfkk=
-48,-39,ddWIgAtjPTt+Uv5uTekw0wwgBeA=,WASUwwKpPWvQ4nuN4DQRAiWhfkk=
-33,-40,ddWIgAtjPTt+Uv5uTekw0wwgBeA=,WASUwwKpPWvQ4nuN4DQRAiWhfkk=
-43,-39,ddWIgAtjPTt+Uv5uTekw0wwgBeA=,WASUwwKpPWvQ4nuN4DQRAiWhfkk=
-36,-40,ddWIgAtjPTt+Uv5uTekw0wwgBeA=,WASUwwKpPWvQ4nuN4DQRAiWhfkk=
-34,-40,ddWIgAtjPTt+Uv5uTekw0wwgBeA=,WASUwwKpPWvQ4nuN4DQRAiWhfkk=
-35,-40,ddWIgAtjPTt+Uv5uTekw0wwgBeA=,WASUwwKpPWvQ4nuN4DQRAiWhfkk=
-44,-39,ddWIgAtjPTt+Uv5uTekw0wwgBeA=,WASUwwKpPWvQ4nuN4DQRAiWhfkk=
-37,-40,ddWIgAtjPTt+Uv5uTekw0wwgBeA=,WASUwwKpPWvQ4nuN4DQRAiWhfkk=
-42,-39,ddWIgAtjPTt+Uv5uTekw0wwgBeA=,WASUwwKpPWvQ4nuN4DQRAiWhfkk=
-41,-39,ddWIgAtjPTt+Uv5uTekw0wwgBeA=,WASUwwKpPWvQ4nuN4DQRAiWhfkk=
-38,-40,ddWIgAtjPTt+Uv5uTekw0wwgBeA=,WASUwwKpPWvQ4nuN4DQRAiWhfkk=
-39,-40,ddWIgAtjPTt+Uv5uTekw0wwgBeA=,WASUwwKpPWvQ4nuN4DQRAiWhfkk=
-46,-40,ddWIgAtjPTt+Uv5uTekw0wwgBeA=,WASUwwKpPWvQ4nuN4DQRAiWhfkk=
-47,-40,ddWIgAtjPTt+Uv5uTekw0wwgBeA=,WASUwwKpPWvQ4nuN4DQRAiWhfkk=
-45,-40,ddWIgAtjPTt+Uv5uTekw0wwgBeA=,WASUwwKpPWvQ4nuN4DQRAiWhfkk=
-48,-40,ddWIgAtjPTt+Uv5uTekw0wwgBeA=,WASUwwKpPWvQ4nuN4DQRAiWhfkk=
-40,-40,ddWIgAtjPTt+Uv5uTekw0wwgBeA=,WASUwwKpPWvQ4nuN4DQRAiWhfkk=
-43,-40,ddWIgAtjPTt+Uv5uTekw0wwgBeA=,WASUwwKpPWvQ4nuN4DQRAiWhfkk=
-35,-41,ddWIgAtjPTt+Uv5uTekw0wwgBeA=,WASUwwKpPWvQ4nuN4DQRAiWhfkk=
-33,-41,ddWIgAtjPTt+Uv5uTekw0wwgBeA=,WASUwwKpPWvQ4nuN4DQRAiWhfkk=
-41,-40,ddWIgAtjPTt+Uv5uTekw0wwgBeA=,WASUwwKpPWvQ4nuN4DQRAiWhfkk=
-34,-41,ddWIgAtjPTt+Uv5uTekw0wwgBeA=,WASUwwKpPWvQ4nuN4DQRAiWhfkk=
-37,-41,ddWIgAtjPTt+Uv5uTekw0wwgBeA=,WASUwwKpPWvQ4nuN4DQRAiWhfkk=
-36,-41,ddWIgAtjPTt+Uv5uTekw0wwgBeA=,WASUwwKpPWvQ4nuN4DQRAiWhfkk=
-42,-40,ddWIgAtjPTt+Uv5uTekw0wwgBeA=,WASUwwKpPWvQ4nuN4DQRAiWhfkk=
-44,-40,ddWIgAtjPTt+Uv5uTekw0wwgBeA=,WASUwwKpPWvQ4nuN4DQRAiWhfkk=
-45,-41,ddWIgAtjPTt+Uv5uTekw0wwgBeA=,WASUwwKpPWvQ4nuN4DQRAiWhfkk=
-40,-41,ddWIgAtjPTt+Uv5uTekw0wwgBeA=,WASUwwKpPWvQ4nuN4DQRAiWhfkk=
-46,-41,ddWIgAtjPTt+Uv5uTekw0wwgBeA=,WASUwwKpPWvQ4nuN4DQRAiWhfkk=
-39,-41,ddWIgAtjPTt+Uv5uTekw0wwgBeA=,WASUwwKpPWvQ4nuN4DQRAiWhfkk=
-38,-41,ddWIgAtjPTt+Uv5uTekw0wwgBeA=,WASUwwKpPWvQ4nuN4DQRAiWhfkk=
-48,-41,ddWIgAtjPTt+Uv5uTekw0wwgBeA=,WASUwwKpPWvQ4nuN4DQRAiWhfkk=
-47,-41,ddWIgAtjPTt+Uv5uTekw0wwgBeA=,WASUwwKpPWvQ4nuN4DQRAiWhfkk=
-42,-41,ddWIgAtjPTt+Uv5uTekw0wwgBeA=,WASUwwKpPWvQ4nuN4DQRAiWhfkk=
-43,-41,ddWIgAtjPTt+Uv5uTekw0wwgBeA=,WASUwwKpPWvQ4nuN4DQRAiWhfkk=
-33,-42,ddWIgAtjPTt+Uv5uTekw0wwgBeA=,WASUwwKpPWvQ4nuN4DQRAiWhfkk=
-35,-42,ddWIgAtjPTt+Uv5uTekw0wwgBeA=,WASUwwKpPWvQ4nuN4DQRAiWhfkk=
-34,-42,ddWIgAtjPTt+Uv5uTekw0wwgBeA=,WASUwwKpPWvQ4nuN4DQRAiWhfkk=
-37,-42,ddWIgAtjPTt+Uv5uTekw0wwgBeA=,WASUwwKpPWvQ4nuN4DQRAiWhfkk=
-36,-42,ddWIgAtjPTt+Uv5uTekw0wwgBeA=,WASUwwKpPWvQ4nuN4DQRAiWhfkk=
-38,-42,ddWIgAtjPTt+Uv5uTekw0wwgBeA=,WASUwwKpPWvQ4nuN4DQRAiWhfkk=
-41,-41,ddWIgAtjPTt+Uv5uTekw0wwgBeA=,WASUwwKpPWvQ4nuN4DQRAiWhfkk=
-44,-41,ddWIgAtjPTt+Uv5uTekw0wwgBeA=,WASUwwKpPWvQ4nuN4DQRAiWhfkk=
-39,-42,ddWIgAtjPTt+Uv5uTekw0wwgBeA=,WASUwwKpPWvQ4nuN4DQRAiWhfkk=
-45,-42,ddWIgAtjPTt+Uv5uTekw0wwgBeA=,WASUwwKpPWvQ4nuN4DQRAiWhfkk=
-40,-42,ddWIgAtjPTt+Uv5uTekw0wwgBeA=,WASUwwKpPWvQ4nuN4DQRAiWhfkk=
-48,-42,ddWIgAtjPTt+Uv5uTekw0wwgBeA=,WASUwwKpPWvQ4nuN4DQRAiWhfkk=
-46,-42,ddWIgAtjPTt+Uv5uTekw0wwgBeA=,WASUwwKpPWvQ4nuN4DQRAiWhfkk=
-47,-42,ddWIgAtjPTt+Uv5uTekw0wwgBeA=,WASUwwKpPWvQ4nuN4DQRAiWhfkk=
-43,-42,ddWIgAtjPTt+Uv5uTekw0wwgBeA=,WASUwwKpPWvQ4nuN4DQRAiWhfkk=
-41,-42,ddWIgAtjPTt+Uv5uTekw0wwgBeA=,WASUwwKpPWvQ4nuN4DQRAiWhfkk=
-33,-43,ddWIgAtjPTt+Uv5uTekw0wwgBeA=,WASUwwKpPWvQ4nuN4DQRAiWhfkk=
-35,-43,ddWIgAtjPTt+Uv5uTekw0wwgBeA=,WASUwwKpPWvQ4nuN4DQRAiWhfkk=
-37,-43,ddWIgAtjPTt+Uv5uTekw0wwgBeA=,WASUwwKpPWvQ4nuN4DQRAiWhfkk=
-34,-43,ddWIgAtjPTt+Uv5uTekw0wwgBeA=,WASUwwKpPWvQ4nuN4DQRAiWhfkk=
-42,-42,ddWIgAtjPTt+Uv5uTekw0wwgBeA=,WASUwwKpPWvQ4nuN4DQRAiWhfkk=
-44,-42,ddWIgAtjPTt+Uv5uTekw0wwgBeA=,WASUwwKpPWvQ4nuN4DQRAiWhfkk=
-38,-43,ddWIgAtjPTt+Uv5uTekw0wwgBeA=,WASUwwKpPWvQ4nuN4DQRAiWhfkk=
-36,-43,ddWIgAtjPTt+Uv5uTekw0wwgBeA=,WASUwwKpPWvQ4nuN4DQRAiWhfkk=
-45,-43,ddWIgAtjPTt+Uv5uTekw0wwgBeA=,WASUwwKpPWvQ4nuN4DQRAiWhfkk=
-40,-43,ddWIgAtjPTt+Uv5uTekw0wwgBeA=,WASUwwKpPWvQ4nuN4DQRAiWhfkk=
-39,-43,ddWIgAtjPTt+Uv5uTekw0wwgBeA=,WASUwwKpPWvQ4nuN4DQRAiWhfkk=
-46,-43,ddWIgAtjPTt+Uv5uTekw0wwgBeA=,WASUwwKpPWvQ4nuN4DQRAiWhfkk=
-47,-43,ddWIgAtjPTt+Uv5uTekw0wwgBeA=,WASUwwKpPWvQ4nuN4DQRAiWhfkk=
-48,-43,ddWIgAtjPTt+Uv5uTekw0wwgBeA=,WASUwwKpPWvQ4nuN4DQRAiWhfkk=
-43,-43,ddWIgAtjPTt+Uv5uTekw0wwgBeA=,WASUwwKpPWvQ4nuN4DQRAiWhfkk=
-42,-43,ddWIgAtjPTt+Uv5uTekw0wwgBeA=,WASUwwKpPWvQ4nuN4DQRAiWhfkk=
-37,-44,ddWIgAtjPTt+Uv5uTekw0wwgBeA=,WASUwwKpPWvQ4nuN4DQRAiWhfkk=
-35,-44,ddWIgAtjPTt+Uv5uTekw0wwgBeA=,WASUwwKpPWvQ4nuN4DQRAiWhfkk=
-33,-44,ddWIgAtjPTt+Uv5uTekw0wwgBeA=,WASUwwKpPWvQ4nuN4DQRAiWhfkk=
-34,-44,ddWIgAtjPTt+Uv5uTekw0wwgBeA=,WASUwwKpPWvQ4nuN4DQRAiWhfkk=
-34,-35,ddWIgAtjPTt+Uv5uTekw0wwgBeA=,WASUwwKpPWvQ4nuN4DQRAiWhfkk=
-41,-43,ddWIgAtjPTt+Uv5uTekw0wwgBeA=,WASUwwKpPWvQ4nuN4DQRAiWhfkk=
-36,-44,ddWIgAtjPTt+Uv5uTekw0wwgBeA=,WASUwwKpPWvQ4nuN4DQRAiWhfkk=
-45,-44,ddWIgAtjPTt+Uv5uTekw0wwgBeA=,WASUwwKpPWvQ4nuN4DQRAiWhfkk=
-38,-44,ddWIgAtjPTt+Uv5uTekw0wwgBeA=,WASUwwKpPWvQ4nuN4DQRAiWhfkk=
-46,-44,ddWIgAtjPTt+Uv5uTekw0wwgBeA=,WASUwwKpPWvQ4nuN4DQRAiWhfkk=
-47,-44,ddWIgAtjPTt+Uv5uTekw0wwgBeA=,WASUwwKpPWvQ4nuN4DQRAiWhfkk=
-48,-44,ddWIgAtjPTt+Uv5uTekw0wwgBeA=,WASUwwKpPWvQ4nuN4DQRAiWhfkk=
-39,-44,ddWIgAtjPTt+Uv5uTekw0wwgBeA=,WASUwwKpPWvQ4nuN4DQRAiWhfkk=
-44,-43,ddWIgAtjPTt+Uv5uTekw0wwgBeA=,WASUwwKpPWvQ4nuN4DQRAiWhfkk=
-43,-44,ddWIgAtjPTt+Uv5uTekw0wwgBeA=,WASUwwKpPWvQ4nuN4DQRAiWhfkk=
-40,-44,ddWIgAtjPTt+Uv5uTekw0wwgBeA=,WASUwwKpPWvQ4nuN4DQRAiWhfkk=
-33,-45,ddWIgAtjPTt+Uv5uTekw0wwgBeA=,WASUwwKpPWvQ4nuN4DQRAiWhfkk=
-34,-45,ddWIgAtjPTt+Uv5uTekw0wwgBeA=,WASUwwKpPWvQ4nuN4DQRAiWhfkk=
-36,-45,ddWIgAtjPTt+Uv5uTekw0wwgBeA=,WASUwwKpPWvQ4nuN4DQRAiWhfkk=
-38,-45,ddWIgAtjPTt+Uv5uTekw0wwgBeA=,WASUwwKpPWvQ4nuN4DQRAiWhfkk=
-35,-45,ddWIgAtjPTt+Uv5uTekw0wwgBeA=,WASUwwKpPWvQ4nuN4DQRAiWhfkk=
-37,-45,ddWIgAtjPTt+Uv5uTekw0wwgBeA=,WASUwwKpPWvQ4nuN4DQRAiWhfkk=
-40,-45,ddWIgAtjPTt+Uv5uTekw0wwgBeA=,WASUwwKpPWvQ4nuN4DQRAiWhfkk=
-39,-45,ddWIgAtjPTt+Uv5uTekw0wwgBeA=,WASUwwKpPWvQ4nuN4DQRAiWhfkk=
-46,-45,ddWIgAtjPTt+Uv5uTekw0wwgBeA=,WASUwwKpPWvQ4nuN4DQRAiWhfkk=
-45,-45,ddWIgAtjPTt+Uv5uTekw0wwgBeA=,WASUwwKpPWvQ4nuN4DQRAiWhfkk=
-47,-45,ddWIgAtjPTt+Uv5uTekw0wwgBeA=,WASUwwKpPWvQ4nuN4DQRAiWhfkk=
-42,-44,ddWIgAtjPTt+Uv5uTekw0wwgBeA=,WASUwwKpPWvQ4nuN4DQRAiWhfkk=
-48,-45,ddWIgAtjPTt+Uv5uTekw0wwgBeA=,WASUwwKpPWvQ4nuN4DQRAiWhfkk=
-33,-35,ddWIgAtjPTt+Uv5uTekw0wwgBeA=,WASUwwKpPWvQ4nuN4DQRAiWhfkk=
-33,-46,ddWIgAtjPTt+Uv5uTekw0wwgBeA=,WASUwwKpPWvQ4nuN4DQRAiWhfkk=
-35,-46,ddWIgAtjPTt+Uv5uTekw0wwgBeA=,WASUwwKpPWvQ4nuN4DQRAiWhfkk=
-41,-44,ddWIgAtjPTt+Uv5uTekw0wwgBeA=,WASUwwKpPWvQ4nuN4DQRAiWhfkk=
-44,-44,ddWIgAtjPTt+Uv5uTekw0wwgBeA=,WASUwwKpPWvQ4nuN4DQRAiWhfkk=
-42,-45,ddWIgAtjPTt+Uv5uTekw0wwgBeA=,WASUwwKpPWvQ4nuN4DQRAiWhfkk=
-36,-46,ddWIgAtjPTt+Uv5uTekw0wwgBeA=,WASUwwKpPWvQ4nuN4DQRAiWhfkk=
-34,-46,ddWIgAtjPTt+Uv5uTekw0wwgBeA=,WASUwwKpPWvQ4nuN4DQRAiWhfkk=
-43,-46,ddWIgAtjPTt+Uv5uTekw0wwgBeA=,WASUwwKpPWvQ4nuN4DQRAiWhfkk=
-41,-45,ddWIgAtjPTt+Uv5uTekw0wwgBeA=,WASUwwKpPWvQ4nuN4DQRAiWhfkk=
-44,-46,ddWIgAtjPTt+Uv5uTekw0wwgBeA=,WASUwwKpPWvQ4nuN4DQRAiWhfkk=
-37,-46,ddWIgAtjPTt+Uv5uTekw0wwgBeA=,WASUwwKpPWvQ4nuN4DQRAiWhfkk=
-46,-46,ddWIgAtjPTt+Uv5uTekw0wwgBeA=,WASUwwKpPWvQ4nuN4DQRAiWhfkk=
-47,-46,ddWIgAtjPTt+Uv5uTekw0wwgBeA=,WASUwwKpPWvQ4nuN4DQRAiWhfkk=
-39,-46,ddWIgAtjPTt+Uv5uTekw0wwgBeA=,WASUwwKpPWvQ4nuN4DQRAiWhfkk=
-45,-46,ddWIgAtjPTt+Uv5uTekw0wwgBeA=,WASUwwKpPWvQ4nuN4DQRAiWhfkk=
-48,-46,ddWIgAtjPTt+Uv5uTekw0wwgBeA=,WASUwwKpPWvQ4nuN4DQRAiWhfkk=
-38,-46,ddWIgAtjPTt+Uv5uTekw0wwgBeA=,WASUwwKpPWvQ4nuN4DQRAiWhfkk=
-34,-47,ddWIgAtjPTt+Uv5uTekw0wwgBeA=,WASUwwKpPWvQ4nuN4DQRAiWhfkk=
-33,-47,ddWIgAtjPTt+Uv5uTekw0wwgBeA=,WASUwwKpPWvQ4nuN4DQRAiWhfkk=
-35,-47,ddWIgAtjPTt+Uv5uTekw0wwgBeA=,WASUwwKpPWvQ4nuN4DQRAiWhfkk=
-40,-46,ddWIgAtjPTt+Uv5uTekw0wwgBeA=,WASUwwKpPWvQ4nuN4DQRAiWhfkk=
-43,-45,ddWIgAtjPTt+Uv5uTekw0wwgBeA=,WASUwwKpPWvQ4nuN4DQRAiWhfkk=
-37,-47,ddWIgAtjPTt+Uv5uTekw0wwgBeA=,WASUwwKpPWvQ4nuN4DQRAiWhfkk=
-42,-47,ddWIgAtjPTt+Uv5uTekw0wwgBeA=,WASUwwKpPWvQ4nuN4DQRAiWhfkk=
-43,-47,ddWIgAtjPTt+Uv5uTekw0wwgBeA=,WASUwwKpPWvQ4nuN4DQRAiWhfkk=
-38,-47,ddWIgAtjPTt+Uv5uTekw0wwgBeA=,WASUwwKpPWvQ4nuN4DQRAiWhfkk=
-41,-46,ddWIgAtjPTt+Uv5uTekw0wwgBeA=,WASUwwKpPWvQ4nuN4DQRAiWhfkk=
-44,-47,ddWIgAtjPTt+Uv5uTekw0wwgBeA=,WASUwwKpPWvQ4nuN4DQRAiWhfkk=
-45,-47,ddWIgAtjPTt+Uv5uTekw0wwgBeA=,WASUwwKpPWvQ4nuN4DQRAiWhfkk=
-46,-47,ddWIgAtjPTt+Uv5uTekw0wwgBeA=,WASUwwKpPWvQ4nuN4DQRAiWhfkk=
-47,-47,ddWIgAtjPTt+Uv5uTekw0wwgBeA=,WASUwwKpPWvQ4nuN4DQRAiWhfkk=
-39,-47,ddWIgAtjPTt+Uv5uTekw0wwgBeA=,WASUwwKpPWvQ4nuN4DQRAiWhfkk=
-36,-47,ddWIgAtjPTt+Uv5uTekw0wwgBeA=,WASUwwKpPWvQ4nuN4DQRAiWhfkk=
-40,-47,ddWIgAtjPTt+Uv5uTekw0wwgBeA=,WASUwwKpPWvQ4nuN4DQRAiWhfkk=
-44,-45,ddWIgAtjPTt+Uv5uTekw0wwgBeA=,WASUwwKpPWvQ4nuN4DQRAiWhfkk=
-36,-35,ddWIgAtjPTt+Uv5uTekw0wwgBeA=,WASUwwKpPWvQ4nuN4DQRAiWhfkk=
-41,-47,ddWIgAtjPTt+Uv5uTekw0wwgBeA=,WASUwwKpPWvQ4nuN4DQRAiWhfkk=
-34,-34,ddWIgAtjPTt+Uv5uTekw0wwgBeA=,WASUwwKpPWvQ4nuN4DQRAiWhfkk=
-35,-33,ddWIgAtjPTt+Uv5uTekw0wwgBeA=,WASUwwKpPWvQ4nuN4DQRAiWhfkk=
-42,-46,ddWIgAtjPTt+Uv5uTekw0wwgBeA=,WASUwwKpPWvQ4nuN4DQRAiWhfkk=
-36,-33,ddWIgAtjPTt+Uv5uTekw0wwgBeA=,WASUwwKpPWvQ4nuN4DQRAiWhfkk=
-34,-36,ddWIgAtjPTt+Uv5uTekw0wwgBeA=,WASUwwKpPWvQ4nuN4DQRAiWhfkk=
-35,-36,ddWIgAtjPTt+Uv5uTekw0wwgBeA=,WASUwwKpPWvQ4nuN4DQRAiWhfkk=
-35,-34,ddWIgAtjPTt+Uv5uTekw0wwgBeA=,WASUwwKpPWvQ4nuN4DQRAiWhfkk=
-36,-34,ddWIgAtjPTt+Uv5uTekw0wwgBeA=,WASUwwKpPWvQ4nuN4DQRAiWhfkk=
-34,-33,ddWIgAtjPTt+Uv5uTekw0wwgBeA=,WASUwwKpPWvQ4nuN4DQRAiWhfkk=
-33,-36,ddWIgAtjPTt+Uv5uTekw0wwgBeA=,WASUwwKpPWvQ4nuN4DQRAiWhfkk=
-35,-35,ddWIgAtjPTt+Uv5uTekw0wwgBeA=,WASUwwKpPWvQ4nuN4DQRAiWhfkk=
-33,-34,ddWIgAtjPTt+Uv5uTekw0wwgBeA=,WASUwwKpPWvQ4nuN4DQRAiWhfkk=
-36,-36,ddWIgAtjPTt+Uv5uTekw0wwgBeA=,WASUwwKpPWvQ4nuN4DQRAiWhfkk=
-33,-33,ddWIgAtjPTt+Uv5uTekw0wwgBeA=,WASUwwKpPWvQ4nuN4DQRAiWhfkk=
