13,-17,pbdyGxbTLoqZY+vepZWBAOufQhg=,rPczZZwpdfISodSkNcOaCDAgGE4=
15,-17,Ze89+ueYCsfHw0065fBPGZoqChA=,rPczZZwpdfISodSkNcOaCDAgGE4=
12,-17,Ze89+ueYCsfHw0065fBPGZoqChA=,rPczZZwpdfISodSkNcOaCDAgGE4=
11,-32,Ze89+ueYCsfHw0065fBPGZoqChA=,rPczZZwpdfISodSkNcOaCDAgGE4=
14,-32,Ze89+ueYCsfHw0065fBPGZoqChA=,rPczZZwpdfISodSkNcOaCDAgGE4=
9,-17,Ze89+ueYCsfHw0065fBPGZoqChA=,rPczZZwpdfISodSkNcOaCDAgGE4=
12,-32,Ze89+ueYCsfHw0065fBPGZoqChA=,rPczZZwpdfISodSkNcOaCDAgGE4=
2,-17,Ze89+ueYCsfHw0065fBPGZoqChA=,rPczZZwpdfISodSkNcOaCDAgGE4=
14,-17,Ze89+ueYCsfHw0065fBPGZoqChA=,rPczZZwpdfISodSkNcOaCDAgGE4=
7,-17,Ze89+ueYCsfHw0065fBPGZoqChA=,rPczZZwpdfISodSkNcOaCDAgGE4=
9,-32,Ze89+ueYCsfHw0065fBPGZoqChA=,rPczZZwpdfISodSkNcOaCDAgGE4=
10,-32,Ze89+ueYCsfHw0065fBPGZoqChA=,rPczZZwpdfISodSkNcOaCDAgGE4=
8,-32,Ze89+ueYCsfHw0065fBPGZoqChA=,rPczZZwpdfISodSkNcOaCDAgGE4=
7,-32,Ze89+ueYCsfHw0065fBPGZoqChA=,rPczZZwpdfISodSkNcOaCDAgGE4=
15,-18,Ze89+ueYCsfHw0065fBPGZoqChA=,rPczZZwpdfISodSkNcOaCDAgGE4=
14,-18,Ze89+ueYCsfHw0065fBPGZoqChA=,rPczZZwpdfISodSkNcOaCDAgGE4=
13,-18,Ze89+ueYCsfHw0065fBPGZoqChA=,rPczZZwpdfISodSkNcOaCDAgGE4=
15,-32,Ze89+ueYCsfHw0065fBPGZoqChA=,rPczZZwpdfISodSkNcOaCDAgGE4=
12,-18,Ze89+ueYCsfHw0065fBPGZoqChA=,rPczZZwpdfISodSkNcOaCDAgGE4=
14,-31,Ze89+ueYCsfHw0065fBPGZoqChA=,rPczZZwpdfISodSkNcOaCDAgGE4=
13,-32,Ze89+ueYCsfHw0065fBPGZoqChA=,rPczZZwpdfISodSkNcOaCDAgGE4=
11,-17,Ze89+ueYCsfHw0065fBPGZoqChA=,rPczZZwpdfISodSkNcOaCDAgGE4=
5,-32,Ze89+ueYCsfHw0065fBPGZoqChA=,rPczZZwpdfISodSkNcOaCDAgGE4=
5,-17,Ze89+ueYCsfHw0065fBPGZoqChA=,rPczZZwpdfISodSkNcOaCDAgGE4=
4,-32,Ze89+ueYCsfHw0065fBPGZoqChA=,rPczZZwpdfISodSkNcOaCDAgGE4=
8,-17,Ze89+ueYCsfHw0065fBPGZoqChA=,rPczZZwpdfISodSkNcOaCDAgGE4=
3,-32,Ze89+ueYCsfHw0065fBPGZoqChA=,rPczZZwpdfISodSkNcOaCDAgGE4=
1,-17,Ze89+ueYCsfHw0065fBPGZoqChA=,rPczZZwpdfISodSkNcOaCDAgGE4=
15,-31,Ze89+ueYCsfHw0065fBPGZoqChA=,rPczZZwpdfISodSkNcOaCDAgGE4=
10,-17,Ze89+ueYCsfHw0065fBPGZoqChA=,rPczZZwpdfISodSkNcOaCDAgGE4=
4,-17,Ze89+ueYCsfHw0065fBPGZoqChA=,rPczZZwpdfISodSkNcOaCDAgGE4=
15,-19,Ze89+ueYCsfHw0065fBPGZoqChA=,rPczZZwpdfISodSkNcOaCDAgGE4=
6,-32,Ze89+ueYCsfHw0065fBPGZoqChA=,rPczZZwpdfISodSkNcOaCDAgGE4=
0,-32,Ze89+ueYCsfHw0065fBPGZoqChA=,rPczZZwpdfISodSkNcOaCDAgGE4=
13,-19,Ze89+ueYCsfHw0065fBPGZoqChA=,rPczZZwpdfISodSkNcOaCDAgGE4=
14,-19,Ze89+ueYCsfHw0065fBPGZoqChA=,rPczZZwpdfISodSkNcOaCDAgGE4=
13,-31,Ze89+ueYCsfHw0065fBPGZoqChA=,rPczZZwpdfISodSkNcOaCDAgGE4=
12,-19,Ze89+ueYCsfHw0065fBPGZoqChA=,rPczZZwpdfISodSkNcOaCDAgGE4=
2,-32,Ze89+ueYCsfHw0065fBPGZoqChA=,rPczZZwpdfISodSkNcOaCDAgGE4=
6,-17,Ze89+ueYCsfHw0065fBPGZoqChA=,rPczZZwpdfISodSkNcOaCDAgGE4=
3,-17,Ze89+ueYCsfHw0065fBPGZoqChA=,rPczZZwpdfISodSkNcOaCDAgGE4=
1,-32,Ze89+ueYCsfHw0065fBPGZoqChA=,rPczZZwpdfISodSkNcOaCDAgGE4=
11,-18,Ze89+ueYCsfHw0065fBPGZoqChA=,rPczZZwpdfISodSkNcOaCDAgGE4=
9,-18,Ze89+ueYCsfHw0065fBPGZoqChA=,rPczZZwpdfISodSkNcOaCDAgGE4=
0,-18,Ze89+ueYCsfHw0065fBPGZoqChA=,rPczZZwpdfISodSkNcOaCDAgGE4=
4,-18,Ze89+ueYCsfHw0065fBPGZoqChA=,rPczZZwpdfISodSkNcOaCDAgGE4=
10,-19,Ze89+ueYCsfHw0065fBPGZoqChA=,rPczZZwpdfISodSkNcOaCDAgGE4=
14,-20,Ze89+ueYCsfHw0065fBPGZoqChA=,rPczZZwpdfISodSkNcOaCDAgGE4=
15,-20,Ze89+ueYCsfHw0065fBPGZoqChA=,rPczZZwpdfISodSkNcOaCDAgGE4=
13,-20,Ze89+ueYCsfHw0065fBPGZoqChA=,rPczZZwpdfISodSkNcOaCDAgGE4=
2,-18,Ze89+ueYCsfHw0065fBPGZoqChA=,rPczZZwpdfISodSkNcOaCDAgGE4=
12,-20,Ze89+ueYCsfHw0065fBPGZoqChA=,rPczZZwpdfISodSkNcOaCDAgGE4=
6,-19,Ze89+ueYCsfHw0065fBPGZoqChA=,rPczZZwpdfISodSkNcOaCDAgGE4=
3,-18,Ze89+ueYCsfHw0065fBPGZoqChA=,rPczZZwpdfISodSkNcOaCDAgGE4=
8,-19,Ze89+ueYCsfHw0065fBPGZoqChA=,rPczZZwpdfISodSkNcOaCDAgGE4=
1,-18,Ze89+ueYCsfHw0065fBPGZoqChA=,rPczZZwpdfISodSkNcOaCDAgGE4=
6,-18,Ze89+ueYCsfHw0065fBPGZoqChA=,rPczZZwpdfISodSkNcOaCDAgGE4=
3,-19,Ze89+ueYCsfHw0065fBPGZoqChA=,rPczZZwpdfISodSkNcOaCDAgGE4=
12,-31,Ze89+ueYCsfHw0065fBPGZoqChA=,rPczZZwpdfISodSkNcOaCDAgGE4=
2,-19,Ze89+ueYCsfHw0065fBPGZoqChA=,rPczZZwpdfISodSkNcOaCDAgGE4=
0,-17,Ze89+ueYCsfHw0065fBPGZoqChA=,rPczZZwpdfISodSkNcOaCDAgGE4=
5,-18,Ze89+ueYCsfHw0065fBPGZoqChA=,rPczZZwpdfISodSkNcOaCDAgGE4=
7,-18,Ze89+ueYCsfHw0065fBPGZoqChA=,rPczZZwpdfISodSkNcOaCDAgGE4=
8,-18,Ze89+ueYCsfHw0065fBPGZoqChA=,rPczZZwpdfISodSkNcOaCDAgGE4=
7,-19,Ze89+ueYCsfHw0065fBPGZoqChA=,rPczZZwpdfISodSkNcOaCDAgGE4=
15,-21,Ze89+ueYCsfHw0065fBPGZoqChA=,rPczZZwpdfISodSkNcOaCDAgGE4=
14,-21,Ze89+ueYCsfHw0065fBPGZoqChA=,rPczZZwpdfISodSkNcOaCDAgGE4=
13,-21,Ze89+ueYCsfHw0065fBPGZoqChA=,rPczZZwpdfISodSkNcOaCDAgGE4=
1,-19,Ze89+ueYCsfHw0065fBPGZoqChA=,rPczZZwpdfISodSkNcOaCDAgGE4=
11,-19,Ze89+ueYCsfHw0065fBPGZoqChA=,rPczZZwpdfISodSkNcOaCDAgGE4=
12,-21,Ze89+ueYCsfHw0065fBPGZoqChA=,rPczZZwpdfISodSkNcOaCDAgGE4=
0,-30,Ze89+ueYCsfHw0065fBPGZoqChA=,rPczZZwpdfISodSkNcOaCDAgGE4=
5,-19,Ze89+ueYCsfHw0065fBPGZoqChA=,rPczZZwpdfISodSkNcOaCDAgGE4=
0,-19,Ze89+ueYCsfHw0065fBPGZoqChA=,rPczZZwpdfISodSkNcOaCDAgGE4=
4,-19,Ze89+ueYCsfHw0065fBPGZoqChA=,rPczZZwpdfISodSkNcOaCDAgGE4=
9,-19,Ze89+ueYCsfHw0065fBPGZoqChA=,rPczZZwpdfISodSkNcOaCDAgGE4=
8,-20,Ze89+ueYCsfHw0065fBPGZoqChA=,rPczZZwpdfISodSkNcOaCDAgGE4=
11,-20,Ze89+ueYCsfHw0065fBPGZoqChA=,rPczZZwpdfISodSkNcOaCDAgGE4=
7,-20,Ze89+ueYCsfHw0065fBPGZoqChA=,rPczZZwpdfISodSkNcOaCDAgGE4=
10,-18,Ze89+ueYCsfHw0065fBPGZoqChA=,rPczZZwpdfISodSkNcOaCDAgGE4=
15,-22,Ze89+ueYCsfHw0065fBPGZoqChA=,rPczZZwpdfISodSkNcOaCDAgGE4=
4,-20,Ze89+ueYCsfHw0065fBPGZoqChA=,rPczZZwpdfISodSkNcOaCDAgGE4=
13,-22,Ze89+ueYCsfHw0065fBPGZoqChA=,rPczZZwpdfISodSkNcOaCDAgGE4=
14,-22,Ze89+ueYCsfHw0065fBPGZoqChA=,rPczZZwpdfISodSkNcOaCDAgGE4=
9,-20,Ze89+ueYCsfHw0065fBPGZoqChA=,rPczZZwpdfISodSkNcOaCDAgGE4=
12,-22,Ze89+ueYCsfHw0065fBPGZoqChA=,rPczZZwpdfISodSkNcOaCDAgGE4=
0,-20,Ze89+ueYCsfHw0065fBPGZoqChA=,rPczZZwpdfISodSkNcOaCDAgGE4=
10,-20,Ze89+ueYCsfHw0065fBPGZoqChA=,rPczZZwpdfISodSkNcOaCDAgGE4=
6,-20,Ze89+ueYCsfHw0065fBPGZoqChA=,rPczZZwpdfISodSkNcOaCDAgGE4=
6,-21,Ze89+ueYCsfHw0065fBPGZoqChA=,rPczZZwpdfISodSkNcOaCDAgGE4=
5,-20,Ze89+ueYCsfHw0065fBPGZoqChA=,rPczZZwpdfISodSkNcOaCDAgGE4=
11,-31,Ze89+ueYCsfHw0065fBPGZoqChA=,rPczZZwpdfISodSkNcOaCDAgGE4=
3,-21,Ze89+ueYCsfHw0065fBPGZoqChA=,rPczZZwpdfISodSkNcOaCDAgGE4=
0,-21,Ze89+ueYCsfHw0065fBPGZoqChA=,rPczZZwpdfISodSkNcOaCDAgGE4=
11,-21,Ze89+ueYCsfHw0065fBPGZoqChA=,rPczZZwpdfISodSkNcOaCDAgGE4=
2,-20,Ze89+ueYCsfHw0065fBPGZoqChA=,rPczZZwpdfISodSkNcOaCDAgGE4=
2,-21,Ze89+ueYCsfHw0065fBPGZoqChA=,rPczZZwpdfISodSkNcOaCDAgGE4=
3,-20,Ze89+ueYCsfHw0065fBPGZoqChA=,rPczZZwpdfISodSkNcOaCDAgGE4=
14,-23,Ze89+ueYCsfHw0065fBPGZoqChA=,rPczZZwpdfISodSkNcOaCDAgGE4=
15,-23,Ze89+ueYCsfHw0065fBPGZoqChA=,rPczZZwpdfISodSkNcOaCDAgGE4=
11,-22,Ze89+ueYCsfHw0065fBPGZoqChA=,rPczZZwpdfISodSkNcOaCDAgGE4=
10,-22,Ze89+ueYCsfHw0065fBPGZoqChA=,rPczZZwpdfISodSkNcOaCDAgGE4=
13,-23,Ze89+ueYCsfHw0065fBPGZoqChA=,rPczZZwpdfISodSkNcOaCDAgGE4=
12,-23,Ze89+ueYCsfHw0065fBPGZoqChA=,rPczZZwpdfISodSkNcOaCDAgGE4=
10,-31,Ze89+ueYCsfHw0065fBPGZoqChA=,rPczZZwpdfISodSkNcOaCDAgGE4=
7,-22,Ze89+ueYCsfHw0065fBPGZoqChA=,rPczZZwpdfISodSkNcOaCDAgGE4=
8,-22,Ze89+ueYCsfHw0065fBPGZoqChA=,rPczZZwpdfISodSkNcOaCDAgGE4=
1,-30,Ze89+ueYCsfHw0065fBPGZoqChA=,rPczZZwpdfISodSkNcOaCDAgGE4=
9,-22,Ze89+ueYCsfHw0065fBPGZoqChA=,rPczZZwpdfISodSkNcOaCDAgGE4=
10,-21,Ze89+ueYCsfHw0065fBPGZoqChA=,rPczZZwpdfISodSkNcOaCDAgGE4=
7,-21,Ze89+ueYCsfHw0065fBPGZoqChA=,rPczZZwpdfISodSkNcOaCDAgGE4=
9,-31,Ze89+ueYCsfHw0065fBPGZoqChA=,rPczZZwpdfISodSkNcOaCDAgGE4=
5,-21,Ze89+ueYCsfHw0065fBPGZoqChA=,rPczZZwpdfISodSkNcOaCDAgGE4=
14,-24,Ze89+ueYCsfHw0065fBPGZoqChA=,rPczZZwpdfISodSkNcOaCDAgGE4=
4,-21,Ze89+ueYCsfHw0065fBPGZoqChA=,rPczZZwpdfISodSkNcOaCDAgGE4=
15,-24,Ze89+ueYCsfHw0065fBPGZoqChA=,rPczZZwpdfISodSkNcOaCDAgGE4=
9,-21,Ze89+ueYCsfHw0065fBPGZoqChA=,rPczZZwpdfISodSkNcOaCDAgGE4=
3,-22,Ze89+ueYCsfHw0065fBPGZoqChA=,rPczZZwpdfISodSkNcOaCDAgGE4=
13,-24,Ze89+ueYCsfHw0065fBPGZoqChA=,rPczZZwpdfISodSkNcOaCDAgGE4=
5,-22,Ze89+ueYCsfHw0065fBPGZoqChA=,rPczZZwpdfISodSkNcOaCDAgGE4=
1,-20,Ze89+ueYCsfHw0065fBPGZoqChA=,rPczZZwpdfISodSkNcOaCDAgGE4=
8,-21,Ze89+ueYCsfHw0065fBPGZoqChA=,rPczZZwpdfISodSkNcOaCDAgGE4=
1,-22,Ze89+ueYCsfHw0065fBPGZoqChA=,rPczZZwpdfISodSkNcOaCDAgGE4=
6,-22,Ze89+ueYCsfHw0065fBPGZoqChA=,rPczZZwpdfISodSkNcOaCDAgGE4=
8,-31,Ze89+ueYCsfHw0065fBPGZoqChA=,rPczZZwpdfISodSkNcOaCDAgGE4=
11,-23,Ze89+ueYCsfHw0065fBPGZoqChA=,rPczZZwpdfISodSkNcOaCDAgGE4=
12,-24,Ze89+ueYCsfHw0065fBPGZoqChA=,rPczZZwpdfISodSkNcOaCDAgGE4=
0,-22,Ze89+ueYCsfHw0065fBPGZoqChA=,rPczZZwpdfISodSkNcOaCDAgGE4=
1,-21,Ze89+ueYCsfHw0065fBPGZoqChA=,rPczZZwpdfISodSkNcOaCDAgGE4=
7,-31,Ze89+ueYCsfHw0065fBPGZoqChA=,rPczZZwpdfISodSkNcOaCDAgGE4=
6,-23,Ze89+ueYCsfHw0065fBPGZoqChA=,rPczZZwpdfISodSkNcOaCDAgGE4=
15,-25,Ze89+ueYCsfHw0065fBPGZoqChA=,rPczZZwpdfISodSkNcOaCDAgGE4=
5,-23,Ze89+ueYCsfHw0065fBPGZoqChA=,rPczZZwpdfISodSkNcOaCDAgGE4=
14,-25,Ze89+ueYCsfHw0065fBPGZoqChA=,rPczZZwpdfISodSkNcOaCDAgGE4=
10,-23,Ze89+ueYCsfHw0065fBPGZoqChA=,rPczZZwpdfISodSkNcOaCDAgGE4=
13,-25,Ze89+ueYCsfHw0065fBPGZoqChA=,rPczZZwpdfISodSkNcOaCDAgGE4=
12,-25,Ze89+ueYCsfHw0065fBPGZoqChA=,rPczZZwpdfISodSkNcOaCDAgGE4=
2,-23,Ze89+ueYCsfHw0065fBPGZoqChA=,rPczZZwpdfISodSkNcOaCDAgGE4=
11,-24,Ze89+ueYCsfHw0065fBPGZoqChA=,rPczZZwpdfISodSkNcOaCDAgGE4=
6,-31,Ze89+ueYCsfHw0065fBPGZoqChA=,rPczZZwpdfISodSkNcOaCDAgGE4=
6,-24,Ze89+ueYCsfHw0065fBPGZoqChA=,rPczZZwpdfISodSkNcOaCDAgGE4=
4,-22,Ze89+ueYCsfHw0065fBPGZoqChA=,rPczZZwpdfISodSkNcOaCDAgGE4=
2,-30,Ze89+ueYCsfHw0065fBPGZoqChA=,rPczZZwpdfISodSkNcOaCDAgGE4=
1,-23,Ze89+ueYCsfHw0065fBPGZoqChA=,rPczZZwpdfISodSkNcOaCDAgGE4=
8,-24,Ze89+ueYCsfHw0065fBPGZoqChA=,rPczZZwpdfISodSkNcOaCDAgGE4=
0,-24,Ze89+ueYCsfHw0065fBPGZoqChA=,rPczZZwpdfISodSkNcOaCDAgGE4=
3,-23,Ze89+ueYCsfHw0065fBPGZoqChA=,rPczZZwpdfISodSkNcOaCDAgGE4=
9,-23,Ze89+ueYCsfHw0065fBPGZoqChA=,rPczZZwpdfISodSkNcOaCDAgGE4=
2,-22,Ze89+ueYCsfHw0065fBPGZoqChA=,rPczZZwpdfISodSkNcOaCDAgGE4=
14,-26,Ze89+ueYCsfHw0065fBPGZoqChA=,rPczZZwpdfISodSkNcOaCDAgGE4=
7,-24,Ze89+ueYCsfHw0065fBPGZoqChA=,rPczZZwpdfISodSkNcOaCDAgGE4=
15,-26,Ze89+ueYCsfHw0065fBPGZoqChA=,rPczZZwpdfISodSkNcOaCDAgGE4=
5,-24,Ze89+ueYCsfHw0065fBPGZoqChA=,rPczZZwpdfISodSkNcOaCDAgGE4=
10,-24,Ze89+ueYCsfHw0065fBPGZoqChA=,rPczZZwpdfISodSkNcOaCDAgGE4=
13,-26,Ze89+ueYCsfHw0065fBPGZoqChA=,rPczZZwpdfISodSkNcOaCDAgGE4=
4,-23,Ze89+ueYCsfHw0065fBPGZoqChA=,rPczZZwpdfISodSkNcOaCDAgGE4=
2,-24,Ze89+ueYCsfHw0065fBPGZoqChA=,rPczZZwpdfISodSkNcOaCDAgGE4=
12,-26,Ze89+ueYCsfHw0065fBPGZoqChA=,rPczZZwpdfISodSkNcOaCDAgGE4=
3,-24,Ze89+ueYCsfHw0065fBPGZoqChA=,rPczZZwpdfISodSkNcOaCDAgGE4=
5,-31,Ze89+ueYCsfHw0065fBPGZoqChA=,rPczZZwpdfISodSkNcOaCDAgGE4=
10,-25,Ze89+ueYCsfHw0065fBPGZoqChA=,rPczZZwpdfISodSkNcOaCDAgGE4=
9,-25,Ze89+ueYCsfHw0065fBPGZoqChA=,rPczZZwpdfISodSkNcOaCDAgGE4=
1,-24,Ze89+ueYCsfHw0065fBPGZoqChA=,rPczZZwpdfISodSkNcOaCDAgGE4=
8,-25,Ze89+ueYCsfHw0065fBPGZoqChA=,rPczZZwpdfISodSkNcOaCDAgGE4=
6,-25,Ze89+ueYCsfHw0065fBPGZoqChA=,rPczZZwpdfISodSkNcOaCDAgGE4=
15,-27,Ze89+ueYCsfHw0065fBPGZoqChA=,rPczZZwpdfISodSkNcOaCDAgGE4=
11,-25,Ze89+ueYCsfHw0065fBPGZoqChA=,rPczZZwpdfISodSkNcOaCDAgGE4=
13,-27,Ze89+ueYCsfHw0065fBPGZoqChA=,rPczZZwpdfISodSkNcOaCDAgGE4=
14,-27,Ze89+ueYCsfHw0065fBPGZoqChA=,rPczZZwpdfISodSkNcOaCDAgGE4=
3,-30,Ze89+ueYCsfHw0065fBPGZoqChA=,rPczZZwpdfISodSkNcOaCDAgGE4=
4,-25,Ze89+ueYCsfHw0065fBPGZoqChA=,rPczZZwpdfISodSkNcOaCDAgGE4=
12,-27,Ze89+ueYCsfHw0065fBPGZoqChA=,rPczZZwpdfISodSkNcOaCDAgGE4=
2,-25,Ze89+ueYCsfHw0065fBPGZoqChA=,rPczZZwpdfISodSkNcOaCDAgGE4=
3,-25,Ze89+ueYCsfHw0065fBPGZoqChA=,rPczZZwpdfISodSkNcOaCDAgGE4=
0,-25,Ze89+ueYCsfHw0065fBPGZoqChA=,rPczZZwpdfISodSkNcOaCDAgGE4=
4,-31,Ze89+ueYCsfHw0065fBPGZoqChA=,rPczZZwpdfISodSkNcOaCDAgGE4=
1,-25,Ze89+ueYCsfHw0065fBPGZoqChA=,rPczZZwpdfISodSkNcOaCDAgGE4=
7,-25,Ze89+ueYCsfHw0065fBPGZoqChA=,rPczZZwpdfISodSkNcOaCDAgGE4=
5,-25,Ze89+ueYCsfHw0065fBPGZoqChA=,rPczZZwpdfISodSkNcOaCDAgGE4=
11,-26,Ze89+ueYCsfHw0065fBPGZoqChA=,rPczZZwpdfISodSkNcOaCDAgGE4=
9,-24,Ze89+ueYCsfHw0065fBPGZoqChA=,rPczZZwpdfISodSkNcOaCDAgGE4=
8,-23,Ze89+ueYCsfHw0065fBPGZoqChA=,rPczZZwpdfISodSkNcOaCDAgGE4=
15,-28,Ze89+ueYCsfHw0065fBPGZoqChA=,rPczZZwpdfISodSkNcOaCDAgGE4=
0,-23,Ze89+ueYCsfHw0065fBPGZoqChA=,rPczZZwpdfISodSkNcOaCDAgGE4=
14,-28,Ze89+ueYCsfHw0065fBPGZoqChA=,rPczZZwpdfISodSkNcOaCDAgGE4=
7,-23,Ze89+ueYCsfHw0065fBPGZoqChA=,rPczZZwpdfISodSkNcOaCDAgGE4=
6,-26,Ze89+ueYCsfHw0065fBPGZoqChA=,rPczZZwpdfISodSkNcOaCDAgGE4=
13,-28,Ze89+ueYCsfHw0065fBPGZoqChA=,rPczZZwpdfISodSkNcOaCDAgGE4=
12,-28,Ze89+ueYCsfHw0065fBPGZoqChA=,rPczZZwpdfISodSkNcOaCDAgGE4=
4,-24,Ze89+ueYCsfHw0065fBPGZoqChA=,rPczZZwpdfISodSkNcOaCDAgGE4=
0,-26,Ze89+ueYCsfHw0065fBPGZoqChA=,rPczZZwpdfISodSkNcOaCDAgGE4=
3,-26,Ze89+ueYCsfHw0065fBPGZoqChA=,rPczZZwpdfISodSkNcOaCDAgGE4=
3,-31,Ze89+ueYCsfHw0065fBPGZoqChA=,rPczZZwpdfISodSkNcOaCDAgGE4=
10,-26,Ze89+ueYCsfHw0065fBPGZoqChA=,rPczZZwpdfISodSkNcOaCDAgGE4=
2,-26,Ze89+ueYCsfHw0065fBPGZoqChA=,rPczZZwpdfISodSkNcOaCDAgGE4=
11,-27,Ze89+ueYCsfHw0065fBPGZoqChA=,rPczZZwpdfISodSkNcOaCDAgGE4=
8,-27,Ze89+ueYCsfHw0065fBPGZoqChA=,rPczZZwpdfISodSkNcOaCDAgGE4=
10,-27,Ze89+ueYCsfHw0065fBPGZoqChA=,rPczZZwpdfISodSkNcOaCDAgGE4=
7,-27,Ze89+ueYCsfHw0065fBPGZoqChA=,rPczZZwpdfISodSkNcOaCDAgGE4=
5,-27,Ze89+ueYCsfHw0065fBPGZoqChA=,rPczZZwpdfISodSkNcOaCDAgGE4=
0,-27,Ze89+ueYCsfHw0065fBPGZoqChA=,rPczZZwpdfISodSkNcOaCDAgGE4=
2,-27,Ze89+ueYCsfHw0065fBPGZoqChA=,rPczZZwpdfISodSkNcOaCDAgGE4=
11,-28,Ze89+ueYCsfHw0065fBPGZoqChA=,rPczZZwpdfISodSkNcOaCDAgGE4=
1,-26,Ze89+ueYCsfHw0065fBPGZoqChA=,rPczZZwpdfISodSkNcOaCDAgGE4=
7,-28,Ze89+ueYCsfHw0065fBPGZoqChA=,rPczZZwpdfISodSkNcOaCDAgGE4=
8,-28,Ze89+ueYCsfHw0065fBPGZoqChA=,rPczZZwpdfISodSkNcOaCDAgGE4=
9,-28,Ze89+ueYCsfHw0065fBPGZoqChA=,rPczZZwpdfISodSkNcOaCDAgGE4=
10,-28,Ze89+ueYCsfHw0065fBPGZoqChA=,rPczZZwpdfISodSkNcOaCDAgGE4=
3,-27,Ze89+ueYCsfHw0065fBPGZoqChA=,rPczZZwpdfISodSkNcOaCDAgGE4=
1,-27,Ze89+ueYCsfHw0065fBPGZoqChA=,rPczZZwpdfISodSkNcOaCDAgGE4=
2,-31,Ze89+ueYCsfHw0065fBPGZoqChA=,rPczZZwpdfISodSkNcOaCDAgGE4=
5,-28,Ze89+ueYCsfHw0065fBPGZoqChA=,rPczZZwpdfISodSkNcOaCDAgGE4=
6,-28,Ze89+ueYCsfHw0065fBPGZoqChA=,rPczZZwpdfISodSkNcOaCDAgGE4=
6,-27,Ze89+ueYCsfHw0065fBPGZoqChA=,rPczZZwpdfISodSkNcOaCDAgGE4=
3,-28,Ze89+ueYCsfHw0065fBPGZoqChA=,rPczZZwpdfISodSkNcOaCDAgGE4=
2,-28,Ze89+ueYCsfHw0065fBPGZoqChA=,rPczZZwpdfISodSkNcOaCDAgGE4=
0,-28,Ze89+ueYCsfHw0065fBPGZoqChA=,rPczZZwpdfISodSkNcOaCDAgGE4=
14,-29,Ze89+ueYCsfHw0065fBPGZoqChA=,rPczZZwpdfISodSkNcOaCDAgGE4=
15,-29,Ze89+ueYCsfHw0065fBPGZoqChA=,rPczZZwpdfISodSkNcOaCDAgGE4=
5,-26,Ze89+ueYCsfHw0065fBPGZoqChA=,rPczZZwpdfISodSkNcOaCDAgGE4=
13,-29,Ze89+ueYCsfHw0065fBPGZoqChA=,rPczZZwpdfISodSkNcOaCDAgGE4=
4,-28,Ze89+ueYCsfHw0065fBPGZoqChA=,rPczZZwpdfISodSkNcOaCDAgGE4=
6,-29,Ze89+ueYCsfHw0065fBPGZoqChA=,rPczZZwpdfISodSkNcOaCDAgGE4=
8,-29,Ze89+ueYCsfHw0065fBPGZoqChA=,rPczZZwpdfISodSkNcOaCDAgGE4=
5,-29,Ze89+ueYCsfHw0065fBPGZoqChA=,rPczZZwpdfISodSkNcOaCDAgGE4=
4,-29,Ze89+ueYCsfHw0065fBPGZoqChA=,rPczZZwpdfISodSkNcOaCDAgGE4=
7,-29,Ze89+ueYCsfHw0065fBPGZoqChA=,rPczZZwpdfISodSkNcOaCDAgGE4=
1,-31,Ze89+ueYCsfHw0065fBPGZoqChA=,rPczZZwpdfISodSkNcOaCDAgGE4=
3,-29,Ze89+ueYCsfHw0065fBPGZoqChA=,rPczZZwpdfISodSkNcOaCDAgGE4=
11,-29,Ze89+ueYCsfHw0065fBPGZoqChA=,rPczZZwpdfISodSkNcOaCDAgGE4=
1,-29,Ze89+ueYCsfHw0065fBPGZoqChA=,rPczZZwpdfISodSkNcOaCDAgGE4=
9,-29,Ze89+ueYCsfHw0065fBPGZoqChA=,rPczZZwpdfISodSkNcOaCDAgGE4=
12,-29,Ze89+ueYCsfHw0065fBPGZoqChA=,rPczZZwpdfISodSkNcOaCDAgGE4=
10,-29,Ze89+ueYCsfHw0065fBPGZoqChA=,rPczZZwpdfISodSkNcOaCDAgGE4=
8,-26,Ze89+ueYCsfHw0065fBPGZoqChA=,rPczZZwpdfISodSkNcOaCDAgGE4=
4,-27,Ze89+ueYCsfHw0065fBPGZoqChA=,rPczZZwpdfISodSkNcOaCDAgGE4=
9,-26,Ze89+ueYCsfHw0065fBPGZoqChA=,rPczZZwpdfISodSkNcOaCDAgGE4=
14,-30,Ze89+ueYCsfHw0065fBPGZoqChA=,rPczZZwpdfISodSkNcOaCDAgGE4=
2,-29,Ze89+ueYCsfHw0065fBPGZoqChA=,rPczZZwpdfISodSkNcOaCDAgGE4=
0,-31,Ze89+ueYCsfHw0065fBPGZoqChA=,rPczZZwpdfISodSkNcOaCDAgGE4=
7,-26,Ze89+ueYCsfHw0065fBPGZoqChA=,rPczZZwpdfISodSkNcOaCDAgGE4=
15,-30,Ze89+ueYCsfHw0065fBPGZoqChA=,rPczZZwpdfISodSkNcOaCDAgGE4=
4,-26,Ze89+ueYCsfHw0065fBPGZoqChA=,rPczZZwpdfISodSkNcOaCDAgGE4=
13,-30,Ze89+ueYCsfHw0065fBPGZoqChA=,rPczZZwpdfISodSkNcOaCDAgGE4=
0,-29,Ze89+ueYCsfHw0065fBPGZoqChA=,rPczZZwpdfISodSkNcOaCDAgGE4=
1,-28,Ze89+ueYCsfHw0065fBPGZoqChA=,rPczZZwpdfISodSkNcOaCDAgGE4=
10,-30,Ze89+ueYCsfHw0065fBPGZoqChA=,rPczZZwpdfISodSkNcOaCDAgGE4=
12,-30,Ze89+ueYCsfHw0065fBPGZoqChA=,rPczZZwpdfISodSkNcOaCDAgGE4=
6,-30,Ze89+ueYCsfHw0065fBPGZoqChA=,rPczZZwpdfISodSkNcOaCDAgGE4=
5,-30,Ze89+ueYCsfHw0065fBPGZoqChA=,rPczZZwpdfISodSkNcOaCDAgGE4=
8,-30,Ze89+ueYCsfHw0065fBPGZoqChA=,rPczZZwpdfISodSkNcOaCDAgGE4=
7,-30,Ze89+ueYCsfHw0065fBPGZoqChA=,rPczZZwpdfISodSkNcOaCDAgGE4=
11,-30,Ze89+ueYCsfHw0065fBPGZoqChA=,rPczZZwpdfISodSkNcOaCDAgGE4=
9,-30,Ze89+ueYCsfHw0065fBPGZoqChA=,rPczZZwpdfISodSkNcOaCDAgGE4=
9,-27,Ze89+ueYCsfHw0065fBPGZoqChA=,rPczZZwpdfISodSkNcOaCDAgGE4=
4,-30,Ze89+ueYCsfHw0065fBPGZoqChA=,rPczZZwpdfISodSkNcOaCDAgGE4=
29,-17,wip2y7Bj20awprE9K97U2nlMmxg=,rPczZZwpdfISodSkNcOaCDAgGE4=
28,-17,wip2y7Bj20awprE9K97U2nlMmxg=,rPczZZwpdfISodSkNcOaCDAgGE4=
31,-32,wip2y7Bj20awprE9K97U2nlMmxg=,rPczZZwpdfISodSkNcOaCDAgGE4=
31,-17,wip2y7Bj20awprE9K97U2nlMmxg=,rPczZZwpdfISodSkNcOaCDAgGE4=
18,-17,wip2y7Bj20awprE9K97U2nlMmxg=,rPczZZwpdfISodSkNcOaCDAgGE4=
19,-17,wip2y7Bj20awprE9K97U2nlMmxg=,rPczZZwpdfISodSkNcOaCDAgGE4=
30,-17,wip2y7Bj20awprE9K97U2nlMmxg=,rPczZZwpdfISodSkNcOaCDAgGE4=
16,-17,wip2y7Bj20awprE9K97U2nlMmxg=,rPczZZwpdfISodSkNcOaCDAgGE4=
30,-18,wip2y7Bj20awprE9K97U2nlMmxg=,rPczZZwpdfISodSkNcOaCDAgGE4=
29,-18,wip2y7Bj20awprE9K97U2nlMmxg=,rPczZZwpdfISodSkNcOaCDAgGE4=
17,-17,wip2y7Bj20awprE9K97U2nlMmxg=,rPczZZwpdfISodSkNcOaCDAgGE4=
18,-18,wip2y7Bj20awprE9K97U2nlMmxg=,rPczZZwpdfISodSkNcOaCDAgGE4=
31,-18,wip2y7Bj20awprE9K97U2nlMmxg=,rPczZZwpdfISodSkNcOaCDAgGE4=
30,-32,wip2y7Bj20awprE9K97U2nlMmxg=,rPczZZwpdfISodSkNcOaCDAgGE4=
19,-18,wip2y7Bj20awprE9K97U2nlMmxg=,rPczZZwpdfISodSkNcOaCDAgGE4=
17,-18,wip2y7Bj20awprE9K97U2nlMmxg=,rPczZZwpdfISodSkNcOaCDAgGE4=
16,-18,wip2y7Bj20awprE9K97U2nlMmxg=,rPczZZwpdfISodSkNcOaCDAgGE4=
30,-19,wip2y7Bj20awprE9K97U2nlMmxg=,rPczZZwpdfISodSkNcOaCDAgGE4=
28,-18,wip2y7Bj20awprE9K97U2nlMmxg=,rPczZZwpdfISodSkNcOaCDAgGE4=
29,-19,wip2y7Bj20awprE9K97U2nlMmxg=,rPczZZwpdfISodSkNcOaCDAgGE4=
31,-19,wip2y7Bj20awprE9K97U2nlMmxg=,rPczZZwpdfISodSkNcOaCDAgGE4=
28,-19,wip2y7Bj20awprE9K97U2nlMmxg=,rPczZZwpdfISodSkNcOaCDAgGE4=
25,-18,wip2y7Bj20awprE9K97U2nlMmxg=,rPczZZwpdfISodSkNcOaCDAgGE4=
21,-17,wip2y7Bj20awprE9K97U2nlMmxg=,rPczZZwpdfISodSkNcOaCDAgGE4=
22,-17,wip2y7Bj20awprE9K97U2nlMmxg=,rPczZZwpdfISodSkNcOaCDAgGE4=
19,-19,wip2y7Bj20awprE9K97U2nlMmxg=,rPczZZwpdfISodSkNcOaCDAgGE4=
18,-19,wip2y7Bj20awprE9K97U2nlMmxg=,rPczZZwpdfISodSkNcOaCDAgGE4=
17,-19,wip2y7Bj20awprE9K97U2nlMmxg=,rPczZZwpdfISodSkNcOaCDAgGE4=
16,-19,wip2y7Bj20awprE9K97U2nlMmxg=,rPczZZwpdfISodSkNcOaCDAgGE4=
29,-32,wip2y7Bj20awprE9K97U2nlMmxg=,rPczZZwpdfISodSkNcOaCDAgGE4=
30,-20,wip2y7Bj20awprE9K97U2nlMmxg=,rPczZZwpdfISodSkNcOaCDAgGE4=
31,-20,wip2y7Bj20awprE9K97U2nlMmxg=,rPczZZwpdfISodSkNcOaCDAgGE4=
29,-20,wip2y7Bj20awprE9K97U2nlMmxg=,rPczZZwpdfISodSkNcOaCDAgGE4=
23,-18,wip2y7Bj20awprE9K97U2nlMmxg=,rPczZZwpdfISodSkNcOaCDAgGE4=
24,-19,wip2y7Bj20awprE9K97U2nlMmxg=,rPczZZwpdfISodSkNcOaCDAgGE4=
28,-20,wip2y7Bj20awprE9K97U2nlMmxg=,rPczZZwpdfISodSkNcOaCDAgGE4=
24,-18,wip2y7Bj20awprE9K97U2nlMmxg=,rPczZZwpdfISodSkNcOaCDAgGE4=
20,-17,wip2y7Bj20awprE9K97U2nlMmxg=,rPczZZwpdfISodSkNcOaCDAgGE4=
20,-18,wip2y7Bj20awprE9K97U2nlMmxg=,rPczZZwpdfISodSkNcOaCDAgGE4=
19,-20,wip2y7Bj20awprE9K97U2nlMmxg=,rPczZZwpdfISodSkNcOaCDAgGE4=
21,-19,wip2y7Bj20awprE9K97U2nlMmxg=,rPczZZwpdfISodSkNcOaCDAgGE4=
21,-18,wip2y7Bj20awprE9K97U2nlMmxg=,rPczZZwpdfISodSkNcOaCDAgGE4=
27,-18,wip2y7Bj20awprE9K97U2nlMmxg=,rPczZZwpdfISodSkNcOaCDAgGE4=
18,-20,wip2y7Bj20awprE9K97U2nlMmxg=,rPczZZwpdfISodSkNcOaCDAgGE4=
22,-18,wip2y7Bj20awprE9K97U2nlMmxg=,rPczZZwpdfISodSkNcOaCDAgGE4=
17,-20,wip2y7Bj20awprE9K97U2nlMmxg=,rPczZZwpdfISodSkNcOaCDAgGE4=
30,-21,wip2y7Bj20awprE9K97U2nlMmxg=,rPczZZwpdfISodSkNcOaCDAgGE4=
16,-20,wip2y7Bj20awprE9K97U2nlMmxg=,rPczZZwpdfISodSkNcOaCDAgGE4=
31,-21,wip2y7Bj20awprE9K97U2nlMmxg=,rPczZZwpdfISodSkNcOaCDAgGE4=
29,-21,wip2y7Bj20awprE9K97U2nlMmxg=,rPczZZwpdfISodSkNcOaCDAgGE4=
28,-21,wip2y7Bj20awprE9K97U2nlMmxg=,rPczZZwpdfISodSkNcOaCDAgGE4=
28,-32,wip2y7Bj20awprE9K97U2nlMmxg=,rPczZZwpdfISodSkNcOaCDAgGE4=
27,-21,wip2y7Bj20awprE9K97U2nlMmxg=,rPczZZwpdfISodSkNcOaCDAgGE4=
25,-21,wip2y7Bj20awprE9K97U2nlMmxg=,rPczZZwpdfISodSkNcOaCDAgGE4=
25,-17,wip2y7Bj20awprE9K97U2nlMmxg=,rPczZZwpdfISodSkNcOaCDAgGE4=
26,-21,wip2y7Bj20awprE9K97U2nlMmxg=,rPczZZwpdfISodSkNcOaCDAgGE4=
24,-21,wip2y7Bj20awprE9K97U2nlMmxg=,rPczZZwpdfISodSkNcOaCDAgGE4=
26,-18,wip2y7Bj20awprE9K97U2nlMmxg=,rPczZZwpdfISodSkNcOaCDAgGE4=
23,-21,wip2y7Bj20awprE9K97U2nlMmxg=,rPczZZwpdfISodSkNcOaCDAgGE4=
19,-21,wip2y7Bj20awprE9K97U2nlMmxg=,rPczZZwpdfISodSkNcOaCDAgGE4=
18,-21,wip2y7Bj20awprE9K97U2nlMmxg=,rPczZZwpdfISodSkNcOaCDAgGE4=
22,-21,wip2y7Bj20awprE9K97U2nlMmxg=,rPczZZwpdfISodSkNcOaCDAgGE4=
21,-21,wip2y7Bj20awprE9K97U2nlMmxg=,rPczZZwpdfISodSkNcOaCDAgGE4=
17,-21,wip2y7Bj20awprE9K97U2nlMmxg=,rPczZZwpdfISodSkNcOaCDAgGE4=
20,-21,wip2y7Bj20awprE9K97U2nlMmxg=,rPczZZwpdfISodSkNcOaCDAgGE4=
16,-21,wip2y7Bj20awprE9K97U2nlMmxg=,rPczZZwpdfISodSkNcOaCDAgGE4=
29,-22,wip2y7Bj20awprE9K97U2nlMmxg=,rPczZZwpdfISodSkNcOaCDAgGE4=
30,-22,wip2y7Bj20awprE9K97U2nlMmxg=,rPczZZwpdfISodSkNcOaCDAgGE4=
28,-22,wip2y7Bj20awprE9K97U2nlMmxg=,rPczZZwpdfISodSkNcOaCDAgGE4=
26,-22,wip2y7Bj20awprE9K97U2nlMmxg=,rPczZZwpdfISodSkNcOaCDAgGE4=
27,-22,wip2y7Bj20awprE9K97U2nlMmxg=,rPczZZwpdfISodSkNcOaCDAgGE4=
24,-22,wip2y7Bj20awprE9K97U2nlMmxg=,rPczZZwpdfISodSkNcOaCDAgGE4=
25,-22,wip2y7Bj20awprE9K97U2nlMmxg=,rPczZZwpdfISodSkNcOaCDAgGE4=
31,-22,wip2y7Bj20awprE9K97U2nlMmxg=,rPczZZwpdfISodSkNcOaCDAgGE4=
23,-22,wip2y7Bj20awprE9K97U2nlMmxg=,rPczZZwpdfISodSkNcOaCDAgGE4=
20,-22,wip2y7Bj20awprE9K97U2nlMmxg=,rPczZZwpdfISodSkNcOaCDAgGE4=
20,-19,wip2y7Bj20awprE9K97U2nlMmxg=,rPczZZwpdfISodSkNcOaCDAgGE4=
22,-22,wip2y7Bj20awprE9K97U2nlMmxg=,rPczZZwpdfISodSkNcOaCDAgGE4=
18,-22,wip2y7Bj20awprE9K97U2nlMmxg=,rPczZZwpdfISodSkNcOaCDAgGE4=
19,-22,wip2y7Bj20awprE9K97U2nlMmxg=,rPczZZwpdfISodSkNcOaCDAgGE4=
21,-22,wip2y7Bj20awprE9K97U2nlMmxg=,rPczZZwpdfISodSkNcOaCDAgGE4=
16,-22,wip2y7Bj20awprE9K97U2nlMmxg=,rPczZZwpdfISodSkNcOaCDAgGE4=
17,-22,wip2y7Bj20awprE9K97U2nlMmxg=,rPczZZwpdfISodSkNcOaCDAgGE4=
27,-23,wip2y7Bj20awprE9K97U2nlMmxg=,rPczZZwpdfISodSkNcOaCDAgGE4=
27,-17,wip2y7Bj20awprE9K97U2nlMmxg=,rPczZZwpdfISodSkNcOaCDAgGE4=
16,-31,wip2y7Bj20awprE9K97U2nlMmxg=,rPczZZwpdfISodSkNcOaCDAgGE4=
29,-23,wip2y7Bj20awprE9K97U2nlMmxg=,rPczZZwpdfISodSkNcOaCDAgGE4=
30,-23,wip2y7Bj20awprE9K97U2nlMmxg=,rPczZZwpdfISodSkNcOaCDAgGE4=
27,-19,wip2y7Bj20awprE9K97U2nlMmxg=,rPczZZwpdfISodSkNcOaCDAgGE4=
24,-17,wip2y7Bj20awprE9K97U2nlMmxg=,rPczZZwpdfISodSkNcOaCDAgGE4=
24,-23,wip2y7Bj20awprE9K97U2nlMmxg=,rPczZZwpdfISodSkNcOaCDAgGE4=
22,-23,wip2y7Bj20awprE9K97U2nlMmxg=,rPczZZwpdfISodSkNcOaCDAgGE4=
26,-23,wip2y7Bj20awprE9K97U2nlMmxg=,rPczZZwpdfISodSkNcOaCDAgGE4=
25,-23,wip2y7Bj20awprE9K97U2nlMmxg=,rPczZZwpdfISodSkNcOaCDAgGE4=
28,-23,wip2y7Bj20awprE9K97U2nlMmxg=,rPczZZwpdfISodSkNcOaCDAgGE4=
21,-23,wip2y7Bj20awprE9K97U2nlMmxg=,rPczZZwpdfISodSkNcOaCDAgGE4=
31,-23,wip2y7Bj20awprE9K97U2nlMmxg=,rPczZZwpdfISodSkNcOaCDAgGE4=
20,-23,wip2y7Bj20awprE9K97U2nlMmxg=,rPczZZwpdfISodSkNcOaCDAgGE4=
28,-24,wip2y7Bj20awprE9K97U2nlMmxg=,rPczZZwpdfISodSkNcOaCDAgGE4=
18,-23,wip2y7Bj20awprE9K97U2nlMmxg=,rPczZZwpdfISodSkNcOaCDAgGE4=
23,-23,wip2y7Bj20awprE9K97U2nlMmxg=,rPczZZwpdfISodSkNcOaCDAgGE4=
25,-19,wip2y7Bj20awprE9K97U2nlMmxg=,rPczZZwpdfISodSkNcOaCDAgGE4=
16,-23,wip2y7Bj20awprE9K97U2nlMmxg=,rPczZZwpdfISodSkNcOaCDAgGE4=
19,-23,wip2y7Bj20awprE9K97U2nlMmxg=,rPczZZwpdfISodSkNcOaCDAgGE4=
17,-23,wip2y7Bj20awprE9K97U2nlMmxg=,rPczZZwpdfISodSkNcOaCDAgGE4=
27,-24,wip2y7Bj20awprE9K97U2nlMmxg=,rPczZZwpdfISodSkNcOaCDAgGE4=
29,-24,wip2y7Bj20awprE9K97U2nlMmxg=,rPczZZwpdfISodSkNcOaCDAgGE4=
25,-24,wip2y7Bj20awprE9K97U2nlMmxg=,rPczZZwpdfISodSkNcOaCDAgGE4=
26,-24,wip2y7Bj20awprE9K97U2nlMmxg=,rPczZZwpdfISodSkNcOaCDAgGE4=
24,-24,wip2y7Bj20awprE9K97U2nlMmxg=,rPczZZwpdfISodSkNcOaCDAgGE4=
17,-24,wip2y7Bj20awprE9K97U2nlMmxg=,rPczZZwpdfISodSkNcOaCDAgGE4=
30,-24,wip2y7Bj20awprE9K97U2nlMmxg=,rPczZZwpdfISodSkNcOaCDAgGE4=
23,-24,wip2y7Bj20awprE9K97U2nlMmxg=,rPczZZwpdfISodSkNcOaCDAgGE4=
22,-24,wip2y7Bj20awprE9K97U2nlMmxg=,rPczZZwpdfISodSkNcOaCDAgGE4=
31,-24,wip2y7Bj20awprE9K97U2nlMmxg=,rPczZZwpdfISodSkNcOaCDAgGE4=
20,-24,wip2y7Bj20awprE9K97U2nlMmxg=,rPczZZwpdfISodSkNcOaCDAgGE4=
21,-24,wip2y7Bj20awprE9K97U2nlMmxg=,rPczZZwpdfISodSkNcOaCDAgGE4=
19,-24,wip2y7Bj20awprE9K97U2nlMmxg=,rPczZZwpdfISodSkNcOaCDAgGE4=
27,-20,wip2y7Bj20awprE9K97U2nlMmxg=,rPczZZwpdfISodSkNcOaCDAgGE4=
18,-24,wip2y7Bj20awprE9K97U2nlMmxg=,rPczZZwpdfISodSkNcOaCDAgGE4=
31,-25,wip2y7Bj20awprE9K97U2nlMmxg=,rPczZZwpdfISodSkNcOaCDAgGE4=
16,-24,wip2y7Bj20awprE9K97U2nlMmxg=,rPczZZwpdfISodSkNcOaCDAgGE4=
30,-25,wip2y7Bj20awprE9K97U2nlMmxg=,rPczZZwpdfISodSkNcOaCDAgGE4=
23,-25,wip2y7Bj20awprE9K97U2nlMmxg=,rPczZZwpdfISodSkNcOaCDAgGE4=
22,-25,wip2y7Bj20awprE9K97U2nlMmxg=,rPczZZwpdfISodSkNcOaCDAgGE4=
29,-25,wip2y7Bj20awprE9K97U2nlMmxg=,rPczZZwpdfISodSkNcOaCDAgGE4=
28,-25,wip2y7Bj20awprE9K97U2nlMmxg=,rPczZZwpdfISodSkNcOaCDAgGE4=
25,-25,wip2y7Bj20awprE9K97U2nlMmxg=,rPczZZwpdfISodSkNcOaCDAgGE4=
27,-25,wip2y7Bj20awprE9K97U2nlMmxg=,rPczZZwpdfISodSkNcOaCDAgGE4=
26,-25,wip2y7Bj20awprE9K97U2nlMmxg=,rPczZZwpdfISodSkNcOaCDAgGE4=
21,-25,wip2y7Bj20awprE9K97U2nlMmxg=,rPczZZwpdfISodSkNcOaCDAgGE4=
24,-25,wip2y7Bj20awprE9K97U2nlMmxg=,rPczZZwpdfISodSkNcOaCDAgGE4=
20,-25,wip2y7Bj20awprE9K97U2nlMmxg=,rPczZZwpdfISodSkNcOaCDAgGE4=
23,-19,wip2y7Bj20awprE9K97U2nlMmxg=,rPczZZwpdfISodSkNcOaCDAgGE4=
18,-25,wip2y7Bj20awprE9K97U2nlMmxg=,rPczZZwpdfISodSkNcOaCDAgGE4=
29,-26,wip2y7Bj20awprE9K97U2nlMmxg=,rPczZZwpdfISodSkNcOaCDAgGE4=
16,-25,wip2y7Bj20awprE9K97U2nlMmxg=,rPczZZwpdfISodSkNcOaCDAgGE4=
28,-26,wip2y7Bj20awprE9K97U2nlMmxg=,rPczZZwpdfISodSkNcOaCDAgGE4=
30,-26,wip2y7Bj20awprE9K97U2nlMmxg=,rPczZZwpdfISodSkNcOaCDAgGE4=
17,-25,wip2y7Bj20awprE9K97U2nlMmxg=,rPczZZwpdfISodSkNcOaCDAgGE4=
19,-25,wip2y7Bj20awprE9K97U2nlMmxg=,rPczZZwpdfISodSkNcOaCDAgGE4=
23,-26,wip2y7Bj20awprE9K97U2nlMmxg=,rPczZZwpdfISodSkNcOaCDAgGE4=
26,-26,wip2y7Bj20awprE9K97U2nlMmxg=,rPczZZwpdfISodSkNcOaCDAgGE4=
27,-26,wip2y7Bj20awprE9K97U2nlMmxg=,rPczZZwpdfISodSkNcOaCDAgGE4=
21,-26,wip2y7Bj20awprE9K97U2nlMmxg=,rPczZZwpdfISodSkNcOaCDAgGE4=
22,-26,wip2y7Bj20awprE9K97U2nlMmxg=,rPczZZwpdfISodSkNcOaCDAgGE4=
25,-26,wip2y7Bj20awprE9K97U2nlMmxg=,rPczZZwpdfISodSkNcOaCDAgGE4=
24,-26,wip2y7Bj20awprE9K97U2nlMmxg=,rPczZZwpdfISodSkNcOaCDAgGE4=
17,-26,wip2y7Bj20awprE9K97U2nlMmxg=,rPczZZwpdfISodSkNcOaCDAgGE4=
18,-26,wip2y7Bj20awprE9K97U2nlMmxg=,rPczZZwpdfISodSkNcOaCDAgGE4=
20,-26,wip2y7Bj20awprE9K97U2nlMmxg=,rPczZZwpdfISodSkNcOaCDAgGE4=
26,-17,wip2y7Bj20awprE9K97U2nlMmxg=,rPczZZwpdfISodSkNcOaCDAgGE4=
31,-26,wip2y7Bj20awprE9K97U2nlMmxg=,rPczZZwpdfISodSkNcOaCDAgGE4=
28,-27,wip2y7Bj20awprE9K97U2nlMmxg=,rPczZZwpdfISodSkNcOaCDAgGE4=
19,-26,wip2y7Bj20awprE9K97U2nlMmxg=,rPczZZwpdfISodSkNcOaCDAgGE4=
16,-26,wip2y7Bj20awprE9K97U2nlMmxg=,rPczZZwpdfISodSkNcOaCDAgGE4=
27,-27,wip2y7Bj20awprE9K97U2nlMmxg=,rPczZZwpdfISodSkNcOaCDAgGE4=
22,-27,wip2y7Bj20awprE9K97U2nlMmxg=,rPczZZwpdfISodSkNcOaCDAgGE4=
26,-27,wip2y7Bj20awprE9K97U2nlMmxg=,rPczZZwpdfISodSkNcOaCDAgGE4=
30,-27,wip2y7Bj20awprE9K97U2nlMmxg=,rPczZZwpdfISodSkNcOaCDAgGE4=
25,-27,wip2y7Bj20awprE9K97U2nlMmxg=,rPczZZwpdfISodSkNcOaCDAgGE4=
31,-27,wip2y7Bj20awprE9K97U2nlMmxg=,rPczZZwpdfISodSkNcOaCDAgGE4=
22,-19,wip2y7Bj20awprE9K97U2nlMmxg=,rPczZZwpdfISodSkNcOaCDAgGE4=
29,-27,wip2y7Bj20awprE9K97U2nlMmxg=,rPczZZwpdfISodSkNcOaCDAgGE4=
20,-27,wip2y7Bj20awprE9K97U2nlMmxg=,rPczZZwpdfISodSkNcOaCDAgGE4=
24,-27,wip2y7Bj20awprE9K97U2nlMmxg=,rPczZZwpdfISodSkNcOaCDAgGE4=
18,-27,wip2y7Bj20awprE9K97U2nlMmxg=,rPczZZwpdfISodSkNcOaCDAgGE4=
23,-27,wip2y7Bj20awprE9K97U2nlMmxg=,rPczZZwpdfISodSkNcOaCDAgGE4=
16,-27,wip2y7Bj20awprE9K97U2nlMmxg=,rPczZZwpdfISodSkNcOaCDAgGE4=
30,-28,wip2y7Bj20awprE9K97U2nlMmxg=,rPczZZwpdfISodSkNcOaCDAgGE4=
21,-27,wip2y7Bj20awprE9K97U2nlMmxg=,rPczZZwpdfISodSkNcOaCDAgGE4=
23,-17,wip2y7Bj20awprE9K97U2nlMmxg=,rPczZZwpdfISodSkNcOaCDAgGE4=
19,-27,wip2y7Bj20awprE9K97U2nlMmxg=,rPczZZwpdfISodSkNcOaCDAgGE4=
29,-28,wip2y7Bj20awprE9K97U2nlMmxg=,rPczZZwpdfISodSkNcOaCDAgGE4=
28,-28,wip2y7Bj20awprE9K97U2nlMmxg=,rPczZZwpdfISodSkNcOaCDAgGE4=
17,-27,wip2y7Bj20awprE9K97U2nlMmxg=,rPczZZwpdfISodSkNcOaCDAgGE4=
31,-28,wip2y7Bj20awprE9K97U2nlMmxg=,rPczZZwpdfISodSkNcOaCDAgGE4=
26,-28,wip2y7Bj20awprE9K97U2nlMmxg=,rPczZZwpdfISodSkNcOaCDAgGE4=
24,-28,wip2y7Bj20awprE9K97U2nlMmxg=,rPczZZwpdfISodSkNcOaCDAgGE4=
21,-28,wip2y7Bj20awprE9K97U2nlMmxg=,rPczZZwpdfISodSkNcOaCDAgGE4=
25,-28,wip2y7Bj20awprE9K97U2nlMmxg=,rPczZZwpdfISodSkNcOaCDAgGE4=
18,-28,wip2y7Bj20awprE9K97U2nlMmxg=,rPczZZwpdfISodSkNcOaCDAgGE4=
30,-29,wip2y7Bj20awprE9K97U2nlMmxg=,rPczZZwpdfISodSkNcOaCDAgGE4=
23,-28,wip2y7Bj20awprE9K97U2nlMmxg=,rPczZZwpdfISodSkNcOaCDAgGE4=
16,-28,wip2y7Bj20awprE9K97U2nlMmxg=,rPczZZwpdfISodSkNcOaCDAgGE4=
22,-28,wip2y7Bj20awprE9K97U2nlMmxg=,rPczZZwpdfISodSkNcOaCDAgGE4=
27,-28,wip2y7Bj20awprE9K97U2nlMmxg=,rPczZZwpdfISodSkNcOaCDAgGE4=
29,-29,wip2y7Bj20awprE9K97U2nlMmxg=,rPczZZwpdfISodSkNcOaCDAgGE4=
31,-29,wip2y7Bj20awprE9K97U2nlMmxg=,rPczZZwpdfISodSkNcOaCDAgGE4=
20,-28,wip2y7Bj20awprE9K97U2nlMmxg=,rPczZZwpdfISodSkNcOaCDAgGE4=
19,-28,wip2y7Bj20awprE9K97U2nlMmxg=,rPczZZwpdfISodSkNcOaCDAgGE4=
24,-20,wip2y7Bj20awprE9K97U2nlMmxg=,rPczZZwpdfISodSkNcOaCDAgGE4=
17,-28,wip2y7Bj20awprE9K97U2nlMmxg=,rPczZZwpdfISodSkNcOaCDAgGE4=
28,-29,wip2y7Bj20awprE9K97U2nlMmxg=,rPczZZwpdfISodSkNcOaCDAgGE4=
26,-19,wip2y7Bj20awprE9K97U2nlMmxg=,rPczZZwpdfISodSkNcOaCDAgGE4=
22,-20,wip2y7Bj20awprE9K97U2nlMmxg=,rPczZZwpdfISodSkNcOaCDAgGE4=
25,-20,wip2y7Bj20awprE9K97U2nlMmxg=,rPczZZwpdfISodSkNcOaCDAgGE4=
31,-30,wip2y7Bj20awprE9K97U2nlMmxg=,rPczZZwpdfISodSkNcOaCDAgGE4=
20,-20,wip2y7Bj20awprE9K97U2nlMmxg=,rPczZZwpdfISodSkNcOaCDAgGE4=
30,-30,wip2y7Bj20awprE9K97U2nlMmxg=,rPczZZwpdfISodSkNcOaCDAgGE4=
28,-30,wip2y7Bj20awprE9K97U2nlMmxg=,rPczZZwpdfISodSkNcOaCDAgGE4=
29,-30,wip2y7Bj20awprE9K97U2nlMmxg=,rPczZZwpdfISodSkNcOaCDAgGE4=
19,-29,wip2y7Bj20awprE9K97U2nlMmxg=,rPczZZwpdfISodSkNcOaCDAgGE4=
16,-32,wip2y7Bj20awprE9K97U2nlMmxg=,rPczZZwpdfISodSkNcOaCDAgGE4=
20,-32,wip2y7Bj20awprE9K97U2nlMmxg=,rPczZZwpdfISodSkNcOaCDAgGE4=
22,-29,wip2y7Bj20awprE9K97U2nlMmxg=,rPczZZwpdfISodSkNcOaCDAgGE4=
17,-29,wip2y7Bj20awprE9K97U2nlMmxg=,rPczZZwpdfISodSkNcOaCDAgGE4=
26,-32,wip2y7Bj20awprE9K97U2nlMmxg=,rPczZZwpdfISodSkNcOaCDAgGE4=
31,-31,wip2y7Bj20awprE9K97U2nlMmxg=,rPczZZwpdfISodSkNcOaCDAgGE4=
25,-32,wip2y7Bj20awprE9K97U2nlMmxg=,rPczZZwpdfISodSkNcOaCDAgGE4=
16,-29,wip2y7Bj20awprE9K97U2nlMmxg=,rPczZZwpdfISodSkNcOaCDAgGE4=
30,-31,wip2y7Bj20awprE9K97U2nlMmxg=,rPczZZwpdfISodSkNcOaCDAgGE4=
29,-31,wip2y7Bj20awprE9K97U2nlMmxg=,rPczZZwpdfISodSkNcOaCDAgGE4=
28,-31,wip2y7Bj20awprE9K97U2nlMmxg=,rPczZZwpdfISodSkNcOaCDAgGE4=
24,-29,wip2y7Bj20awprE9K97U2nlMmxg=,rPczZZwpdfISodSkNcOaCDAgGE4=
20,-29,wip2y7Bj20awprE9K97U2nlMmxg=,rPczZZwpdfISodSkNcOaCDAgGE4=
21,-20,wip2y7Bj20awprE9K97U2nlMmxg=,rPczZZwpdfISodSkNcOaCDAgGE4=
22,-32,wip2y7Bj20awprE9K97U2nlMmxg=,rPczZZwpdfISodSkNcOaCDAgGE4=
23,-32,wip2y7Bj20awprE9K97U2nlMmxg=,rPczZZwpdfISodSkNcOaCDAgGE4=
21,-29,wip2y7Bj20awprE9K97U2nlMmxg=,rPczZZwpdfISodSkNcOaCDAgGE4=
17,-30,wip2y7Bj20awprE9K97U2nlMmxg=,rPczZZwpdfISodSkNcOaCDAgGE4=
27,-32,wip2y7Bj20awprE9K97U2nlMmxg=,rPczZZwpdfISodSkNcOaCDAgGE4=
18,-30,wip2y7Bj20awprE9K97U2nlMmxg=,rPczZZwpdfISodSkNcOaCDAgGE4=
18,-29,wip2y7Bj20awprE9K97U2nlMmxg=,rPczZZwpdfISodSkNcOaCDAgGE4=
23,-29,wip2y7Bj20awprE9K97U2nlMmxg=,rPczZZwpdfISodSkNcOaCDAgGE4=
22,-30,wip2y7Bj20awprE9K97U2nlMmxg=,rPczZZwpdfISodSkNcOaCDAgGE4=
23,-30,wip2y7Bj20awprE9K97U2nlMmxg=,rPczZZwpdfISodSkNcOaCDAgGE4=
25,-29,wip2y7Bj20awprE9K97U2nlMmxg=,rPczZZwpdfISodSkNcOaCDAgGE4=
26,-30,wip2y7Bj20awprE9K97U2nlMmxg=,rPczZZwpdfISodSkNcOaCDAgGE4=
24,-30,wip2y7Bj20awprE9K97U2nlMmxg=,rPczZZwpdfISodSkNcOaCDAgGE4=
25,-30,wip2y7Bj20awprE9K97U2nlMmxg=,rPczZZwpdfISodSkNcOaCDAgGE4=
17,-32,wip2y7Bj20awprE9K97U2nlMmxg=,rPczZZwpdfISodSkNcOaCDAgGE4=
16,-30,wip2y7Bj20awprE9K97U2nlMmxg=,rPczZZwpdfISodSkNcOaCDAgGE4=
26,-29,wip2y7Bj20awprE9K97U2nlMmxg=,rPczZZwpdfISodSkNcOaCDAgGE4=
27,-29,wip2y7Bj20awprE9K97U2nlMmxg=,rPczZZwpdfISodSkNcOaCDAgGE4=
24,-32,wip2y7Bj20awprE9K97U2nlMmxg=,rPczZZwpdfISodSkNcOaCDAgGE4=
27,-31,wip2y7Bj20awprE9K97U2nlMmxg=,rPczZZwpdfISodSkNcOaCDAgGE4=
21,-30,wip2y7Bj20awprE9K97U2nlMmxg=,rPczZZwpdfISodSkNcOaCDAgGE4=
24,-31,wip2y7Bj20awprE9K97U2nlMmxg=,rPczZZwpdfISodSkNcOaCDAgGE4=
25,-31,wip2y7Bj20awprE9K97U2nlMmxg=,rPczZZwpdfISodSkNcOaCDAgGE4=
27,-30,wip2y7Bj20awprE9K97U2nlMmxg=,rPczZZwpdfISodSkNcOaCDAgGE4=
21,-32,wip2y7Bj20awprE9K97U2nlMmxg=,rPczZZwpdfISodSkNcOaCDAgGE4=
19,-32,wip2y7Bj20awprE9K97U2nlMmxg=,rPczZZwpdfISodSkNcOaCDAgGE4=
20,-30,wip2y7Bj20awprE9K97U2nlMmxg=,rPczZZwpdfISodSkNcOaCDAgGE4=
23,-31,wip2y7Bj20awprE9K97U2nlMmxg=,rPczZZwpdfISodSkNcOaCDAgGE4=
18,-32,wip2y7Bj20awprE9K97U2nlMmxg=,rPczZZwpdfISodSkNcOaCDAgGE4=
19,-31,wip2y7Bj20awprE9K97U2nlMmxg=,rPczZZwpdfISodSkNcOaCDAgGE4=
20,-31,wip2y7Bj20awprE9K97U2nlMmxg=,rPczZZwpdfISodSkNcOaCDAgGE4=
21,-31,wip2y7Bj20awprE9K97U2nlMmxg=,rPczZZwpdfISodSkNcOaCDAgGE4=
22,-31,wip2y7Bj20awprE9K97U2nlMmxg=,rPczZZwpdfISodSkNcOaCDAgGE4=
19,-30,wip2y7Bj20awprE9K97U2nlMmxg=,rPczZZwpdfISodSkNcOaCDAgGE4=
26,-31,wip2y7Bj20awprE9K97U2nlMmxg=,rPczZZwpdfISodSkNcOaCDAgGE4=
26,-20,wip2y7Bj20awprE9K97U2nlMmxg=,rPczZZwpdfISodSkNcOaCDAgGE4=
23,-20,wip2y7Bj20awprE9K97U2nlMmxg=,rPczZZwpdfISodSkNcOaCDAgGE4=
17,-31,wip2y7Bj20awprE9K97U2nlMmxg=,rPczZZwpdfISodSkNcOaCDAgGE4=
18,-31,wip2y7Bj20awprE9K97U2nlMmxg=,rPczZZwpdfISodSkNcOaCDAgGE4=
15,-16,gqxFZqe69mjWpMQzmlU7t+nzfRE=,rPczZZwpdfISodSkNcOaCDAgGE4=
15,-1,gqxFZqe69mjWpMQzmlU7t+nzfRE=,rPczZZwpdfISodSkNcOaCDAgGE4=
14,-1,gqxFZqe69mjWpMQzmlU7t+nzfRE=,rPczZZwpdfISodSkNcOaCDAgGE4=
12,-1,gqxFZqe69mjWpMQzmlU7t+nzfRE=,rPczZZwpdfISodSkNcOaCDAgGE4=
13,-1,gqxFZqe69mjWpMQzmlU7t+nzfRE=,rPczZZwpdfISodSkNcOaCDAgGE4=
11,-1,gqxFZqe69mjWpMQzmlU7t+nzfRE=,rPczZZwpdfISodSkNcOaCDAgGE4=
9,-1,gqxFZqe69mjWpMQzmlU7t+nzfRE=,rPczZZwpdfISodSkNcOaCDAgGE4=
10,-1,gqxFZqe69mjWpMQzmlU7t+nzfRE=,rPczZZwpdfISodSkNcOaCDAgGE4=
8,-1,gqxFZqe69mjWpMQzmlU7t+nzfRE=,rPczZZwpdfISodSkNcOaCDAgGE4=
3,-1,gqxFZqe69mjWpMQzmlU7t+nzfRE=,rPczZZwpdfISodSkNcOaCDAgGE4=
7,-1,gqxFZqe69mjWpMQzmlU7t+nzfRE=,rPczZZwpdfISodSkNcOaCDAgGE4=
12,-2,gqxFZqe69mjWpMQzmlU7t+nzfRE=,rPczZZwpdfISodSkNcOaCDAgGE4=
6,-1,gqxFZqe69mjWpMQzmlU7t+nzfRE=,rPczZZwpdfISodSkNcOaCDAgGE4=
4,-1,gqxFZqe69mjWpMQzmlU7t+nzfRE=,rPczZZwpdfISodSkNcOaCDAgGE4=
5,-1,gqxFZqe69mjWpMQzmlU7t+nzfRE=,rPczZZwpdfISodSkNcOaCDAgGE4=
2,-1,gqxFZqe69mjWpMQzmlU7t+nzfRE=,rPczZZwpdfISodSkNcOaCDAgGE4=
14,-16,gqxFZqe69mjWpMQzmlU7t+nzfRE=,rPczZZwpdfISodSkNcOaCDAgGE4=
8,-2,gqxFZqe69mjWpMQzmlU7t+nzfRE=,rPczZZwpdfISodSkNcOaCDAgGE4=
1,-1,gqxFZqe69mjWpMQzmlU7t+nzfRE=,rPczZZwpdfISodSkNcOaCDAgGE4=
11,-2,gqxFZqe69mjWpMQzmlU7t+nzfRE=,rPczZZwpdfISodSkNcOaCDAgGE4=
15,-2,gqxFZqe69mjWpMQzmlU7t+nzfRE=,rPczZZwpdfISodSkNcOaCDAgGE4=
4,-2,gqxFZqe69mjWpMQzmlU7t+nzfRE=,rPczZZwpdfISodSkNcOaCDAgGE4=
14,-2,gqxFZqe69mjWpMQzmlU7t+nzfRE=,rPczZZwpdfISodSkNcOaCDAgGE4=
0,-1,gqxFZqe69mjWpMQzmlU7t+nzfRE=,rPczZZwpdfISodSkNcOaCDAgGE4=
6,-2,gqxFZqe69mjWpMQzmlU7t+nzfRE=,rPczZZwpdfISodSkNcOaCDAgGE4=
13,-2,gqxFZqe69mjWpMQzmlU7t+nzfRE=,rPczZZwpdfISodSkNcOaCDAgGE4=
10,-2,gqxFZqe69mjWpMQzmlU7t+nzfRE=,rPczZZwpdfISodSkNcOaCDAgGE4=
0,-2,gqxFZqe69mjWpMQzmlU7t+nzfRE=,rPczZZwpdfISodSkNcOaCDAgGE4=
7,-2,gqxFZqe69mjWpMQzmlU7t+nzfRE=,rPczZZwpdfISodSkNcOaCDAgGE4=
10,-3,gqxFZqe69mjWpMQzmlU7t+nzfRE=,rPczZZwpdfISodSkNcOaCDAgGE4=
5,-2,gqxFZqe69mjWpMQzmlU7t+nzfRE=,rPczZZwpdfISodSkNcOaCDAgGE4=
13,-3,gqxFZqe69mjWpMQzmlU7t+nzfRE=,rPczZZwpdfISodSkNcOaCDAgGE4=
3,-2,gqxFZqe69mjWpMQzmlU7t+nzfRE=,rPczZZwpdfISodSkNcOaCDAgGE4=
11,-3,gqxFZqe69mjWpMQzmlU7t+nzfRE=,rPczZZwpdfISodSkNcOaCDAgGE4=
9,-3,gqxFZqe69mjWpMQzmlU7t+nzfRE=,rPczZZwpdfISodSkNcOaCDAgGE4=
9,-2,gqxFZqe69mjWpMQzmlU7t+nzfRE=,rPczZZwpdfISodSkNcOaCDAgGE4=
2,-2,gqxFZqe69mjWpMQzmlU7t+nzfRE=,rPczZZwpdfISodSkNcOaCDAgGE4=
1,-2,gqxFZqe69mjWpMQzmlU7t+nzfRE=,rPczZZwpdfISodSkNcOaCDAgGE4=
15,-3,gqxFZqe69mjWpMQzmlU7t+nzfRE=,rPczZZwpdfISodSkNcOaCDAgGE4=
5,-3,gqxFZqe69mjWpMQzmlU7t+nzfRE=,rPczZZwpdfISodSkNcOaCDAgGE4=
14,-3,gqxFZqe69mjWpMQzmlU7t+nzfRE=,rPczZZwpdfISodSkNcOaCDAgGE4=
12,-3,gqxFZqe69mjWpMQzmlU7t+nzfRE=,rPczZZwpdfISodSkNcOaCDAgGE4=
13,-16,gqxFZqe69mjWpMQzmlU7t+nzfRE=,rPczZZwpdfISodSkNcOaCDAgGE4=
8,-3,gqxFZqe69mjWpMQzmlU7t+nzfRE=,rPczZZwpdfISodSkNcOaCDAgGE4=
0,-3,gqxFZqe69mjWpMQzmlU7t+nzfRE=,rPczZZwpdfISodSkNcOaCDAgGE4=
2,-3,gqxFZqe69mjWpMQzmlU7t+nzfRE=,rPczZZwpdfISodSkNcOaCDAgGE4=
1,-3,gqxFZqe69mjWpMQzmlU7t+nzfRE=,rPczZZwpdfISodSkNcOaCDAgGE4=
6,-3,gqxFZqe69mjWpMQzmlU7t+nzfRE=,rPczZZwpdfISodSkNcOaCDAgGE4=
4,-3,gqxFZqe69mjWpMQzmlU7t+nzfRE=,rPczZZwpdfISodSkNcOaCDAgGE4=
3,-3,gqxFZqe69mjWpMQzmlU7t+nzfRE=,rPczZZwpdfISodSkNcOaCDAgGE4=
7,-3,gqxFZqe69mjWpMQzmlU7t+nzfRE=,rPczZZwpdfISodSkNcOaCDAgGE4=
15,-4,gqxFZqe69mjWpMQzmlU7t+nzfRE=,rPczZZwpdfISodSkNcOaCDAgGE4=
13,-4,gqxFZqe69mjWpMQzmlU7t+nzfRE=,rPczZZwpdfISodSkNcOaCDAgGE4=
12,-4,gqxFZqe69mjWpMQzmlU7t+nzfRE=,rPczZZwpdfISodSkNcOaCDAgGE4=
14,-4,gqxFZqe69mjWpMQzmlU7t+nzfRE=,rPczZZwpdfISodSkNcOaCDAgGE4=
12,-16,gqxFZqe69mjWpMQzmlU7t+nzfRE=,rPczZZwpdfISodSkNcOaCDAgGE4=
9,-4,gqxFZqe69mjWpMQzmlU7t+nzfRE=,rPczZZwpdfISodSkNcOaCDAgGE4=
4,-4,gqxFZqe69mjWpMQzmlU7t+nzfRE=,rPczZZwpdfISodSkNcOaCDAgGE4=
3,-4,gqxFZqe69mjWpMQzmlU7t+nzfRE=,rPczZZwpdfISodSkNcOaCDAgGE4=
14,-5,gqxFZqe69mjWpMQzmlU7t+nzfRE=,rPczZZwpdfISodSkNcOaCDAgGE4=
5,-4,gqxFZqe69mjWpMQzmlU7t+nzfRE=,rPczZZwpdfISodSkNcOaCDAgGE4=
15,-5,gqxFZqe69mjWpMQzmlU7t+nzfRE=,rPczZZwpdfISodSkNcOaCDAgGE4=
13,-5,gqxFZqe69mjWpMQzmlU7t+nzfRE=,rPczZZwpdfISodSkNcOaCDAgGE4=
10,-4,gqxFZqe69mjWpMQzmlU7t+nzfRE=,rPczZZwpdfISodSkNcOaCDAgGE4=
11,-4,gqxFZqe69mjWpMQzmlU7t+nzfRE=,rPczZZwpdfISodSkNcOaCDAgGE4=
8,-4,gqxFZqe69mjWpMQzmlU7t+nzfRE=,rPczZZwpdfISodSkNcOaCDAgGE4=
7,-4,gqxFZqe69mjWpMQzmlU7t+nzfRE=,rPczZZwpdfISodSkNcOaCDAgGE4=
1,-4,gqxFZqe69mjWpMQzmlU7t+nzfRE=,rPczZZwpdfISodSkNcOaCDAgGE4=
6,-4,gqxFZqe69mjWpMQzmlU7t+nzfRE=,rPczZZwpdfISodSkNcOaCDAgGE4=
0,-4,gqxFZqe69mjWpMQzmlU7t+nzfRE=,rPczZZwpdfISodSkNcOaCDAgGE4=
2,-4,gqxFZqe69mjWpMQzmlU7t+nzfRE=,rPczZZwpdfISodSkNcOaCDAgGE4=
12,-5,gqxFZqe69mjWpMQzmlU7t+nzfRE=,rPczZZwpdfISodSkNcOaCDAgGE4=
14,-6,gqxFZqe69mjWpMQzmlU7t+nzfRE=,rPczZZwpdfISodSkNcOaCDAgGE4=
15,-6,gqxFZqe69mjWpMQzmlU7t+nzfRE=,rPczZZwpdfISodSkNcOaCDAgGE4=
13,-6,gqxFZqe69mjWpMQzmlU7t+nzfRE=,rPczZZwpdfISodSkNcOaCDAgGE4=
9,-5,gqxFZqe69mjWpMQzmlU7t+nzfRE=,rPczZZwpdfISodSkNcOaCDAgGE4=
12,-6,gqxFZqe69mjWpMQzmlU7t+nzfRE=,rPczZZwpdfISodSkNcOaCDAgGE4=
8,-5,gqxFZqe69mjWpMQzmlU7t+nzfRE=,rPczZZwpdfISodSkNcOaCDAgGE4=
11,-5,gqxFZqe69mjWpMQzmlU7t+nzfRE=,rPczZZwpdfISodSkNcOaCDAgGE4=
10,-5,gqxFZqe69mjWpMQzmlU7t+nzfRE=,rPczZZwpdfISodSkNcOaCDAgGE4=
7,-5,gqxFZqe69mjWpMQzmlU7t+nzfRE=,rPczZZwpdfISodSkNcOaCDAgGE4=
8,-6,gqxFZqe69mjWpMQzmlU7t+nzfRE=,rPczZZwpdfISodSkNcOaCDAgGE4=
0,-16,gqxFZqe69mjWpMQzmlU7t+nzfRE=,rPczZZwpdfISodSkNcOaCDAgGE4=
2,-5,gqxFZqe69mjWpMQzmlU7t+nzfRE=,rPczZZwpdfISodSkNcOaCDAgGE4=
0,-5,gqxFZqe69mjWpMQzmlU7t+nzfRE=,rPczZZwpdfISodSkNcOaCDAgGE4=
1,-5,gqxFZqe69mjWpMQzmlU7t+nzfRE=,rPczZZwpdfISodSkNcOaCDAgGE4=
6,-5,gqxFZqe69mjWpMQzmlU7t+nzfRE=,rPczZZwpdfISodSkNcOaCDAgGE4=
14,-7,gqxFZqe69mjWpMQzmlU7t+nzfRE=,rPczZZwpdfISodSkNcOaCDAgGE4=
15,-7,gqxFZqe69mjWpMQzmlU7t+nzfRE=,rPczZZwpdfISodSkNcOaCDAgGE4=
13,-7,gqxFZqe69mjWpMQzmlU7t+nzfRE=,rPczZZwpdfISodSkNcOaCDAgGE4=
9,-6,gqxFZqe69mjWpMQzmlU7t+nzfRE=,rPczZZwpdfISodSkNcOaCDAgGE4=
12,-7,gqxFZqe69mjWpMQzmlU7t+nzfRE=,rPczZZwpdfISodSkNcOaCDAgGE4=
3,-5,gqxFZqe69mjWpMQzmlU7t+nzfRE=,rPczZZwpdfISodSkNcOaCDAgGE4=
6,-6,gqxFZqe69mjWpMQzmlU7t+nzfRE=,rPczZZwpdfISodSkNcOaCDAgGE4=
10,-16,gqxFZqe69mjWpMQzmlU7t+nzfRE=,rPczZZwpdfISodSkNcOaCDAgGE4=
5,-6,gqxFZqe69mjWpMQzmlU7t+nzfRE=,rPczZZwpdfISodSkNcOaCDAgGE4=
4,-6,gqxFZqe69mjWpMQzmlU7t+nzfRE=,rPczZZwpdfISodSkNcOaCDAgGE4=
4,-5,gqxFZqe69mjWpMQzmlU7t+nzfRE=,rPczZZwpdfISodSkNcOaCDAgGE4=
2,-6,gqxFZqe69mjWpMQzmlU7t+nzfRE=,rPczZZwpdfISodSkNcOaCDAgGE4=
11,-16,gqxFZqe69mjWpMQzmlU7t+nzfRE=,rPczZZwpdfISodSkNcOaCDAgGE4=
5,-5,gqxFZqe69mjWpMQzmlU7t+nzfRE=,rPczZZwpdfISodSkNcOaCDAgGE4=
3,-6,gqxFZqe69mjWpMQzmlU7t+nzfRE=,rPczZZwpdfISodSkNcOaCDAgGE4=
15,-8,gqxFZqe69mjWpMQzmlU7t+nzfRE=,rPczZZwpdfISodSkNcOaCDAgGE4=
14,-8,gqxFZqe69mjWpMQzmlU7t+nzfRE=,rPczZZwpdfISodSkNcOaCDAgGE4=
13,-8,gqxFZqe69mjWpMQzmlU7t+nzfRE=,rPczZZwpdfISodSkNcOaCDAgGE4=
0,-15,gqxFZqe69mjWpMQzmlU7t+nzfRE=,rPczZZwpdfISodSkNcOaCDAgGE4=
12,-8,gqxFZqe69mjWpMQzmlU7t+nzfRE=,rPczZZwpdfISodSkNcOaCDAgGE4=
11,-6,gqxFZqe69mjWpMQzmlU7t+nzfRE=,rPczZZwpdfISodSkNcOaCDAgGE4=
10,-7,gqxFZqe69mjWpMQzmlU7t+nzfRE=,rPczZZwpdfISodSkNcOaCDAgGE4=
10,-6,gqxFZqe69mjWpMQzmlU7t+nzfRE=,rPczZZwpdfISodSkNcOaCDAgGE4=
7,-6,gqxFZqe69mjWpMQzmlU7t+nzfRE=,rPczZZwpdfISodSkNcOaCDAgGE4=
2,-7,gqxFZqe69mjWpMQzmlU7t+nzfRE=,rPczZZwpdfISodSkNcOaCDAgGE4=
7,-7,gqxFZqe69mjWpMQzmlU7t+nzfRE=,rPczZZwpdfISodSkNcOaCDAgGE4=
7,-8,gqxFZqe69mjWpMQzmlU7t+nzfRE=,rPczZZwpdfISodSkNcOaCDAgGE4=
5,-7,gqxFZqe69mjWpMQzmlU7t+nzfRE=,rPczZZwpdfISodSkNcOaCDAgGE4=
8,-16,gqxFZqe69mjWpMQzmlU7t+nzfRE=,rPczZZwpdfISodSkNcOaCDAgGE4=
11,-8,gqxFZqe69mjWpMQzmlU7t+nzfRE=,rPczZZwpdfISodSkNcOaCDAgGE4=
1,-7,gqxFZqe69mjWpMQzmlU7t+nzfRE=,rPczZZwpdfISodSkNcOaCDAgGE4=
0,-6,gqxFZqe69mjWpMQzmlU7t+nzfRE=,rPczZZwpdfISodSkNcOaCDAgGE4=
15,-9,gqxFZqe69mjWpMQzmlU7t+nzfRE=,rPczZZwpdfISodSkNcOaCDAgGE4=
2,-8,gqxFZqe69mjWpMQzmlU7t+nzfRE=,rPczZZwpdfISodSkNcOaCDAgGE4=
13,-9,gqxFZqe69mjWpMQzmlU7t+nzfRE=,rPczZZwpdfISodSkNcOaCDAgGE4=
12,-9,gqxFZqe69mjWpMQzmlU7t+nzfRE=,rPczZZwpdfISodSkNcOaCDAgGE4=
9,-7,gqxFZqe69mjWpMQzmlU7t+nzfRE=,rPczZZwpdfISodSkNcOaCDAgGE4=
8,-7,gqxFZqe69mjWpMQzmlU7t+nzfRE=,rPczZZwpdfISodSkNcOaCDAgGE4=
9,-16,gqxFZqe69mjWpMQzmlU7t+nzfRE=,rPczZZwpdfISodSkNcOaCDAgGE4=
14,-9,gqxFZqe69mjWpMQzmlU7t+nzfRE=,rPczZZwpdfISodSkNcOaCDAgGE4=
4,-8,gqxFZqe69mjWpMQzmlU7t+nzfRE=,rPczZZwpdfISodSkNcOaCDAgGE4=
4,-7,gqxFZqe69mjWpMQzmlU7t+nzfRE=,rPczZZwpdfISodSkNcOaCDAgGE4=
11,-7,gqxFZqe69mjWpMQzmlU7t+nzfRE=,rPczZZwpdfISodSkNcOaCDAgGE4=
6,-7,gqxFZqe69mjWpMQzmlU7t+nzfRE=,rPczZZwpdfISodSkNcOaCDAgGE4=
3,-7,gqxFZqe69mjWpMQzmlU7t+nzfRE=,rPczZZwpdfISodSkNcOaCDAgGE4=
11,-9,gqxFZqe69mjWpMQzmlU7t+nzfRE=,rPczZZwpdfISodSkNcOaCDAgGE4=
10,-8,gqxFZqe69mjWpMQzmlU7t+nzfRE=,rPczZZwpdfISodSkNcOaCDAgGE4=
9,-8,gqxFZqe69mjWpMQzmlU7t+nzfRE=,rPczZZwpdfISodSkNcOaCDAgGE4=
15,-10,gqxFZqe69mjWpMQzmlU7t+nzfRE=,rPczZZwpdfISodSkNcOaCDAgGE4=
14,-10,gqxFZqe69mjWpMQzmlU7t+nzfRE=,rPczZZwpdfISodSkNcOaCDAgGE4=
1,-6,gqxFZqe69mjWpMQzmlU7t+nzfRE=,rPczZZwpdfISodSkNcOaCDAgGE4=
13,-10,gqxFZqe69mjWpMQzmlU7t+nzfRE=,rPczZZwpdfISodSkNcOaCDAgGE4=
0,-7,gqxFZqe69mjWpMQzmlU7t+nzfRE=,rPczZZwpdfISodSkNcOaCDAgGE4=
1,-8,gqxFZqe69mjWpMQzmlU7t+nzfRE=,rPczZZwpdfISodSkNcOaCDAgGE4=
8,-8,gqxFZqe69mjWpMQzmlU7t+nzfRE=,rPczZZwpdfISodSkNcOaCDAgGE4=
5,-8,gqxFZqe69mjWpMQzmlU7t+nzfRE=,rPczZZwpdfISodSkNcOaCDAgGE4=
9,-9,gqxFZqe69mjWpMQzmlU7t+nzfRE=,rPczZZwpdfISodSkNcOaCDAgGE4=
0,-8,gqxFZqe69mjWpMQzmlU7t+nzfRE=,rPczZZwpdfISodSkNcOaCDAgGE4=
7,-16,gqxFZqe69mjWpMQzmlU7t+nzfRE=,rPczZZwpdfISodSkNcOaCDAgGE4=
12,-10,gqxFZqe69mjWpMQzmlU7t+nzfRE=,rPczZZwpdfISodSkNcOaCDAgGE4=
2,-9,gqxFZqe69mjWpMQzmlU7t+nzfRE=,rPczZZwpdfISodSkNcOaCDAgGE4=
6,-8,gqxFZqe69mjWpMQzmlU7t+nzfRE=,rPczZZwpdfISodSkNcOaCDAgGE4=
1,-15,gqxFZqe69mjWpMQzmlU7t+nzfRE=,rPczZZwpdfISodSkNcOaCDAgGE4=
10,-9,gqxFZqe69mjWpMQzmlU7t+nzfRE=,rPczZZwpdfISodSkNcOaCDAgGE4=
0,-9,gqxFZqe69mjWpMQzmlU7t+nzfRE=,rPczZZwpdfISodSkNcOaCDAgGE4=
4,-9,gqxFZqe69mjWpMQzmlU7t+nzfRE=,rPczZZwpdfISodSkNcOaCDAgGE4=
15,-11,gqxFZqe69mjWpMQzmlU7t+nzfRE=,rPczZZwpdfISodSkNcOaCDAgGE4=
14,-11,gqxFZqe69mjWpMQzmlU7t+nzfRE=,rPczZZwpdfISodSkNcOaCDAgGE4=
7,-9,gqxFZqe69mjWpMQzmlU7t+nzfRE=,rPczZZwpdfISodSkNcOaCDAgGE4=
12,-11,gqxFZqe69mjWpMQzmlU7t+nzfRE=,rPczZZwpdfISodSkNcOaCDAgGE4=
5,-10,gqxFZqe69mjWpMQzmlU7t+nzfRE=,rPczZZwpdfISodSkNcOaCDAgGE4=
9,-10,gqxFZqe69mjWpMQzmlU7t+nzfRE=,rPczZZwpdfISodSkNcOaCDAgGE4=
8,-9,gqxFZqe69mjWpMQzmlU7t+nzfRE=,rPczZZwpdfISodSkNcOaCDAgGE4=
13,-11,gqxFZqe69mjWpMQzmlU7t+nzfRE=,rPczZZwpdfISodSkNcOaCDAgGE4=
3,-8,gqxFZqe69mjWpMQzmlU7t+nzfRE=,rPczZZwpdfISodSkNcOaCDAgGE4=
3,-10,gqxFZqe69mjWpMQzmlU7t+nzfRE=,rPczZZwpdfISodSkNcOaCDAgGE4=
4,-10,gqxFZqe69mjWpMQzmlU7t+nzfRE=,rPczZZwpdfISodSkNcOaCDAgGE4=
6,-9,gqxFZqe69mjWpMQzmlU7t+nzfRE=,rPczZZwpdfISodSkNcOaCDAgGE4=
5,-9,gqxFZqe69mjWpMQzmlU7t+nzfRE=,rPczZZwpdfISodSkNcOaCDAgGE4=
0,-10,gqxFZqe69mjWpMQzmlU7t+nzfRE=,rPczZZwpdfISodSkNcOaCDAgGE4=
10,-10,gqxFZqe69mjWpMQzmlU7t+nzfRE=,rPczZZwpdfISodSkNcOaCDAgGE4=
3,-9,gqxFZqe69mjWpMQzmlU7t+nzfRE=,rPczZZwpdfISodSkNcOaCDAgGE4=
6,-16,gqxFZqe69mjWpMQzmlU7t+nzfRE=,rPczZZwpdfISodSkNcOaCDAgGE4=
15,-12,gqxFZqe69mjWpMQzmlU7t+nzfRE=,rPczZZwpdfISodSkNcOaCDAgGE4=
14,-12,gqxFZqe69mjWpMQzmlU7t+nzfRE=,rPczZZwpdfISodSkNcOaCDAgGE4=
10,-11,gqxFZqe69mjWpMQzmlU7t+nzfRE=,rPczZZwpdfISodSkNcOaCDAgGE4=
13,-12,gqxFZqe69mjWpMQzmlU7t+nzfRE=,rPczZZwpdfISodSkNcOaCDAgGE4=
12,-12,gqxFZqe69mjWpMQzmlU7t+nzfRE=,rPczZZwpdfISodSkNcOaCDAgGE4=
9,-11,gqxFZqe69mjWpMQzmlU7t+nzfRE=,rPczZZwpdfISodSkNcOaCDAgGE4=
1,-9,gqxFZqe69mjWpMQzmlU7t+nzfRE=,rPczZZwpdfISodSkNcOaCDAgGE4=
11,-10,gqxFZqe69mjWpMQzmlU7t+nzfRE=,rPczZZwpdfISodSkNcOaCDAgGE4=
2,-10,gqxFZqe69mjWpMQzmlU7t+nzfRE=,rPczZZwpdfISodSkNcOaCDAgGE4=
8,-10,gqxFZqe69mjWpMQzmlU7t+nzfRE=,rPczZZwpdfISodSkNcOaCDAgGE4=
8,-11,gqxFZqe69mjWpMQzmlU7t+nzfRE=,rPczZZwpdfISodSkNcOaCDAgGE4=
6,-10,gqxFZqe69mjWpMQzmlU7t+nzfRE=,rPczZZwpdfISodSkNcOaCDAgGE4=
5,-11,gqxFZqe69mjWpMQzmlU7t+nzfRE=,rPczZZwpdfISodSkNcOaCDAgGE4=
7,-10,gqxFZqe69mjWpMQzmlU7t+nzfRE=,rPczZZwpdfISodSkNcOaCDAgGE4=
1,-11,gqxFZqe69mjWpMQzmlU7t+nzfRE=,rPczZZwpdfISodSkNcOaCDAgGE4=
4,-11,gqxFZqe69mjWpMQzmlU7t+nzfRE=,rPczZZwpdfISodSkNcOaCDAgGE4=
2,-15,gqxFZqe69mjWpMQzmlU7t+nzfRE=,rPczZZwpdfISodSkNcOaCDAgGE4=
5,-16,gqxFZqe69mjWpMQzmlU7t+nzfRE=,rPczZZwpdfISodSkNcOaCDAgGE4=
14,-13,gqxFZqe69mjWpMQzmlU7t+nzfRE=,rPczZZwpdfISodSkNcOaCDAgGE4=
13,-13,gqxFZqe69mjWpMQzmlU7t+nzfRE=,rPczZZwpdfISodSkNcOaCDAgGE4=
15,-13,gqxFZqe69mjWpMQzmlU7t+nzfRE=,rPczZZwpdfISodSkNcOaCDAgGE4=
11,-11,gqxFZqe69mjWpMQzmlU7t+nzfRE=,rPczZZwpdfISodSkNcOaCDAgGE4=
2,-11,gqxFZqe69mjWpMQzmlU7t+nzfRE=,rPczZZwpdfISodSkNcOaCDAgGE4=
12,-13,gqxFZqe69mjWpMQzmlU7t+nzfRE=,rPczZZwpdfISodSkNcOaCDAgGE4=
10,-12,gqxFZqe69mjWpMQzmlU7t+nzfRE=,rPczZZwpdfISodSkNcOaCDAgGE4=
8,-12,gqxFZqe69mjWpMQzmlU7t+nzfRE=,rPczZZwpdfISodSkNcOaCDAgGE4=
3,-16,gqxFZqe69mjWpMQzmlU7t+nzfRE=,rPczZZwpdfISodSkNcOaCDAgGE4=
7,-11,gqxFZqe69mjWpMQzmlU7t+nzfRE=,rPczZZwpdfISodSkNcOaCDAgGE4=
1,-10,gqxFZqe69mjWpMQzmlU7t+nzfRE=,rPczZZwpdfISodSkNcOaCDAgGE4=
3,-11,gqxFZqe69mjWpMQzmlU7t+nzfRE=,rPczZZwpdfISodSkNcOaCDAgGE4=
2,-12,gqxFZqe69mjWpMQzmlU7t+nzfRE=,rPczZZwpdfISodSkNcOaCDAgGE4=
3,-12,gqxFZqe69mjWpMQzmlU7t+nzfRE=,rPczZZwpdfISodSkNcOaCDAgGE4=
9,-12,gqxFZqe69mjWpMQzmlU7t+nzfRE=,rPczZZwpdfISodSkNcOaCDAgGE4=
0,-12,gqxFZqe69mjWpMQzmlU7t+nzfRE=,rPczZZwpdfISodSkNcOaCDAgGE4=
6,-13,gqxFZqe69mjWpMQzmlU7t+nzfRE=,rPczZZwpdfISodSkNcOaCDAgGE4=
15,-14,gqxFZqe69mjWpMQzmlU7t+nzfRE=,rPczZZwpdfISodSkNcOaCDAgGE4=
14,-14,gqxFZqe69mjWpMQzmlU7t+nzfRE=,rPczZZwpdfISodSkNcOaCDAgGE4=
7,-12,gqxFZqe69mjWpMQzmlU7t+nzfRE=,rPczZZwpdfISodSkNcOaCDAgGE4=
13,-14,gqxFZqe69mjWpMQzmlU7t+nzfRE=,rPczZZwpdfISodSkNcOaCDAgGE4=
6,-11,gqxFZqe69mjWpMQzmlU7t+nzfRE=,rPczZZwpdfISodSkNcOaCDAgGE4=
12,-14,gqxFZqe69mjWpMQzmlU7t+nzfRE=,rPczZZwpdfISodSkNcOaCDAgGE4=
4,-16,gqxFZqe69mjWpMQzmlU7t+nzfRE=,rPczZZwpdfISodSkNcOaCDAgGE4=
0,-11,gqxFZqe69mjWpMQzmlU7t+nzfRE=,rPczZZwpdfISodSkNcOaCDAgGE4=
8,-13,gqxFZqe69mjWpMQzmlU7t+nzfRE=,rPczZZwpdfISodSkNcOaCDAgGE4=
11,-12,gqxFZqe69mjWpMQzmlU7t+nzfRE=,rPczZZwpdfISodSkNcOaCDAgGE4=
3,-15,gqxFZqe69mjWpMQzmlU7t+nzfRE=,rPczZZwpdfISodSkNcOaCDAgGE4=
7,-13,gqxFZqe69mjWpMQzmlU7t+nzfRE=,rPczZZwpdfISodSkNcOaCDAgGE4=
6,-12,gqxFZqe69mjWpMQzmlU7t+nzfRE=,rPczZZwpdfISodSkNcOaCDAgGE4=
5,-12,gqxFZqe69mjWpMQzmlU7t+nzfRE=,rPczZZwpdfISodSkNcOaCDAgGE4=
10,-14,gqxFZqe69mjWpMQzmlU7t+nzfRE=,rPczZZwpdfISodSkNcOaCDAgGE4=
1,-12,gqxFZqe69mjWpMQzmlU7t+nzfRE=,rPczZZwpdfISodSkNcOaCDAgGE4=
1,-13,gqxFZqe69mjWpMQzmlU7t+nzfRE=,rPczZZwpdfISodSkNcOaCDAgGE4=
4,-12,gqxFZqe69mjWpMQzmlU7t+nzfRE=,rPczZZwpdfISodSkNcOaCDAgGE4=
15,-15,gqxFZqe69mjWpMQzmlU7t+nzfRE=,rPczZZwpdfISodSkNcOaCDAgGE4=
2,-13,gqxFZqe69mjWpMQzmlU7t+nzfRE=,rPczZZwpdfISodSkNcOaCDAgGE4=
14,-15,gqxFZqe69mjWpMQzmlU7t+nzfRE=,rPczZZwpdfISodSkNcOaCDAgGE4=
13,-15,gqxFZqe69mjWpMQzmlU7t+nzfRE=,rPczZZwpdfISodSkNcOaCDAgGE4=
0,-13,gqxFZqe69mjWpMQzmlU7t+nzfRE=,rPczZZwpdfISodSkNcOaCDAgGE4=
10,-13,gqxFZqe69mjWpMQzmlU7t+nzfRE=,rPczZZwpdfISodSkNcOaCDAgGE4=
12,-15,gqxFZqe69mjWpMQzmlU7t+nzfRE=,rPczZZwpdfISodSkNcOaCDAgGE4=
9,-14,gqxFZqe69mjWpMQzmlU7t+nzfRE=,rPczZZwpdfISodSkNcOaCDAgGE4=
9,-13,gqxFZqe69mjWpMQzmlU7t+nzfRE=,rPczZZwpdfISodSkNcOaCDAgGE4=
11,-13,gqxFZqe69mjWpMQzmlU7t+nzfRE=,rPczZZwpdfISodSkNcOaCDAgGE4=
5,-13,gqxFZqe69mjWpMQzmlU7t+nzfRE=,rPczZZwpdfISodSkNcOaCDAgGE4=
4,-13,gqxFZqe69mjWpMQzmlU7t+nzfRE=,rPczZZwpdfISodSkNcOaCDAgGE4=
1,-14,gqxFZqe69mjWpMQzmlU7t+nzfRE=,rPczZZwpdfISodSkNcOaCDAgGE4=
2,-16,gqxFZqe69mjWpMQzmlU7t+nzfRE=,rPczZZwpdfISodSkNcOaCDAgGE4=
6,-14,gqxFZqe69mjWpMQzmlU7t+nzfRE=,rPczZZwpdfISodSkNcOaCDAgGE4=
4,-14,gqxFZqe69mjWpMQzmlU7t+nzfRE=,rPczZZwpdfISodSkNcOaCDAgGE4=
0,-14,gqxFZqe69mjWpMQzmlU7t+nzfRE=,rPczZZwpdfISodSkNcOaCDAgGE4=
11,-14,gqxFZqe69mjWpMQzmlU7t+nzfRE=,rPczZZwpdfISodSkNcOaCDAgGE4=
8,-14,gqxFZqe69mjWpMQzmlU7t+nzfRE=,rPczZZwpdfISodSkNcOaCDAgGE4=
10,-15,gqxFZqe69mjWpMQzmlU7t+nzfRE=,rPczZZwpdfISodSkNcOaCDAgGE4=
4,-15,gqxFZqe69mjWpMQzmlU7t+nzfRE=,rPczZZwpdfISodSkNcOaCDAgGE4=
11,-15,gqxFZqe69mjWpMQzmlU7t+nzfRE=,rPczZZwpdfISodSkNcOaCDAgGE4=
7,-15,gqxFZqe69mjWpMQzmlU7t+nzfRE=,rPczZZwpdfISodSkNcOaCDAgGE4=
2,-14,gqxFZqe69mjWpMQzmlU7t+nzfRE=,rPczZZwpdfISodSkNcOaCDAgGE4=
5,-14,gqxFZqe69mjWpMQzmlU7t+nzfRE=,rPczZZwpdfISodSkNcOaCDAgGE4=
3,-13,gqxFZqe69mjWpMQzmlU7t+nzfRE=,rPczZZwpdfISodSkNcOaCDAgGE4=
7,-14,gqxFZqe69mjWpMQzmlU7t+nzfRE=,rPczZZwpdfISodSkNcOaCDAgGE4=
6,-15,gqxFZqe69mjWpMQzmlU7t+nzfRE=,rPczZZwpdfISodSkNcOaCDAgGE4=
3,-14,gqxFZqe69mjWpMQzmlU7t+nzfRE=,rPczZZwpdfISodSkNcOaCDAgGE4=
9,-15,gqxFZqe69mjWpMQzmlU7t+nzfRE=,rPczZZwpdfISodSkNcOaCDAgGE4=
1,-16,gqxFZqe69mjWpMQzmlU7t+nzfRE=,rPczZZwpdfISodSkNcOaCDAgGE4=
5,-15,gqxFZqe69mjWpMQzmlU7t+nzfRE=,rPczZZwpdfISodSkNcOaCDAgGE4=
8,-15,gqxFZqe69mjWpMQzmlU7t+nzfRE=,rPczZZwpdfISodSkNcOaCDAgGE4=
31,-1,cPYmSkxaAl7aByATG3ztJeWkGB0=,rPczZZwpdfISodSkNcOaCDAgGE4=
29,-16,cPYmSkxaAl7aByATG3ztJeWkGB0=,rPczZZwpdfISodSkNcOaCDAgGE4=
31,-16,cPYmSkxaAl7aByATG3ztJeWkGB0=,rPczZZwpdfISodSkNcOaCDAgGE4=
16,-15,cPYmSkxaAl7aByATG3ztJeWkGB0=,rPczZZwpdfISodSkNcOaCDAgGE4=
30,-1,cPYmSkxaAl7aByATG3ztJeWkGB0=,rPczZZwpdfISodSkNcOaCDAgGE4=
30,-16,cPYmSkxaAl7aByATG3ztJeWkGB0=,rPczZZwpdfISodSkNcOaCDAgGE4=
28,-16,cPYmSkxaAl7aByATG3ztJeWkGB0=,rPczZZwpdfISodSkNcOaCDAgGE4=
17,-15,cPYmSkxaAl7aByATG3ztJeWkGB0=,rPczZZwpdfISodSkNcOaCDAgGE4=
19,-16,cPYmSkxaAl7aByATG3ztJeWkGB0=,rPczZZwpdfISodSkNcOaCDAgGE4=
17,-16,cPYmSkxaAl7aByATG3ztJeWkGB0=,rPczZZwpdfISodSkNcOaCDAgGE4=
27,-1,cPYmSkxaAl7aByATG3ztJeWkGB0=,rPczZZwpdfISodSkNcOaCDAgGE4=
23,-1,cPYmSkxaAl7aByATG3ztJeWkGB0=,rPczZZwpdfISodSkNcOaCDAgGE4=
16,-16,cPYmSkxaAl7aByATG3ztJeWkGB0=,rPczZZwpdfISodSkNcOaCDAgGE4=
29,-1,cPYmSkxaAl7aByATG3ztJeWkGB0=,rPczZZwpdfISodSkNcOaCDAgGE4=
18,-15,cPYmSkxaAl7aByATG3ztJeWkGB0=,rPczZZwpdfISodSkNcOaCDAgGE4=
22,-1,cPYmSkxaAl7aByATG3ztJeWkGB0=,rPczZZwpdfISodSkNcOaCDAgGE4=
26,-1,cPYmSkxaAl7aByATG3ztJeWkGB0=,rPczZZwpdfISodSkNcOaCDAgGE4=
18,-16,cPYmSkxaAl7aByATG3ztJeWkGB0=,rPczZZwpdfISodSkNcOaCDAgGE4=
20,-1,cPYmSkxaAl7aByATG3ztJeWkGB0=,rPczZZwpdfISodSkNcOaCDAgGE4=
24,-1,cPYmSkxaAl7aByATG3ztJeWkGB0=,rPczZZwpdfISodSkNcOaCDAgGE4=
28,-1,cPYmSkxaAl7aByATG3ztJeWkGB0=,rPczZZwpdfISodSkNcOaCDAgGE4=
21,-1,cPYmSkxaAl7aByATG3ztJeWkGB0=,rPczZZwpdfISodSkNcOaCDAgGE4=
31,-2,cPYmSkxaAl7aByATG3ztJeWkGB0=,rPczZZwpdfISodSkNcOaCDAgGE4=
18,-1,cPYmSkxaAl7aByATG3ztJeWkGB0=,rPczZZwpdfISodSkNcOaCDAgGE4=
16,-1,cPYmSkxaAl7aByATG3ztJeWkGB0=,rPczZZwpdfISodSkNcOaCDAgGE4=
26,-2,cPYmSkxaAl7aByATG3ztJeWkGB0=,rPczZZwpdfISodSkNcOaCDAgGE4=
30,-2,cPYmSkxaAl7aByATG3ztJeWkGB0=,rPczZZwpdfISodSkNcOaCDAgGE4=
17,-1,cPYmSkxaAl7aByATG3ztJeWkGB0=,rPczZZwpdfISodSkNcOaCDAgGE4=
29,-2,cPYmSkxaAl7aByATG3ztJeWkGB0=,rPczZZwpdfISodSkNcOaCDAgGE4=
24,-2,cPYmSkxaAl7aByATG3ztJeWkGB0=,rPczZZwpdfISodSkNcOaCDAgGE4=
22,-2,cPYmSkxaAl7aByATG3ztJeWkGB0=,rPczZZwpdfISodSkNcOaCDAgGE4=
20,-2,cPYmSkxaAl7aByATG3ztJeWkGB0=,rPczZZwpdfISodSkNcOaCDAgGE4=
25,-2,cPYmSkxaAl7aByATG3ztJeWkGB0=,rPczZZwpdfISodSkNcOaCDAgGE4=
17,-2,cPYmSkxaAl7aByATG3ztJeWkGB0=,rPczZZwpdfISodSkNcOaCDAgGE4=
30,-3,cPYmSkxaAl7aByATG3ztJeWkGB0=,rPczZZwpdfISodSkNcOaCDAgGE4=
31,-3,cPYmSkxaAl7aByATG3ztJeWkGB0=,rPczZZwpdfISodSkNcOaCDAgGE4=
19,-2,cPYmSkxaAl7aByATG3ztJeWkGB0=,rPczZZwpdfISodSkNcOaCDAgGE4=
23,-2,cPYmSkxaAl7aByATG3ztJeWkGB0=,rPczZZwpdfISodSkNcOaCDAgGE4=
29,-3,cPYmSkxaAl7aByATG3ztJeWkGB0=,rPczZZwpdfISodSkNcOaCDAgGE4=
26,-3,cPYmSkxaAl7aByATG3ztJeWkGB0=,rPczZZwpdfISodSkNcOaCDAgGE4=
28,-2,cPYmSkxaAl7aByATG3ztJeWkGB0=,rPczZZwpdfISodSkNcOaCDAgGE4=
28,-3,cPYmSkxaAl7aByATG3ztJeWkGB0=,rPczZZwpdfISodSkNcOaCDAgGE4=
27,-2,cPYmSkxaAl7aByATG3ztJeWkGB0=,rPczZZwpdfISodSkNcOaCDAgGE4=
24,-3,cPYmSkxaAl7aByATG3ztJeWkGB0=,rPczZZwpdfISodSkNcOaCDAgGE4=
22,-3,cPYmSkxaAl7aByATG3ztJeWkGB0=,rPczZZwpdfISodSkNcOaCDAgGE4=
21,-2,cPYmSkxaAl7aByATG3ztJeWkGB0=,rPczZZwpdfISodSkNcOaCDAgGE4=
20,-3,cPYmSkxaAl7aByATG3ztJeWkGB0=,rPczZZwpdfISodSkNcOaCDAgGE4=
25,-3,cPYmSkxaAl7aByATG3ztJeWkGB0=,rPczZZwpdfISodSkNcOaCDAgGE4=
19,-15,cPYmSkxaAl7aByATG3ztJeWkGB0=,rPczZZwpdfISodSkNcOaCDAgGE4=
27,-3,cPYmSkxaAl7aByATG3ztJeWkGB0=,rPczZZwpdfISodSkNcOaCDAgGE4=
18,-3,cPYmSkxaAl7aByATG3ztJeWkGB0=,rPczZZwpdfISodSkNcOaCDAgGE4=
16,-3,cPYmSkxaAl7aByATG3ztJeWkGB0=,rPczZZwpdfISodSkNcOaCDAgGE4=
23,-3,cPYmSkxaAl7aByATG3ztJeWkGB0=,rPczZZwpdfISodSkNcOaCDAgGE4=
21,-3,cPYmSkxaAl7aByATG3ztJeWkGB0=,rPczZZwpdfISodSkNcOaCDAgGE4=
17,-3,cPYmSkxaAl7aByATG3ztJeWkGB0=,rPczZZwpdfISodSkNcOaCDAgGE4=
27,-4,cPYmSkxaAl7aByATG3ztJeWkGB0=,rPczZZwpdfISodSkNcOaCDAgGE4=
26,-4,cPYmSkxaAl7aByATG3ztJeWkGB0=,rPczZZwpdfISodSkNcOaCDAgGE4=
18,-2,cPYmSkxaAl7aByATG3ztJeWkGB0=,rPczZZwpdfISodSkNcOaCDAgGE4=
25,-4,cPYmSkxaAl7aByATG3ztJeWkGB0=,rPczZZwpdfISodSkNcOaCDAgGE4=
21,-4,cPYmSkxaAl7aByATG3ztJeWkGB0=,rPczZZwpdfISodSkNcOaCDAgGE4=
22,-4,cPYmSkxaAl7aByATG3ztJeWkGB0=,rPczZZwpdfISodSkNcOaCDAgGE4=
19,-3,cPYmSkxaAl7aByATG3ztJeWkGB0=,rPczZZwpdfISodSkNcOaCDAgGE4=
20,-4,cPYmSkxaAl7aByATG3ztJeWkGB0=,rPczZZwpdfISodSkNcOaCDAgGE4=
24,-4,cPYmSkxaAl7aByATG3ztJeWkGB0=,rPczZZwpdfISodSkNcOaCDAgGE4=
23,-4,cPYmSkxaAl7aByATG3ztJeWkGB0=,rPczZZwpdfISodSkNcOaCDAgGE4=
19,-4,cPYmSkxaAl7aByATG3ztJeWkGB0=,rPczZZwpdfISodSkNcOaCDAgGE4=
17,-4,cPYmSkxaAl7aByATG3ztJeWkGB0=,rPczZZwpdfISodSkNcOaCDAgGE4=
24,-5,cPYmSkxaAl7aByATG3ztJeWkGB0=,rPczZZwpdfISodSkNcOaCDAgGE4=
25,-5,cPYmSkxaAl7aByATG3ztJeWkGB0=,rPczZZwpdfISodSkNcOaCDAgGE4=
31,-5,cPYmSkxaAl7aByATG3ztJeWkGB0=,rPczZZwpdfISodSkNcOaCDAgGE4=
26,-5,cPYmSkxaAl7aByATG3ztJeWkGB0=,rPczZZwpdfISodSkNcOaCDAgGE4=
28,-5,cPYmSkxaAl7aByATG3ztJeWkGB0=,rPczZZwpdfISodSkNcOaCDAgGE4=
27,-5,cPYmSkxaAl7aByATG3ztJeWkGB0=,rPczZZwpdfISodSkNcOaCDAgGE4=
18,-4,cPYmSkxaAl7aByATG3ztJeWkGB0=,rPczZZwpdfISodSkNcOaCDAgGE4=
29,-5,cPYmSkxaAl7aByATG3ztJeWkGB0=,rPczZZwpdfISodSkNcOaCDAgGE4=
23,-5,cPYmSkxaAl7aByATG3ztJeWkGB0=,rPczZZwpdfISodSkNcOaCDAgGE4=
22,-5,cPYmSkxaAl7aByATG3ztJeWkGB0=,rPczZZwpdfISodSkNcOaCDAgGE4=
20,-5,cPYmSkxaAl7aByATG3ztJeWkGB0=,rPczZZwpdfISodSkNcOaCDAgGE4=
17,-5,cPYmSkxaAl7aByATG3ztJeWkGB0=,rPczZZwpdfISodSkNcOaCDAgGE4=
18,-5,cPYmSkxaAl7aByATG3ztJeWkGB0=,rPczZZwpdfISodSkNcOaCDAgGE4=
29,-4,cPYmSkxaAl7aByATG3ztJeWkGB0=,rPczZZwpdfISodSkNcOaCDAgGE4=
19,-5,cPYmSkxaAl7aByATG3ztJeWkGB0=,rPczZZwpdfISodSkNcOaCDAgGE4=
30,-6,cPYmSkxaAl7aByATG3ztJeWkGB0=,rPczZZwpdfISodSkNcOaCDAgGE4=
31,-6,cPYmSkxaAl7aByATG3ztJeWkGB0=,rPczZZwpdfISodSkNcOaCDAgGE4=
21,-5,cPYmSkxaAl7aByATG3ztJeWkGB0=,rPczZZwpdfISodSkNcOaCDAgGE4=
26,-6,cPYmSkxaAl7aByATG3ztJeWkGB0=,rPczZZwpdfISodSkNcOaCDAgGE4=
23,-6,cPYmSkxaAl7aByATG3ztJeWkGB0=,rPczZZwpdfISodSkNcOaCDAgGE4=
24,-6,cPYmSkxaAl7aByATG3ztJeWkGB0=,rPczZZwpdfISodSkNcOaCDAgGE4=
25,-6,cPYmSkxaAl7aByATG3ztJeWkGB0=,rPczZZwpdfISodSkNcOaCDAgGE4=
16,-5,cPYmSkxaAl7aByATG3ztJeWkGB0=,rPczZZwpdfISodSkNcOaCDAgGE4=
28,-6,cPYmSkxaAl7aByATG3ztJeWkGB0=,rPczZZwpdfISodSkNcOaCDAgGE4=
27,-6,cPYmSkxaAl7aByATG3ztJeWkGB0=,rPczZZwpdfISodSkNcOaCDAgGE4=
19,-6,cPYmSkxaAl7aByATG3ztJeWkGB0=,rPczZZwpdfISodSkNcOaCDAgGE4=
18,-6,cPYmSkxaAl7aByATG3ztJeWkGB0=,rPczZZwpdfISodSkNcOaCDAgGE4=
20,-6,cPYmSkxaAl7aByATG3ztJeWkGB0=,rPczZZwpdfISodSkNcOaCDAgGE4=
29,-6,cPYmSkxaAl7aByATG3ztJeWkGB0=,rPczZZwpdfISodSkNcOaCDAgGE4=
16,-6,cPYmSkxaAl7aByATG3ztJeWkGB0=,rPczZZwpdfISodSkNcOaCDAgGE4=
31,-7,cPYmSkxaAl7aByATG3ztJeWkGB0=,rPczZZwpdfISodSkNcOaCDAgGE4=
22,-6,cPYmSkxaAl7aByATG3ztJeWkGB0=,rPczZZwpdfISodSkNcOaCDAgGE4=
21,-6,cPYmSkxaAl7aByATG3ztJeWkGB0=,rPczZZwpdfISodSkNcOaCDAgGE4=
30,-7,cPYmSkxaAl7aByATG3ztJeWkGB0=,rPczZZwpdfISodSkNcOaCDAgGE4=
27,-7,cPYmSkxaAl7aByATG3ztJeWkGB0=,rPczZZwpdfISodSkNcOaCDAgGE4=
17,-6,cPYmSkxaAl7aByATG3ztJeWkGB0=,rPczZZwpdfISodSkNcOaCDAgGE4=
26,-7,cPYmSkxaAl7aByATG3ztJeWkGB0=,rPczZZwpdfISodSkNcOaCDAgGE4=
23,-7,cPYmSkxaAl7aByATG3ztJeWkGB0=,rPczZZwpdfISodSkNcOaCDAgGE4=
29,-7,cPYmSkxaAl7aByATG3ztJeWkGB0=,rPczZZwpdfISodSkNcOaCDAgGE4=
28,-7,cPYmSkxaAl7aByATG3ztJeWkGB0=,rPczZZwpdfISodSkNcOaCDAgGE4=
21,-7,cPYmSkxaAl7aByATG3ztJeWkGB0=,rPczZZwpdfISodSkNcOaCDAgGE4=
24,-7,cPYmSkxaAl7aByATG3ztJeWkGB0=,rPczZZwpdfISodSkNcOaCDAgGE4=
20,-7,cPYmSkxaAl7aByATG3ztJeWkGB0=,rPczZZwpdfISodSkNcOaCDAgGE4=
25,-7,cPYmSkxaAl7aByATG3ztJeWkGB0=,rPczZZwpdfISodSkNcOaCDAgGE4=
19,-7,cPYmSkxaAl7aByATG3ztJeWkGB0=,rPczZZwpdfISodSkNcOaCDAgGE4=
22,-7,cPYmSkxaAl7aByATG3ztJeWkGB0=,rPczZZwpdfISodSkNcOaCDAgGE4=
31,-8,cPYmSkxaAl7aByATG3ztJeWkGB0=,rPczZZwpdfISodSkNcOaCDAgGE4=
18,-7,cPYmSkxaAl7aByATG3ztJeWkGB0=,rPczZZwpdfISodSkNcOaCDAgGE4=
30,-8,cPYmSkxaAl7aByATG3ztJeWkGB0=,rPczZZwpdfISodSkNcOaCDAgGE4=
16,-7,cPYmSkxaAl7aByATG3ztJeWkGB0=,rPczZZwpdfISodSkNcOaCDAgGE4=
31,-4,cPYmSkxaAl7aByATG3ztJeWkGB0=,rPczZZwpdfISodSkNcOaCDAgGE4=
26,-8,cPYmSkxaAl7aByATG3ztJeWkGB0=,rPczZZwpdfISodSkNcOaCDAgGE4=
17,-7,cPYmSkxaAl7aByATG3ztJeWkGB0=,rPczZZwpdfISodSkNcOaCDAgGE4=
29,-8,cPYmSkxaAl7aByATG3ztJeWkGB0=,rPczZZwpdfISodSkNcOaCDAgGE4=
28,-4,cPYmSkxaAl7aByATG3ztJeWkGB0=,rPczZZwpdfISodSkNcOaCDAgGE4=
27,-8,cPYmSkxaAl7aByATG3ztJeWkGB0=,rPczZZwpdfISodSkNcOaCDAgGE4=
21,-8,cPYmSkxaAl7aByATG3ztJeWkGB0=,rPczZZwpdfISodSkNcOaCDAgGE4=
30,-4,cPYmSkxaAl7aByATG3ztJeWkGB0=,rPczZZwpdfISodSkNcOaCDAgGE4=
17,-8,cPYmSkxaAl7aByATG3ztJeWkGB0=,rPczZZwpdfISodSkNcOaCDAgGE4=
28,-8,cPYmSkxaAl7aByATG3ztJeWkGB0=,rPczZZwpdfISodSkNcOaCDAgGE4=
22,-8,cPYmSkxaAl7aByATG3ztJeWkGB0=,rPczZZwpdfISodSkNcOaCDAgGE4=
20,-8,cPYmSkxaAl7aByATG3ztJeWkGB0=,rPczZZwpdfISodSkNcOaCDAgGE4=
19,-8,cPYmSkxaAl7aByATG3ztJeWkGB0=,rPczZZwpdfISodSkNcOaCDAgGE4=
24,-8,cPYmSkxaAl7aByATG3ztJeWkGB0=,rPczZZwpdfISodSkNcOaCDAgGE4=
23,-8,cPYmSkxaAl7aByATG3ztJeWkGB0=,rPczZZwpdfISodSkNcOaCDAgGE4=
25,-8,cPYmSkxaAl7aByATG3ztJeWkGB0=,rPczZZwpdfISodSkNcOaCDAgGE4=
27,-9,cPYmSkxaAl7aByATG3ztJeWkGB0=,rPczZZwpdfISodSkNcOaCDAgGE4=
25,-9,cPYmSkxaAl7aByATG3ztJeWkGB0=,rPczZZwpdfISodSkNcOaCDAgGE4=
18,-8,cPYmSkxaAl7aByATG3ztJeWkGB0=,rPczZZwpdfISodSkNcOaCDAgGE4=
16,-8,cPYmSkxaAl7aByATG3ztJeWkGB0=,rPczZZwpdfISodSkNcOaCDAgGE4=
24,-9,cPYmSkxaAl7aByATG3ztJeWkGB0=,rPczZZwpdfISodSkNcOaCDAgGE4=
23,-9,cPYmSkxaAl7aByATG3ztJeWkGB0=,rPczZZwpdfISodSkNcOaCDAgGE4=
30,-9,cPYmSkxaAl7aByATG3ztJeWkGB0=,rPczZZwpdfISodSkNcOaCDAgGE4=
29,-9,cPYmSkxaAl7aByATG3ztJeWkGB0=,rPczZZwpdfISodSkNcOaCDAgGE4=
22,-9,cPYmSkxaAl7aByATG3ztJeWkGB0=,rPczZZwpdfISodSkNcOaCDAgGE4=
28,-9,cPYmSkxaAl7aByATG3ztJeWkGB0=,rPczZZwpdfISodSkNcOaCDAgGE4=
26,-9,cPYmSkxaAl7aByATG3ztJeWkGB0=,rPczZZwpdfISodSkNcOaCDAgGE4=
16,-9,cPYmSkxaAl7aByATG3ztJeWkGB0=,rPczZZwpdfISodSkNcOaCDAgGE4=
18,-9,cPYmSkxaAl7aByATG3ztJeWkGB0=,rPczZZwpdfISodSkNcOaCDAgGE4=
19,-9,cPYmSkxaAl7aByATG3ztJeWkGB0=,rPczZZwpdfISodSkNcOaCDAgGE4=
17,-9,cPYmSkxaAl7aByATG3ztJeWkGB0=,rPczZZwpdfISodSkNcOaCDAgGE4=
31,-9,cPYmSkxaAl7aByATG3ztJeWkGB0=,rPczZZwpdfISodSkNcOaCDAgGE4=
20,-9,cPYmSkxaAl7aByATG3ztJeWkGB0=,rPczZZwpdfISodSkNcOaCDAgGE4=
21,-9,cPYmSkxaAl7aByATG3ztJeWkGB0=,rPczZZwpdfISodSkNcOaCDAgGE4=
29,-10,cPYmSkxaAl7aByATG3ztJeWkGB0=,rPczZZwpdfISodSkNcOaCDAgGE4=
23,-10,cPYmSkxaAl7aByATG3ztJeWkGB0=,rPczZZwpdfISodSkNcOaCDAgGE4=
22,-10,cPYmSkxaAl7aByATG3ztJeWkGB0=,rPczZZwpdfISodSkNcOaCDAgGE4=
26,-10,cPYmSkxaAl7aByATG3ztJeWkGB0=,rPczZZwpdfISodSkNcOaCDAgGE4=
28,-10,cPYmSkxaAl7aByATG3ztJeWkGB0=,rPczZZwpdfISodSkNcOaCDAgGE4=
21,-10,cPYmSkxaAl7aByATG3ztJeWkGB0=,rPczZZwpdfISodSkNcOaCDAgGE4=
30,-10,cPYmSkxaAl7aByATG3ztJeWkGB0=,rPczZZwpdfISodSkNcOaCDAgGE4=
24,-10,cPYmSkxaAl7aByATG3ztJeWkGB0=,rPczZZwpdfISodSkNcOaCDAgGE4=
27,-10,cPYmSkxaAl7aByATG3ztJeWkGB0=,rPczZZwpdfISodSkNcOaCDAgGE4=
25,-10,cPYmSkxaAl7aByATG3ztJeWkGB0=,rPczZZwpdfISodSkNcOaCDAgGE4=
18,-10,cPYmSkxaAl7aByATG3ztJeWkGB0=,rPczZZwpdfISodSkNcOaCDAgGE4=
16,-10,cPYmSkxaAl7aByATG3ztJeWkGB0=,rPczZZwpdfISodSkNcOaCDAgGE4=
29,-11,cPYmSkxaAl7aByATG3ztJeWkGB0=,rPczZZwpdfISodSkNcOaCDAgGE4=
26,-11,cPYmSkxaAl7aByATG3ztJeWkGB0=,rPczZZwpdfISodSkNcOaCDAgGE4=
20,-10,cPYmSkxaAl7aByATG3ztJeWkGB0=,rPczZZwpdfISodSkNcOaCDAgGE4=
19,-10,cPYmSkxaAl7aByATG3ztJeWkGB0=,rPczZZwpdfISodSkNcOaCDAgGE4=
17,-10,cPYmSkxaAl7aByATG3ztJeWkGB0=,rPczZZwpdfISodSkNcOaCDAgGE4=
30,-11,cPYmSkxaAl7aByATG3ztJeWkGB0=,rPczZZwpdfISodSkNcOaCDAgGE4=
31,-11,cPYmSkxaAl7aByATG3ztJeWkGB0=,rPczZZwpdfISodSkNcOaCDAgGE4=
31,-10,cPYmSkxaAl7aByATG3ztJeWkGB0=,rPczZZwpdfISodSkNcOaCDAgGE4=
20,-11,cPYmSkxaAl7aByATG3ztJeWkGB0=,rPczZZwpdfISodSkNcOaCDAgGE4=
27,-11,cPYmSkxaAl7aByATG3ztJeWkGB0=,rPczZZwpdfISodSkNcOaCDAgGE4=
28,-11,cPYmSkxaAl7aByATG3ztJeWkGB0=,rPczZZwpdfISodSkNcOaCDAgGE4=
18,-11,cPYmSkxaAl7aByATG3ztJeWkGB0=,rPczZZwpdfISodSkNcOaCDAgGE4=
23,-11,cPYmSkxaAl7aByATG3ztJeWkGB0=,rPczZZwpdfISodSkNcOaCDAgGE4=
25,-11,cPYmSkxaAl7aByATG3ztJeWkGB0=,rPczZZwpdfISodSkNcOaCDAgGE4=
24,-11,cPYmSkxaAl7aByATG3ztJeWkGB0=,rPczZZwpdfISodSkNcOaCDAgGE4=
29,-12,cPYmSkxaAl7aByATG3ztJeWkGB0=,rPczZZwpdfISodSkNcOaCDAgGE4=
28,-12,cPYmSkxaAl7aByATG3ztJeWkGB0=,rPczZZwpdfISodSkNcOaCDAgGE4=
19,-11,cPYmSkxaAl7aByATG3ztJeWkGB0=,rPczZZwpdfISodSkNcOaCDAgGE4=
17,-11,cPYmSkxaAl7aByATG3ztJeWkGB0=,rPczZZwpdfISodSkNcOaCDAgGE4=
30,-12,cPYmSkxaAl7aByATG3ztJeWkGB0=,rPczZZwpdfISodSkNcOaCDAgGE4=
16,-11,cPYmSkxaAl7aByATG3ztJeWkGB0=,rPczZZwpdfISodSkNcOaCDAgGE4=
31,-12,cPYmSkxaAl7aByATG3ztJeWkGB0=,rPczZZwpdfISodSkNcOaCDAgGE4=
21,-11,cPYmSkxaAl7aByATG3ztJeWkGB0=,rPczZZwpdfISodSkNcOaCDAgGE4=
18,-12,cPYmSkxaAl7aByATG3ztJeWkGB0=,rPczZZwpdfISodSkNcOaCDAgGE4=
22,-11,cPYmSkxaAl7aByATG3ztJeWkGB0=,rPczZZwpdfISodSkNcOaCDAgGE4=
30,-13,cPYmSkxaAl7aByATG3ztJeWkGB0=,rPczZZwpdfISodSkNcOaCDAgGE4=
17,-12,cPYmSkxaAl7aByATG3ztJeWkGB0=,rPczZZwpdfISodSkNcOaCDAgGE4=
24,-12,cPYmSkxaAl7aByATG3ztJeWkGB0=,rPczZZwpdfISodSkNcOaCDAgGE4=
25,-12,cPYmSkxaAl7aByATG3ztJeWkGB0=,rPczZZwpdfISodSkNcOaCDAgGE4=
31,-13,cPYmSkxaAl7aByATG3ztJeWkGB0=,rPczZZwpdfISodSkNcOaCDAgGE4=
19,-12,cPYmSkxaAl7aByATG3ztJeWkGB0=,rPczZZwpdfISodSkNcOaCDAgGE4=
19,-1,cPYmSkxaAl7aByATG3ztJeWkGB0=,rPczZZwpdfISodSkNcOaCDAgGE4=
16,-12,cPYmSkxaAl7aByATG3ztJeWkGB0=,rPczZZwpdfISodSkNcOaCDAgGE4=
25,-1,cPYmSkxaAl7aByATG3ztJeWkGB0=,rPczZZwpdfISodSkNcOaCDAgGE4=
23,-12,cPYmSkxaAl7aByATG3ztJeWkGB0=,rPczZZwpdfISodSkNcOaCDAgGE4=
28,-13,cPYmSkxaAl7aByATG3ztJeWkGB0=,rPczZZwpdfISodSkNcOaCDAgGE4=
16,-13,cPYmSkxaAl7aByATG3ztJeWkGB0=,rPczZZwpdfISodSkNcOaCDAgGE4=
17,-13,cPYmSkxaAl7aByATG3ztJeWkGB0=,rPczZZwpdfISodSkNcOaCDAgGE4=
30,-14,cPYmSkxaAl7aByATG3ztJeWkGB0=,rPczZZwpdfISodSkNcOaCDAgGE4=
29,-14,cPYmSkxaAl7aByATG3ztJeWkGB0=,rPczZZwpdfISodSkNcOaCDAgGE4=
20,-12,cPYmSkxaAl7aByATG3ztJeWkGB0=,rPczZZwpdfISodSkNcOaCDAgGE4=
19,-13,cPYmSkxaAl7aByATG3ztJeWkGB0=,rPczZZwpdfISodSkNcOaCDAgGE4=
31,-14,cPYmSkxaAl7aByATG3ztJeWkGB0=,rPczZZwpdfISodSkNcOaCDAgGE4=
22,-12,cPYmSkxaAl7aByATG3ztJeWkGB0=,rPczZZwpdfISodSkNcOaCDAgGE4=
27,-16,cPYmSkxaAl7aByATG3ztJeWkGB0=,rPczZZwpdfISodSkNcOaCDAgGE4=
18,-13,cPYmSkxaAl7aByATG3ztJeWkGB0=,rPczZZwpdfISodSkNcOaCDAgGE4=
28,-14,cPYmSkxaAl7aByATG3ztJeWkGB0=,rPczZZwpdfISodSkNcOaCDAgGE4=
18,-14,cPYmSkxaAl7aByATG3ztJeWkGB0=,rPczZZwpdfISodSkNcOaCDAgGE4=
19,-14,cPYmSkxaAl7aByATG3ztJeWkGB0=,rPczZZwpdfISodSkNcOaCDAgGE4=
17,-14,cPYmSkxaAl7aByATG3ztJeWkGB0=,rPczZZwpdfISodSkNcOaCDAgGE4=
31,-15,cPYmSkxaAl7aByATG3ztJeWkGB0=,rPczZZwpdfISodSkNcOaCDAgGE4=
16,-14,cPYmSkxaAl7aByATG3ztJeWkGB0=,rPczZZwpdfISodSkNcOaCDAgGE4=
24,-16,cPYmSkxaAl7aByATG3ztJeWkGB0=,rPczZZwpdfISodSkNcOaCDAgGE4=
30,-15,cPYmSkxaAl7aByATG3ztJeWkGB0=,rPczZZwpdfISodSkNcOaCDAgGE4=
28,-15,cPYmSkxaAl7aByATG3ztJeWkGB0=,rPczZZwpdfISodSkNcOaCDAgGE4=
29,-15,cPYmSkxaAl7aByATG3ztJeWkGB0=,rPczZZwpdfISodSkNcOaCDAgGE4=
20,-15,cPYmSkxaAl7aByATG3ztJeWkGB0=,rPczZZwpdfISodSkNcOaCDAgGE4=
23,-16,cPYmSkxaAl7aByATG3ztJeWkGB0=,rPczZZwpdfISodSkNcOaCDAgGE4=
24,-13,cPYmSkxaAl7aByATG3ztJeWkGB0=,rPczZZwpdfISodSkNcOaCDAgGE4=
22,-16,cPYmSkxaAl7aByATG3ztJeWkGB0=,rPczZZwpdfISodSkNcOaCDAgGE4=
22,-13,cPYmSkxaAl7aByATG3ztJeWkGB0=,rPczZZwpdfISodSkNcOaCDAgGE4=
23,-13,cPYmSkxaAl7aByATG3ztJeWkGB0=,rPczZZwpdfISodSkNcOaCDAgGE4=
21,-14,cPYmSkxaAl7aByATG3ztJeWkGB0=,rPczZZwpdfISodSkNcOaCDAgGE4=
26,-16,cPYmSkxaAl7aByATG3ztJeWkGB0=,rPczZZwpdfISodSkNcOaCDAgGE4=
16,-2,cPYmSkxaAl7aByATG3ztJeWkGB0=,rPczZZwpdfISodSkNcOaCDAgGE4=
20,-16,cPYmSkxaAl7aByATG3ztJeWkGB0=,rPczZZwpdfISodSkNcOaCDAgGE4=
20,-13,cPYmSkxaAl7aByATG3ztJeWkGB0=,rPczZZwpdfISodSkNcOaCDAgGE4=
16,-4,cPYmSkxaAl7aByATG3ztJeWkGB0=,rPczZZwpdfISodSkNcOaCDAgGE4=
20,-14,cPYmSkxaAl7aByATG3ztJeWkGB0=,rPczZZwpdfISodSkNcOaCDAgGE4=
29,-13,cPYmSkxaAl7aByATG3ztJeWkGB0=,rPczZZwpdfISodSkNcOaCDAgGE4=
30,-5,cPYmSkxaAl7aByATG3ztJeWkGB0=,rPczZZwpdfISodSkNcOaCDAgGE4=
21,-16,cPYmSkxaAl7aByATG3ztJeWkGB0=,rPczZZwpdfISodSkNcOaCDAgGE4=
27,-12,cPYmSkxaAl7aByATG3ztJeWkGB0=,rPczZZwpdfISodSkNcOaCDAgGE4=
25,-16,cPYmSkxaAl7aByATG3ztJeWkGB0=,rPczZZwpdfISodSkNcOaCDAgGE4=
21,-12,cPYmSkxaAl7aByATG3ztJeWkGB0=,rPczZZwpdfISodSkNcOaCDAgGE4=
21,-13,cPYmSkxaAl7aByATG3ztJeWkGB0=,rPczZZwpdfISodSkNcOaCDAgGE4=
26,-14,cPYmSkxaAl7aByATG3ztJeWkGB0=,rPczZZwpdfISodSkNcOaCDAgGE4=
26,-12,cPYmSkxaAl7aByATG3ztJeWkGB0=,rPczZZwpdfISodSkNcOaCDAgGE4=
22,-14,cPYmSkxaAl7aByATG3ztJeWkGB0=,rPczZZwpdfISodSkNcOaCDAgGE4=
27,-15,cPYmSkxaAl7aByATG3ztJeWkGB0=,rPczZZwpdfISodSkNcOaCDAgGE4=
27,-14,cPYmSkxaAl7aByATG3ztJeWkGB0=,rPczZZwpdfISodSkNcOaCDAgGE4=
25,-13,cPYmSkxaAl7aByATG3ztJeWkGB0=,rPczZZwpdfISodSkNcOaCDAgGE4=
26,-13,cPYmSkxaAl7aByATG3ztJeWkGB0=,rPczZZwpdfISodSkNcOaCDAgGE4=
22,-15,cPYmSkxaAl7aByATG3ztJeWkGB0=,rPczZZwpdfISodSkNcOaCDAgGE4=
21,-15,cPYmSkxaAl7aByATG3ztJeWkGB0=,rPczZZwpdfISodSkNcOaCDAgGE4=
25,-15,cPYmSkxaAl7aByATG3ztJeWkGB0=,rPczZZwpdfISodSkNcOaCDAgGE4=
24,-15,cPYmSkxaAl7aByATG3ztJeWkGB0=,rPczZZwpdfISodSkNcOaCDAgGE4=
23,-15,cPYmSkxaAl7aByATG3ztJeWkGB0=,rPczZZwpdfISodSkNcOaCDAgGE4=
25,-14,cPYmSkxaAl7aByATG3ztJeWkGB0=,rPczZZwpdfISodSkNcOaCDAgGE4=
26,-15,cPYmSkxaAl7aByATG3ztJeWkGB0=,rPczZZwpdfISodSkNcOaCDAgGE4=
23,-14,cPYmSkxaAl7aByATG3ztJeWkGB0=,rPczZZwpdfISodSkNcOaCDAgGE4=
24,-14,cPYmSkxaAl7aByATG3ztJeWkGB0=,rPczZZwpdfISodSkNcOaCDAgGE4=
27,-13,cPYmSkxaAl7aByATG3ztJeWkGB0=,rPczZZwpdfISodSkNcOaCDAgGE4=
