32,32,P+/vwSb9vdYE93YxLCLl5yYlyxo=,kjWWKBOqnXQEojzptdVnnoQIdL8=
46,33,P+/vwSb9vdYE93YxLCLl5yYlyxo=,kjWWKBOqnXQEojzptdVnnoQIdL8=
47,32,P+/vwSb9vdYE93YxLCLl5yYlyxo=,kjWWKBOqnXQEojzptdVnnoQIdL8=
45,47,P+/vwSb9vdYE93YxLCLl5yYlyxo=,kjWWKBOqnXQEojzptdVnnoQIdL8=
47,47,P+/vwSb9vdYE93YxLCLl5yYlyxo=,kjWWKBOqnXQEojzptdVnnoQIdL8=
44,47,P+/vwSb9vdYE93YxLCLl5yYlyxo=,kjWWKBOqnXQEojzptdVnnoQIdL8=
46,47,P+/vwSb9vdYE93YxLCLl5yYlyxo=,kjWWKBOqnXQEojzptdVnnoQIdL8=
43,47,P+/vwSb9vdYE93YxLCLl5yYlyxo=,kjWWKBOqnXQEojzptdVnnoQIdL8=
42,47,P+/vwSb9vdYE93YxLCLl5yYlyxo=,kjWWKBOqnXQEojzptdVnnoQIdL8=
40,47,P+/vwSb9vdYE93YxLCLl5yYlyxo=,kjWWKBOqnXQEojzptdVnnoQIdL8=
41,47,P+/vwSb9vdYE93YxLCLl5yYlyxo=,kjWWKBOqnXQEojzptdVnnoQIdL8=
38,47,P+/vwSb9vdYE93YxLCLl5yYlyxo=,kjWWKBOqnXQEojzptdVnnoQIdL8=
36,47,P+/vwSb9vdYE93YxLCLl5yYlyxo=,kjWWKBOqnXQEojzptdVnnoQIdL8=
37,47,P+/vwSb9vdYE93YxLCLl5yYlyxo=,kjWWKBOqnXQEojzptdVnnoQIdL8=
35,47,P+/vwSb9vdYE93YxLCLl5yYlyxo=,kjWWKBOqnXQEojzptdVnnoQIdL8=
34,47,P+/vwSb9vdYE93YxLCLl5yYlyxo=,kjWWKBOqnXQEojzptdVnnoQIdL8=
46,32,P+/vwSb9vdYE93YxLCLl5yYlyxo=,kjWWKBOqnXQEojzptdVnnoQIdL8=
45,32,P+/vwSb9vdYE93YxLCLl5yYlyxo=,kjWWKBOqnXQEojzptdVnnoQIdL8=
44,32,P+/vwSb9vdYE93YxLCLl5yYlyxo=,kjWWKBOqnXQEojzptdVnnoQIdL8=
39,47,P+/vwSb9vdYE93YxLCLl5yYlyxo=,kjWWKBOqnXQEojzptdVnnoQIdL8=
33,47,P+/vwSb9vdYE93YxLCLl5yYlyxo=,kjWWKBOqnXQEojzptdVnnoQIdL8=
42,32,P+/vwSb9vdYE93YxLCLl5yYlyxo=,kjWWKBOqnXQEojzptdVnnoQIdL8=
40,32,P+/vwSb9vdYE93YxLCLl5yYlyxo=,kjWWKBOqnXQEojzptdVnnoQIdL8=
41,32,P+/vwSb9vdYE93YxLCLl5yYlyxo=,kjWWKBOqnXQEojzptdVnnoQIdL8=
39,32,P+/vwSb9vdYE93YxLCLl5yYlyxo=,kjWWKBOqnXQEojzptdVnnoQIdL8=
38,32,P+/vwSb9vdYE93YxLCLl5yYlyxo=,kjWWKBOqnXQEojzptdVnnoQIdL8=
43,32,P+/vwSb9vdYE93YxLCLl5yYlyxo=,kjWWKBOqnXQEojzptdVnnoQIdL8=
37,32,P+/vwSb9vdYE93YxLCLl5yYlyxo=,kjWWKBOqnXQEojzptdVnnoQIdL8=
35,32,P+/vwSb9vdYE93YxLCLl5yYlyxo=,kjWWKBOqnXQEojzptdVnnoQIdL8=
36,32,P+/vwSb9vdYE93YxLCLl5yYlyxo=,kjWWKBOqnXQEojzptdVnnoQIdL8=
34,32,P+/vwSb9vdYE93YxLCLl5yYlyxo=,kjWWKBOqnXQEojzptdVnnoQIdL8=
45,33,P+/vwSb9vdYE93YxLCLl5yYlyxo=,kjWWKBOqnXQEojzptdVnnoQIdL8=
32,47,P+/vwSb9vdYE93YxLCLl5yYlyxo=,kjWWKBOqnXQEojzptdVnnoQIdL8=
33,32,P+/vwSb9vdYE93YxLCLl5yYlyxo=,kjWWKBOqnXQEojzptdVnnoQIdL8=
46,46,P+/vwSb9vdYE93YxLCLl5yYlyxo=,kjWWKBOqnXQEojzptdVnnoQIdL8=
47,46,P+/vwSb9vdYE93YxLCLl5yYlyxo=,kjWWKBOqnXQEojzptdVnnoQIdL8=
44,46,P+/vwSb9vdYE93YxLCLl5yYlyxo=,kjWWKBOqnXQEojzptdVnnoQIdL8=
42,46,P+/vwSb9vdYE93YxLCLl5yYlyxo=,kjWWKBOqnXQEojzptdVnnoQIdL8=
45,46,P+/vwSb9vdYE93YxLCLl5yYlyxo=,kjWWKBOqnXQEojzptdVnnoQIdL8=
43,46,P+/vwSb9vdYE93YxLCLl5yYlyxo=,kjWWKBOqnXQEojzptdVnnoQIdL8=
40,46,P+/vwSb9vdYE93YxLCLl5yYlyxo=,kjWWKBOqnXQEojzptdVnnoQIdL8=
39,46,P+/vwSb9vdYE93YxLCLl5yYlyxo=,kjWWKBOqnXQEojzptdVnnoQIdL8=
41,46,P+/vwSb9vdYE93YxLCLl5yYlyxo=,kjWWKBOqnXQEojzptdVnnoQIdL8=
37,46,P+/vwSb9vdYE93YxLCLl5yYlyxo=,kjWWKBOqnXQEojzptdVnnoQIdL8=
38,46,P+/vwSb9vdYE93YxLCLl5yYlyxo=,kjWWKBOqnXQEojzptdVnnoQIdL8=
44,33,P+/vwSb9vdYE93YxLCLl5yYlyxo=,kjWWKBOqnXQEojzptdVnnoQIdL8=
35,46,P+/vwSb9vdYE93YxLCLl5yYlyxo=,kjWWKBOqnXQEojzptdVnnoQIdL8=
36,46,P+/vwSb9vdYE93YxLCLl5yYlyxo=,kjWWKBOqnXQEojzptdVnnoQIdL8=
33,46,P+/vwSb9vdYE93YxLCLl5yYlyxo=,kjWWKBOqnXQEojzptdVnnoQIdL8=
34,46,P+/vwSb9vdYE93YxLCLl5yYlyxo=,kjWWKBOqnXQEojzptdVnnoQIdL8=
32,46,P+/vwSb9vdYE93YxLCLl5yYlyxo=,kjWWKBOqnXQEojzptdVnnoQIdL8=
46,45,P+/vwSb9vdYE93YxLCLl5yYlyxo=,kjWWKBOqnXQEojzptdVnnoQIdL8=
47,45,P+/vwSb9vdYE93YxLCLl5yYlyxo=,kjWWKBOqnXQEojzptdVnnoQIdL8=
45,45,P+/vwSb9vdYE93YxLCLl5yYlyxo=,kjWWKBOqnXQEojzptdVnnoQIdL8=
43,45,P+/vwSb9vdYE93YxLCLl5yYlyxo=,kjWWKBOqnXQEojzptdVnnoQIdL8=
44,45,P+/vwSb9vdYE93YxLCLl5yYlyxo=,kjWWKBOqnXQEojzptdVnnoQIdL8=
40,45,P+/vwSb9vdYE93YxLCLl5yYlyxo=,kjWWKBOqnXQEojzptdVnnoQIdL8=
42,45,P+/vwSb9vdYE93YxLCLl5yYlyxo=,kjWWKBOqnXQEojzptdVnnoQIdL8=
36,45,P+/vwSb9vdYE93YxLCLl5yYlyxo=,kjWWKBOqnXQEojzptdVnnoQIdL8=
41,45,P+/vwSb9vdYE93YxLCLl5yYlyxo=,kjWWKBOqnXQEojzptdVnnoQIdL8=
35,45,P+/vwSb9vdYE93YxLCLl5yYlyxo=,kjWWKBOqnXQEojzptdVnnoQIdL8=
39,45,P+/vwSb9vdYE93YxLCLl5yYlyxo=,kjWWKBOqnXQEojzptdVnnoQIdL8=
37,45,P+/vwSb9vdYE93YxLCLl5yYlyxo=,kjWWKBOqnXQEojzptdVnnoQIdL8=
34,45,P+/vwSb9vdYE93YxLCLl5yYlyxo=,kjWWKBOqnXQEojzptdVnnoQIdL8=
43,33,P+/vwSb9vdYE93YxLCLl5yYlyxo=,kjWWKBOqnXQEojzptdVnnoQIdL8=
38,45,P+/vwSb9vdYE93YxLCLl5yYlyxo=,kjWWKBOqnXQEojzptdVnnoQIdL8=
47,33,P+/vwSb9vdYE93YxLCLl5yYlyxo=,kjWWKBOqnXQEojzptdVnnoQIdL8=
47,44,P+/vwSb9vdYE93YxLCLl5yYlyxo=,kjWWKBOqnXQEojzptdVnnoQIdL8=
46,44,P+/vwSb9vdYE93YxLCLl5yYlyxo=,kjWWKBOqnXQEojzptdVnnoQIdL8=
43,44,P+/vwSb9vdYE93YxLCLl5yYlyxo=,kjWWKBOqnXQEojzptdVnnoQIdL8=
41,44,P+/vwSb9vdYE93YxLCLl5yYlyxo=,kjWWKBOqnXQEojzptdVnnoQIdL8=
33,45,P+/vwSb9vdYE93YxLCLl5yYlyxo=,kjWWKBOqnXQEojzptdVnnoQIdL8=
45,44,P+/vwSb9vdYE93YxLCLl5yYlyxo=,kjWWKBOqnXQEojzptdVnnoQIdL8=
32,45,P+/vwSb9vdYE93YxLCLl5yYlyxo=,kjWWKBOqnXQEojzptdVnnoQIdL8=
44,44,P+/vwSb9vdYE93YxLCLl5yYlyxo=,kjWWKBOqnXQEojzptdVnnoQIdL8=
42,44,P+/vwSb9vdYE93YxLCLl5yYlyxo=,kjWWKBOqnXQEojzptdVnnoQIdL8=
32,34,P+/vwSb9vdYE93YxLCLl5yYlyxo=,kjWWKBOqnXQEojzptdVnnoQIdL8=
37,44,P+/vwSb9vdYE93YxLCLl5yYlyxo=,kjWWKBOqnXQEojzptdVnnoQIdL8=
42,33,P+/vwSb9vdYE93YxLCLl5yYlyxo=,kjWWKBOqnXQEojzptdVnnoQIdL8=
36,44,P+/vwSb9vdYE93YxLCLl5yYlyxo=,kjWWKBOqnXQEojzptdVnnoQIdL8=
39,44,P+/vwSb9vdYE93YxLCLl5yYlyxo=,kjWWKBOqnXQEojzptdVnnoQIdL8=
38,44,P+/vwSb9vdYE93YxLCLl5yYlyxo=,kjWWKBOqnXQEojzptdVnnoQIdL8=
40,44,P+/vwSb9vdYE93YxLCLl5yYlyxo=,kjWWKBOqnXQEojzptdVnnoQIdL8=
35,44,P+/vwSb9vdYE93YxLCLl5yYlyxo=,kjWWKBOqnXQEojzptdVnnoQIdL8=
33,34,P+/vwSb9vdYE93YxLCLl5yYlyxo=,kjWWKBOqnXQEojzptdVnnoQIdL8=
46,43,P+/vwSb9vdYE93YxLCLl5yYlyxo=,kjWWKBOqnXQEojzptdVnnoQIdL8=
33,44,P+/vwSb9vdYE93YxLCLl5yYlyxo=,kjWWKBOqnXQEojzptdVnnoQIdL8=
47,43,P+/vwSb9vdYE93YxLCLl5yYlyxo=,kjWWKBOqnXQEojzptdVnnoQIdL8=
34,44,P+/vwSb9vdYE93YxLCLl5yYlyxo=,kjWWKBOqnXQEojzptdVnnoQIdL8=
41,43,P+/vwSb9vdYE93YxLCLl5yYlyxo=,kjWWKBOqnXQEojzptdVnnoQIdL8=
34,34,P+/vwSb9vdYE93YxLCLl5yYlyxo=,kjWWKBOqnXQEojzptdVnnoQIdL8=
43,43,P+/vwSb9vdYE93YxLCLl5yYlyxo=,kjWWKBOqnXQEojzptdVnnoQIdL8=
40,43,P+/vwSb9vdYE93YxLCLl5yYlyxo=,kjWWKBOqnXQEojzptdVnnoQIdL8=
42,43,P+/vwSb9vdYE93YxLCLl5yYlyxo=,kjWWKBOqnXQEojzptdVnnoQIdL8=
39,43,P+/vwSb9vdYE93YxLCLl5yYlyxo=,kjWWKBOqnXQEojzptdVnnoQIdL8=
45,43,P+/vwSb9vdYE93YxLCLl5yYlyxo=,kjWWKBOqnXQEojzptdVnnoQIdL8=
37,43,P+/vwSb9vdYE93YxLCLl5yYlyxo=,kjWWKBOqnXQEojzptdVnnoQIdL8=
44,43,P+/vwSb9vdYE93YxLCLl5yYlyxo=,kjWWKBOqnXQEojzptdVnnoQIdL8=
35,34,P+/vwSb9vdYE93YxLCLl5yYlyxo=,kjWWKBOqnXQEojzptdVnnoQIdL8=
34,43,P+/vwSb9vdYE93YxLCLl5yYlyxo=,kjWWKBOqnXQEojzptdVnnoQIdL8=
47,42,P+/vwSb9vdYE93YxLCLl5yYlyxo=,kjWWKBOqnXQEojzptdVnnoQIdL8=
36,43,P+/vwSb9vdYE93YxLCLl5yYlyxo=,kjWWKBOqnXQEojzptdVnnoQIdL8=
33,43,P+/vwSb9vdYE93YxLCLl5yYlyxo=,kjWWKBOqnXQEojzptdVnnoQIdL8=
41,33,P+/vwSb9vdYE93YxLCLl5yYlyxo=,kjWWKBOqnXQEojzptdVnnoQIdL8=
38,43,P+/vwSb9vdYE93YxLCLl5yYlyxo=,kjWWKBOqnXQEojzptdVnnoQIdL8=
45,42,P+/vwSb9vdYE93YxLCLl5yYlyxo=,kjWWKBOqnXQEojzptdVnnoQIdL8=
36,34,P+/vwSb9vdYE93YxLCLl5yYlyxo=,kjWWKBOqnXQEojzptdVnnoQIdL8=
46,42,P+/vwSb9vdYE93YxLCLl5yYlyxo=,kjWWKBOqnXQEojzptdVnnoQIdL8=
35,43,P+/vwSb9vdYE93YxLCLl5yYlyxo=,kjWWKBOqnXQEojzptdVnnoQIdL8=
42,42,P+/vwSb9vdYE93YxLCLl5yYlyxo=,kjWWKBOqnXQEojzptdVnnoQIdL8=
44,42,P+/vwSb9vdYE93YxLCLl5yYlyxo=,kjWWKBOqnXQEojzptdVnnoQIdL8=
39,42,P+/vwSb9vdYE93YxLCLl5yYlyxo=,kjWWKBOqnXQEojzptdVnnoQIdL8=
43,42,P+/vwSb9vdYE93YxLCLl5yYlyxo=,kjWWKBOqnXQEojzptdVnnoQIdL8=
41,42,P+/vwSb9vdYE93YxLCLl5yYlyxo=,kjWWKBOqnXQEojzptdVnnoQIdL8=
40,42,P+/vwSb9vdYE93YxLCLl5yYlyxo=,kjWWKBOqnXQEojzptdVnnoQIdL8=
37,34,P+/vwSb9vdYE93YxLCLl5yYlyxo=,kjWWKBOqnXQEojzptdVnnoQIdL8=
36,42,P+/vwSb9vdYE93YxLCLl5yYlyxo=,kjWWKBOqnXQEojzptdVnnoQIdL8=
37,42,P+/vwSb9vdYE93YxLCLl5yYlyxo=,kjWWKBOqnXQEojzptdVnnoQIdL8=
35,42,P+/vwSb9vdYE93YxLCLl5yYlyxo=,kjWWKBOqnXQEojzptdVnnoQIdL8=
33,42,P+/vwSb9vdYE93YxLCLl5yYlyxo=,kjWWKBOqnXQEojzptdVnnoQIdL8=
34,42,P+/vwSb9vdYE93YxLCLl5yYlyxo=,kjWWKBOqnXQEojzptdVnnoQIdL8=
40,33,P+/vwSb9vdYE93YxLCLl5yYlyxo=,kjWWKBOqnXQEojzptdVnnoQIdL8=
38,34,P+/vwSb9vdYE93YxLCLl5yYlyxo=,kjWWKBOqnXQEojzptdVnnoQIdL8=
38,42,P+/vwSb9vdYE93YxLCLl5yYlyxo=,kjWWKBOqnXQEojzptdVnnoQIdL8=
47,41,P+/vwSb9vdYE93YxLCLl5yYlyxo=,kjWWKBOqnXQEojzptdVnnoQIdL8=
44,41,P+/vwSb9vdYE93YxLCLl5yYlyxo=,kjWWKBOqnXQEojzptdVnnoQIdL8=
46,41,P+/vwSb9vdYE93YxLCLl5yYlyxo=,kjWWKBOqnXQEojzptdVnnoQIdL8=
43,41,P+/vwSb9vdYE93YxLCLl5yYlyxo=,kjWWKBOqnXQEojzptdVnnoQIdL8=
45,41,P+/vwSb9vdYE93YxLCLl5yYlyxo=,kjWWKBOqnXQEojzptdVnnoQIdL8=
41,41,P+/vwSb9vdYE93YxLCLl5yYlyxo=,kjWWKBOqnXQEojzptdVnnoQIdL8=
40,41,P+/vwSb9vdYE93YxLCLl5yYlyxo=,kjWWKBOqnXQEojzptdVnnoQIdL8=
39,41,P+/vwSb9vdYE93YxLCLl5yYlyxo=,kjWWKBOqnXQEojzptdVnnoQIdL8=
36,41,P+/vwSb9vdYE93YxLCLl5yYlyxo=,kjWWKBOqnXQEojzptdVnnoQIdL8=
42,41,P+/vwSb9vdYE93YxLCLl5yYlyxo=,kjWWKBOqnXQEojzptdVnnoQIdL8=
37,41,P+/vwSb9vdYE93YxLCLl5yYlyxo=,kjWWKBOqnXQEojzptdVnnoQIdL8=
39,34,P+/vwSb9vdYE93YxLCLl5yYlyxo=,kjWWKBOqnXQEojzptdVnnoQIdL8=
38,41,P+/vwSb9vdYE93YxLCLl5yYlyxo=,kjWWKBOqnXQEojzptdVnnoQIdL8=
40,34,P+/vwSb9vdYE93YxLCLl5yYlyxo=,kjWWKBOqnXQEojzptdVnnoQIdL8=
35,41,P+/vwSb9vdYE93YxLCLl5yYlyxo=,kjWWKBOqnXQEojzptdVnnoQIdL8=
34,41,P+/vwSb9vdYE93YxLCLl5yYlyxo=,kjWWKBOqnXQEojzptdVnnoQIdL8=
47,40,P+/vwSb9vdYE93YxLCLl5yYlyxo=,kjWWKBOqnXQEojzptdVnnoQIdL8=
33,41,P+/vwSb9vdYE93YxLCLl5yYlyxo=,kjWWKBOqnXQEojzptdVnnoQIdL8=
46,40,P+/vwSb9vdYE93YxLCLl5yYlyxo=,kjWWKBOqnXQEojzptdVnnoQIdL8=
39,33,P+/vwSb9vdYE93YxLCLl5yYlyxo=,kjWWKBOqnXQEojzptdVnnoQIdL8=
43,40,P+/vwSb9vdYE93YxLCLl5yYlyxo=,kjWWKBOqnXQEojzptdVnnoQIdL8=
41,34,P+/vwSb9vdYE93YxLCLl5yYlyxo=,kjWWKBOqnXQEojzptdVnnoQIdL8=
42,40,P+/vwSb9vdYE93YxLCLl5yYlyxo=,kjWWKBOqnXQEojzptdVnnoQIdL8=
44,40,P+/vwSb9vdYE93YxLCLl5yYlyxo=,kjWWKBOqnXQEojzptdVnnoQIdL8=
41,40,P+/vwSb9vdYE93YxLCLl5yYlyxo=,kjWWKBOqnXQEojzptdVnnoQIdL8=
45,40,P+/vwSb9vdYE93YxLCLl5yYlyxo=,kjWWKBOqnXQEojzptdVnnoQIdL8=
40,40,P+/vwSb9vdYE93YxLCLl5yYlyxo=,kjWWKBOqnXQEojzptdVnnoQIdL8=
38,40,P+/vwSb9vdYE93YxLCLl5yYlyxo=,kjWWKBOqnXQEojzptdVnnoQIdL8=
37,40,P+/vwSb9vdYE93YxLCLl5yYlyxo=,kjWWKBOqnXQEojzptdVnnoQIdL8=
36,40,P+/vwSb9vdYE93YxLCLl5yYlyxo=,kjWWKBOqnXQEojzptdVnnoQIdL8=
39,40,P+/vwSb9vdYE93YxLCLl5yYlyxo=,kjWWKBOqnXQEojzptdVnnoQIdL8=
42,34,P+/vwSb9vdYE93YxLCLl5yYlyxo=,kjWWKBOqnXQEojzptdVnnoQIdL8=
35,40,P+/vwSb9vdYE93YxLCLl5yYlyxo=,kjWWKBOqnXQEojzptdVnnoQIdL8=
44,39,P+/vwSb9vdYE93YxLCLl5yYlyxo=,kjWWKBOqnXQEojzptdVnnoQIdL8=
47,39,P+/vwSb9vdYE93YxLCLl5yYlyxo=,kjWWKBOqnXQEojzptdVnnoQIdL8=
37,33,P+/vwSb9vdYE93YxLCLl5yYlyxo=,kjWWKBOqnXQEojzptdVnnoQIdL8=
43,39,P+/vwSb9vdYE93YxLCLl5yYlyxo=,kjWWKBOqnXQEojzptdVnnoQIdL8=
33,40,P+/vwSb9vdYE93YxLCLl5yYlyxo=,kjWWKBOqnXQEojzptdVnnoQIdL8=
44,34,P+/vwSb9vdYE93YxLCLl5yYlyxo=,kjWWKBOqnXQEojzptdVnnoQIdL8=
39,39,P+/vwSb9vdYE93YxLCLl5yYlyxo=,kjWWKBOqnXQEojzptdVnnoQIdL8=
41,39,P+/vwSb9vdYE93YxLCLl5yYlyxo=,kjWWKBOqnXQEojzptdVnnoQIdL8=
40,39,P+/vwSb9vdYE93YxLCLl5yYlyxo=,kjWWKBOqnXQEojzptdVnnoQIdL8=
37,39,P+/vwSb9vdYE93YxLCLl5yYlyxo=,kjWWKBOqnXQEojzptdVnnoQIdL8=
34,39,P+/vwSb9vdYE93YxLCLl5yYlyxo=,kjWWKBOqnXQEojzptdVnnoQIdL8=
38,33,P+/vwSb9vdYE93YxLCLl5yYlyxo=,kjWWKBOqnXQEojzptdVnnoQIdL8=
36,39,P+/vwSb9vdYE93YxLCLl5yYlyxo=,kjWWKBOqnXQEojzptdVnnoQIdL8=
45,34,P+/vwSb9vdYE93YxLCLl5yYlyxo=,kjWWKBOqnXQEojzptdVnnoQIdL8=
33,39,P+/vwSb9vdYE93YxLCLl5yYlyxo=,kjWWKBOqnXQEojzptdVnnoQIdL8=
35,39,P+/vwSb9vdYE93YxLCLl5yYlyxo=,kjWWKBOqnXQEojzptdVnnoQIdL8=
34,40,P+/vwSb9vdYE93YxLCLl5yYlyxo=,kjWWKBOqnXQEojzptdVnnoQIdL8=
45,38,P+/vwSb9vdYE93YxLCLl5yYlyxo=,kjWWKBOqnXQEojzptdVnnoQIdL8=
44,38,P+/vwSb9vdYE93YxLCLl5yYlyxo=,kjWWKBOqnXQEojzptdVnnoQIdL8=
47,38,P+/vwSb9vdYE93YxLCLl5yYlyxo=,kjWWKBOqnXQEojzptdVnnoQIdL8=
46,38,P+/vwSb9vdYE93YxLCLl5yYlyxo=,kjWWKBOqnXQEojzptdVnnoQIdL8=
42,39,P+/vwSb9vdYE93YxLCLl5yYlyxo=,kjWWKBOqnXQEojzptdVnnoQIdL8=
42,38,P+/vwSb9vdYE93YxLCLl5yYlyxo=,kjWWKBOqnXQEojzptdVnnoQIdL8=
41,38,P+/vwSb9vdYE93YxLCLl5yYlyxo=,kjWWKBOqnXQEojzptdVnnoQIdL8=
43,38,P+/vwSb9vdYE93YxLCLl5yYlyxo=,kjWWKBOqnXQEojzptdVnnoQIdL8=
32,33,P+/vwSb9vdYE93YxLCLl5yYlyxo=,kjWWKBOqnXQEojzptdVnnoQIdL8=
38,39,P+/vwSb9vdYE93YxLCLl5yYlyxo=,kjWWKBOqnXQEojzptdVnnoQIdL8=
40,38,P+/vwSb9vdYE93YxLCLl5yYlyxo=,kjWWKBOqnXQEojzptdVnnoQIdL8=
43,34,P+/vwSb9vdYE93YxLCLl5yYlyxo=,kjWWKBOqnXQEojzptdVnnoQIdL8=
36,33,P+/vwSb9vdYE93YxLCLl5yYlyxo=,kjWWKBOqnXQEojzptdVnnoQIdL8=
38,38,P+/vwSb9vdYE93YxLCLl5yYlyxo=,kjWWKBOqnXQEojzptdVnnoQIdL8=
36,38,P+/vwSb9vdYE93YxLCLl5yYlyxo=,kjWWKBOqnXQEojzptdVnnoQIdL8=
39,38,P+/vwSb9vdYE93YxLCLl5yYlyxo=,kjWWKBOqnXQEojzptdVnnoQIdL8=
34,38,P+/vwSb9vdYE93YxLCLl5yYlyxo=,kjWWKBOqnXQEojzptdVnnoQIdL8=
33,38,P+/vwSb9vdYE93YxLCLl5yYlyxo=,kjWWKBOqnXQEojzptdVnnoQIdL8=
46,39,P+/vwSb9vdYE93YxLCLl5yYlyxo=,kjWWKBOqnXQEojzptdVnnoQIdL8=
46,34,P+/vwSb9vdYE93YxLCLl5yYlyxo=,kjWWKBOqnXQEojzptdVnnoQIdL8=
37,38,P+/vwSb9vdYE93YxLCLl5yYlyxo=,kjWWKBOqnXQEojzptdVnnoQIdL8=
47,37,P+/vwSb9vdYE93YxLCLl5yYlyxo=,kjWWKBOqnXQEojzptdVnnoQIdL8=
45,37,P+/vwSb9vdYE93YxLCLl5yYlyxo=,kjWWKBOqnXQEojzptdVnnoQIdL8=
46,37,P+/vwSb9vdYE93YxLCLl5yYlyxo=,kjWWKBOqnXQEojzptdVnnoQIdL8=
35,38,P+/vwSb9vdYE93YxLCLl5yYlyxo=,kjWWKBOqnXQEojzptdVnnoQIdL8=
35,33,P+/vwSb9vdYE93YxLCLl5yYlyxo=,kjWWKBOqnXQEojzptdVnnoQIdL8=
44,37,P+/vwSb9vdYE93YxLCLl5yYlyxo=,kjWWKBOqnXQEojzptdVnnoQIdL8=
45,39,P+/vwSb9vdYE93YxLCLl5yYlyxo=,kjWWKBOqnXQEojzptdVnnoQIdL8=
42,37,P+/vwSb9vdYE93YxLCLl5yYlyxo=,kjWWKBOqnXQEojzptdVnnoQIdL8=
43,37,P+/vwSb9vdYE93YxLCLl5yYlyxo=,kjWWKBOqnXQEojzptdVnnoQIdL8=
47,34,P+/vwSb9vdYE93YxLCLl5yYlyxo=,kjWWKBOqnXQEojzptdVnnoQIdL8=
41,37,P+/vwSb9vdYE93YxLCLl5yYlyxo=,kjWWKBOqnXQEojzptdVnnoQIdL8=
40,37,P+/vwSb9vdYE93YxLCLl5yYlyxo=,kjWWKBOqnXQEojzptdVnnoQIdL8=
39,37,P+/vwSb9vdYE93YxLCLl5yYlyxo=,kjWWKBOqnXQEojzptdVnnoQIdL8=
37,37,P+/vwSb9vdYE93YxLCLl5yYlyxo=,kjWWKBOqnXQEojzptdVnnoQIdL8=
35,37,P+/vwSb9vdYE93YxLCLl5yYlyxo=,kjWWKBOqnXQEojzptdVnnoQIdL8=
38,37,P+/vwSb9vdYE93YxLCLl5yYlyxo=,kjWWKBOqnXQEojzptdVnnoQIdL8=
36,37,P+/vwSb9vdYE93YxLCLl5yYlyxo=,kjWWKBOqnXQEojzptdVnnoQIdL8=
32,35,P+/vwSb9vdYE93YxLCLl5yYlyxo=,kjWWKBOqnXQEojzptdVnnoQIdL8=
33,37,P+/vwSb9vdYE93YxLCLl5yYlyxo=,kjWWKBOqnXQEojzptdVnnoQIdL8=
34,37,P+/vwSb9vdYE93YxLCLl5yYlyxo=,kjWWKBOqnXQEojzptdVnnoQIdL8=
47,36,P+/vwSb9vdYE93YxLCLl5yYlyxo=,kjWWKBOqnXQEojzptdVnnoQIdL8=
45,36,P+/vwSb9vdYE93YxLCLl5yYlyxo=,kjWWKBOqnXQEojzptdVnnoQIdL8=
44,36,P+/vwSb9vdYE93YxLCLl5yYlyxo=,kjWWKBOqnXQEojzptdVnnoQIdL8=
34,33,P+/vwSb9vdYE93YxLCLl5yYlyxo=,kjWWKBOqnXQEojzptdVnnoQIdL8=
41,36,P+/vwSb9vdYE93YxLCLl5yYlyxo=,kjWWKBOqnXQEojzptdVnnoQIdL8=
46,36,P+/vwSb9vdYE93YxLCLl5yYlyxo=,kjWWKBOqnXQEojzptdVnnoQIdL8=
43,36,P+/vwSb9vdYE93YxLCLl5yYlyxo=,kjWWKBOqnXQEojzptdVnnoQIdL8=
40,36,P+/vwSb9vdYE93YxLCLl5yYlyxo=,kjWWKBOqnXQEojzptdVnnoQIdL8=
42,36,P+/vwSb9vdYE93YxLCLl5yYlyxo=,kjWWKBOqnXQEojzptdVnnoQIdL8=
38,36,P+/vwSb9vdYE93YxLCLl5yYlyxo=,kjWWKBOqnXQEojzptdVnnoQIdL8=
33,35,P+/vwSb9vdYE93YxLCLl5yYlyxo=,kjWWKBOqnXQEojzptdVnnoQIdL8=
35,36,P+/vwSb9vdYE93YxLCLl5yYlyxo=,kjWWKBOqnXQEojzptdVnnoQIdL8=
36,36,P+/vwSb9vdYE93YxLCLl5yYlyxo=,kjWWKBOqnXQEojzptdVnnoQIdL8=
37,36,P+/vwSb9vdYE93YxLCLl5yYlyxo=,kjWWKBOqnXQEojzptdVnnoQIdL8=
34,36,P+/vwSb9vdYE93YxLCLl5yYlyxo=,kjWWKBOqnXQEojzptdVnnoQIdL8=
47,35,P+/vwSb9vdYE93YxLCLl5yYlyxo=,kjWWKBOqnXQEojzptdVnnoQIdL8=
32,36,P+/vwSb9vdYE93YxLCLl5yYlyxo=,kjWWKBOqnXQEojzptdVnnoQIdL8=
46,35,P+/vwSb9vdYE93YxLCLl5yYlyxo=,kjWWKBOqnXQEojzptdVnnoQIdL8=
34,35,P+/vwSb9vdYE93YxLCLl5yYlyxo=,kjWWKBOqnXQEojzptdVnnoQIdL8=
33,36,P+/vwSb9vdYE93YxLCLl5yYlyxo=,kjWWKBOqnXQEojzptdVnnoQIdL8=
45,35,P+/vwSb9vdYE93YxLCLl5yYlyxo=,kjWWKBOqnXQEojzptdVnnoQIdL8=
33,33,P+/vwSb9vdYE93YxLCLl5yYlyxo=,kjWWKBOqnXQEojzptdVnnoQIdL8=
44,35,P+/vwSb9vdYE93YxLCLl5yYlyxo=,kjWWKBOqnXQEojzptdVnnoQIdL8=
43,35,P+/vwSb9vdYE93YxLCLl5yYlyxo=,kjWWKBOqnXQEojzptdVnnoQIdL8=
39,36,P+/vwSb9vdYE93YxLCLl5yYlyxo=,kjWWKBOqnXQEojzptdVnnoQIdL8=
42,35,P+/vwSb9vdYE93YxLCLl5yYlyxo=,kjWWKBOqnXQEojzptdVnnoQIdL8=
38,35,P+/vwSb9vdYE93YxLCLl5yYlyxo=,kjWWKBOqnXQEojzptdVnnoQIdL8=
41,35,P+/vwSb9vdYE93YxLCLl5yYlyxo=,kjWWKBOqnXQEojzptdVnnoQIdL8=
40,35,P+/vwSb9vdYE93YxLCLl5yYlyxo=,kjWWKBOqnXQEojzptdVnnoQIdL8=
37,35,P+/vwSb9vdYE93YxLCLl5yYlyxo=,kjWWKBOqnXQEojzptdVnnoQIdL8=
35,35,P+/vwSb9vdYE93YxLCLl5yYlyxo=,kjWWKBOqnXQEojzptdVnnoQIdL8=
39,35,P+/vwSb9vdYE93YxLCLl5yYlyxo=,kjWWKBOqnXQEojzptdVnnoQIdL8=
36,35,P+/vwSb9vdYE93YxLCLl5yYlyxo=,kjWWKBOqnXQEojzptdVnnoQIdL8=
32,43,P+/vwSb9vdYE93YxLCLl5yYlyxo=,kjWWKBOqnXQEojzptdVnnoQIdL8=
32,41,P+/vwSb9vdYE93YxLCLl5yYlyxo=,kjWWKBOqnXQEojzptdVnnoQIdL8=
32,40,P+/vwSb9vdYE93YxLCLl5yYlyxo=,kjWWKBOqnXQEojzptdVnnoQIdL8=
32,39,P+/vwSb9vdYE93YxLCLl5yYlyxo=,kjWWKBOqnXQEojzptdVnnoQIdL8=
32,42,P+/vwSb9vdYE93YxLCLl5yYlyxo=,kjWWKBOqnXQEojzptdVnnoQIdL8=
32,38,P+/vwSb9vdYE93YxLCLl5yYlyxo=,kjWWKBOqnXQEojzptdVnnoQIdL8=
32,37,P+/vwSb9vdYE93YxLCLl5yYlyxo=,kjWWKBOqnXQEojzptdVnnoQIdL8=
32,44,P+/vwSb9vdYE93YxLCLl5yYlyxo=,kjWWKBOqnXQEojzptdVnnoQIdL8=
63,32,Duqt3kWLE2nbSb3Zg/lKm34JFRc=,kjWWKBOqnXQEojzptdVnnoQIdL8=
62,47,Duqt3kWLE2nbSb3Zg/lKm34JFRc=,kjWWKBOqnXQEojzptdVnnoQIdL8=
61,47,Duqt3kWLE2nbSb3Zg/lKm34JFRc=,kjWWKBOqnXQEojzptdVnnoQIdL8=
60,47,Duqt3kWLE2nbSb3Zg/lKm34JFRc=,kjWWKBOqnXQEojzptdVnnoQIdL8=
63,47,Duqt3kWLE2nbSb3Zg/lKm34JFRc=,kjWWKBOqnXQEojzptdVnnoQIdL8=
59,47,Duqt3kWLE2nbSb3Zg/lKm34JFRc=,kjWWKBOqnXQEojzptdVnnoQIdL8=
58,47,Duqt3kWLE2nbSb3Zg/lKm34JFRc=,kjWWKBOqnXQEojzptdVnnoQIdL8=
57,47,Duqt3kWLE2nbSb3Zg/lKm34JFRc=,kjWWKBOqnXQEojzptdVnnoQIdL8=
48,33,Duqt3kWLE2nbSb3Zg/lKm34JFRc=,kjWWKBOqnXQEojzptdVnnoQIdL8=
56,47,Duqt3kWLE2nbSb3Zg/lKm34JFRc=,kjWWKBOqnXQEojzptdVnnoQIdL8=
55,47,Duqt3kWLE2nbSb3Zg/lKm34JFRc=,kjWWKBOqnXQEojzptdVnnoQIdL8=
48,32,Duqt3kWLE2nbSb3Zg/lKm34JFRc=,kjWWKBOqnXQEojzptdVnnoQIdL8=
53,47,Duqt3kWLE2nbSb3Zg/lKm34JFRc=,kjWWKBOqnXQEojzptdVnnoQIdL8=
49,33,Duqt3kWLE2nbSb3Zg/lKm34JFRc=,kjWWKBOqnXQEojzptdVnnoQIdL8=
54,47,Duqt3kWLE2nbSb3Zg/lKm34JFRc=,kjWWKBOqnXQEojzptdVnnoQIdL8=
50,33,Duqt3kWLE2nbSb3Zg/lKm34JFRc=,kjWWKBOqnXQEojzptdVnnoQIdL8=
52,47,Duqt3kWLE2nbSb3Zg/lKm34JFRc=,kjWWKBOqnXQEojzptdVnnoQIdL8=
51,33,Duqt3kWLE2nbSb3Zg/lKm34JFRc=,kjWWKBOqnXQEojzptdVnnoQIdL8=
51,47,Duqt3kWLE2nbSb3Zg/lKm34JFRc=,kjWWKBOqnXQEojzptdVnnoQIdL8=
50,47,Duqt3kWLE2nbSb3Zg/lKm34JFRc=,kjWWKBOqnXQEojzptdVnnoQIdL8=
48,47,Duqt3kWLE2nbSb3Zg/lKm34JFRc=,kjWWKBOqnXQEojzptdVnnoQIdL8=
63,46,Duqt3kWLE2nbSb3Zg/lKm34JFRc=,kjWWKBOqnXQEojzptdVnnoQIdL8=
52,33,Duqt3kWLE2nbSb3Zg/lKm34JFRc=,kjWWKBOqnXQEojzptdVnnoQIdL8=
62,46,Duqt3kWLE2nbSb3Zg/lKm34JFRc=,kjWWKBOqnXQEojzptdVnnoQIdL8=
53,33,Duqt3kWLE2nbSb3Zg/lKm34JFRc=,kjWWKBOqnXQEojzptdVnnoQIdL8=
49,47,Duqt3kWLE2nbSb3Zg/lKm34JFRc=,kjWWKBOqnXQEojzptdVnnoQIdL8=
61,46,Duqt3kWLE2nbSb3Zg/lKm34JFRc=,kjWWKBOqnXQEojzptdVnnoQIdL8=
55,33,Duqt3kWLE2nbSb3Zg/lKm34JFRc=,kjWWKBOqnXQEojzptdVnnoQIdL8=
54,33,Duqt3kWLE2nbSb3Zg/lKm34JFRc=,kjWWKBOqnXQEojzptdVnnoQIdL8=
60,46,Duqt3kWLE2nbSb3Zg/lKm34JFRc=,kjWWKBOqnXQEojzptdVnnoQIdL8=
59,46,Duqt3kWLE2nbSb3Zg/lKm34JFRc=,kjWWKBOqnXQEojzptdVnnoQIdL8=
58,46,Duqt3kWLE2nbSb3Zg/lKm34JFRc=,kjWWKBOqnXQEojzptdVnnoQIdL8=
56,33,Duqt3kWLE2nbSb3Zg/lKm34JFRc=,kjWWKBOqnXQEojzptdVnnoQIdL8=
57,33,Duqt3kWLE2nbSb3Zg/lKm34JFRc=,kjWWKBOqnXQEojzptdVnnoQIdL8=
57,46,Duqt3kWLE2nbSb3Zg/lKm34JFRc=,kjWWKBOqnXQEojzptdVnnoQIdL8=
58,33,Duqt3kWLE2nbSb3Zg/lKm34JFRc=,kjWWKBOqnXQEojzptdVnnoQIdL8=
55,46,Duqt3kWLE2nbSb3Zg/lKm34JFRc=,kjWWKBOqnXQEojzptdVnnoQIdL8=
56,46,Duqt3kWLE2nbSb3Zg/lKm34JFRc=,kjWWKBOqnXQEojzptdVnnoQIdL8=
59,33,Duqt3kWLE2nbSb3Zg/lKm34JFRc=,kjWWKBOqnXQEojzptdVnnoQIdL8=
54,46,Duqt3kWLE2nbSb3Zg/lKm34JFRc=,kjWWKBOqnXQEojzptdVnnoQIdL8=
60,33,Duqt3kWLE2nbSb3Zg/lKm34JFRc=,kjWWKBOqnXQEojzptdVnnoQIdL8=
53,46,Duqt3kWLE2nbSb3Zg/lKm34JFRc=,kjWWKBOqnXQEojzptdVnnoQIdL8=
52,46,Duqt3kWLE2nbSb3Zg/lKm34JFRc=,kjWWKBOqnXQEojzptdVnnoQIdL8=
49,32,Duqt3kWLE2nbSb3Zg/lKm34JFRc=,kjWWKBOqnXQEojzptdVnnoQIdL8=
49,46,Duqt3kWLE2nbSb3Zg/lKm34JFRc=,kjWWKBOqnXQEojzptdVnnoQIdL8=
48,46,Duqt3kWLE2nbSb3Zg/lKm34JFRc=,kjWWKBOqnXQEojzptdVnnoQIdL8=
61,33,Duqt3kWLE2nbSb3Zg/lKm34JFRc=,kjWWKBOqnXQEojzptdVnnoQIdL8=
50,46,Duqt3kWLE2nbSb3Zg/lKm34JFRc=,kjWWKBOqnXQEojzptdVnnoQIdL8=
62,32,Duqt3kWLE2nbSb3Zg/lKm34JFRc=,kjWWKBOqnXQEojzptdVnnoQIdL8=
51,46,Duqt3kWLE2nbSb3Zg/lKm34JFRc=,kjWWKBOqnXQEojzptdVnnoQIdL8=
62,33,Duqt3kWLE2nbSb3Zg/lKm34JFRc=,kjWWKBOqnXQEojzptdVnnoQIdL8=
63,45,Duqt3kWLE2nbSb3Zg/lKm34JFRc=,kjWWKBOqnXQEojzptdVnnoQIdL8=
63,33,Duqt3kWLE2nbSb3Zg/lKm34JFRc=,kjWWKBOqnXQEojzptdVnnoQIdL8=
62,45,Duqt3kWLE2nbSb3Zg/lKm34JFRc=,kjWWKBOqnXQEojzptdVnnoQIdL8=
59,45,Duqt3kWLE2nbSb3Zg/lKm34JFRc=,kjWWKBOqnXQEojzptdVnnoQIdL8=
58,45,Duqt3kWLE2nbSb3Zg/lKm34JFRc=,kjWWKBOqnXQEojzptdVnnoQIdL8=
61,45,Duqt3kWLE2nbSb3Zg/lKm34JFRc=,kjWWKBOqnXQEojzptdVnnoQIdL8=
50,32,Duqt3kWLE2nbSb3Zg/lKm34JFRc=,kjWWKBOqnXQEojzptdVnnoQIdL8=
60,45,Duqt3kWLE2nbSb3Zg/lKm34JFRc=,kjWWKBOqnXQEojzptdVnnoQIdL8=
55,45,Duqt3kWLE2nbSb3Zg/lKm34JFRc=,kjWWKBOqnXQEojzptdVnnoQIdL8=
57,45,Duqt3kWLE2nbSb3Zg/lKm34JFRc=,kjWWKBOqnXQEojzptdVnnoQIdL8=
48,34,Duqt3kWLE2nbSb3Zg/lKm34JFRc=,kjWWKBOqnXQEojzptdVnnoQIdL8=
56,45,Duqt3kWLE2nbSb3Zg/lKm34JFRc=,kjWWKBOqnXQEojzptdVnnoQIdL8=
52,45,Duqt3kWLE2nbSb3Zg/lKm34JFRc=,kjWWKBOqnXQEojzptdVnnoQIdL8=
51,45,Duqt3kWLE2nbSb3Zg/lKm34JFRc=,kjWWKBOqnXQEojzptdVnnoQIdL8=
49,45,Duqt3kWLE2nbSb3Zg/lKm34JFRc=,kjWWKBOqnXQEojzptdVnnoQIdL8=
48,45,Duqt3kWLE2nbSb3Zg/lKm34JFRc=,kjWWKBOqnXQEojzptdVnnoQIdL8=
50,45,Duqt3kWLE2nbSb3Zg/lKm34JFRc=,kjWWKBOqnXQEojzptdVnnoQIdL8=
61,32,Duqt3kWLE2nbSb3Zg/lKm34JFRc=,kjWWKBOqnXQEojzptdVnnoQIdL8=
53,45,Duqt3kWLE2nbSb3Zg/lKm34JFRc=,kjWWKBOqnXQEojzptdVnnoQIdL8=
54,45,Duqt3kWLE2nbSb3Zg/lKm34JFRc=,kjWWKBOqnXQEojzptdVnnoQIdL8=
49,34,Duqt3kWLE2nbSb3Zg/lKm34JFRc=,kjWWKBOqnXQEojzptdVnnoQIdL8=
61,44,Duqt3kWLE2nbSb3Zg/lKm34JFRc=,kjWWKBOqnXQEojzptdVnnoQIdL8=
63,44,Duqt3kWLE2nbSb3Zg/lKm34JFRc=,kjWWKBOqnXQEojzptdVnnoQIdL8=
60,44,Duqt3kWLE2nbSb3Zg/lKm34JFRc=,kjWWKBOqnXQEojzptdVnnoQIdL8=
50,34,Duqt3kWLE2nbSb3Zg/lKm34JFRc=,kjWWKBOqnXQEojzptdVnnoQIdL8=
59,44,Duqt3kWLE2nbSb3Zg/lKm34JFRc=,kjWWKBOqnXQEojzptdVnnoQIdL8=
62,44,Duqt3kWLE2nbSb3Zg/lKm34JFRc=,kjWWKBOqnXQEojzptdVnnoQIdL8=
56,44,Duqt3kWLE2nbSb3Zg/lKm34JFRc=,kjWWKBOqnXQEojzptdVnnoQIdL8=
54,44,Duqt3kWLE2nbSb3Zg/lKm34JFRc=,kjWWKBOqnXQEojzptdVnnoQIdL8=
58,44,Duqt3kWLE2nbSb3Zg/lKm34JFRc=,kjWWKBOqnXQEojzptdVnnoQIdL8=
55,44,Duqt3kWLE2nbSb3Zg/lKm34JFRc=,kjWWKBOqnXQEojzptdVnnoQIdL8=
51,34,Duqt3kWLE2nbSb3Zg/lKm34JFRc=,kjWWKBOqnXQEojzptdVnnoQIdL8=
51,44,Duqt3kWLE2nbSb3Zg/lKm34JFRc=,kjWWKBOqnXQEojzptdVnnoQIdL8=
52,44,Duqt3kWLE2nbSb3Zg/lKm34JFRc=,kjWWKBOqnXQEojzptdVnnoQIdL8=
57,44,Duqt3kWLE2nbSb3Zg/lKm34JFRc=,kjWWKBOqnXQEojzptdVnnoQIdL8=
50,44,Duqt3kWLE2nbSb3Zg/lKm34JFRc=,kjWWKBOqnXQEojzptdVnnoQIdL8=
49,44,Duqt3kWLE2nbSb3Zg/lKm34JFRc=,kjWWKBOqnXQEojzptdVnnoQIdL8=
52,34,Duqt3kWLE2nbSb3Zg/lKm34JFRc=,kjWWKBOqnXQEojzptdVnnoQIdL8=
48,44,Duqt3kWLE2nbSb3Zg/lKm34JFRc=,kjWWKBOqnXQEojzptdVnnoQIdL8=
60,32,Duqt3kWLE2nbSb3Zg/lKm34JFRc=,kjWWKBOqnXQEojzptdVnnoQIdL8=
53,44,Duqt3kWLE2nbSb3Zg/lKm34JFRc=,kjWWKBOqnXQEojzptdVnnoQIdL8=
63,43,Duqt3kWLE2nbSb3Zg/lKm34JFRc=,kjWWKBOqnXQEojzptdVnnoQIdL8=
62,43,Duqt3kWLE2nbSb3Zg/lKm34JFRc=,kjWWKBOqnXQEojzptdVnnoQIdL8=
53,34,Duqt3kWLE2nbSb3Zg/lKm34JFRc=,kjWWKBOqnXQEojzptdVnnoQIdL8=
61,43,Duqt3kWLE2nbSb3Zg/lKm34JFRc=,kjWWKBOqnXQEojzptdVnnoQIdL8=
58,43,Duqt3kWLE2nbSb3Zg/lKm34JFRc=,kjWWKBOqnXQEojzptdVnnoQIdL8=
60,43,Duqt3kWLE2nbSb3Zg/lKm34JFRc=,kjWWKBOqnXQEojzptdVnnoQIdL8=
56,43,Duqt3kWLE2nbSb3Zg/lKm34JFRc=,kjWWKBOqnXQEojzptdVnnoQIdL8=
54,43,Duqt3kWLE2nbSb3Zg/lKm34JFRc=,kjWWKBOqnXQEojzptdVnnoQIdL8=
59,43,Duqt3kWLE2nbSb3Zg/lKm34JFRc=,kjWWKBOqnXQEojzptdVnnoQIdL8=
57,43,Duqt3kWLE2nbSb3Zg/lKm34JFRc=,kjWWKBOqnXQEojzptdVnnoQIdL8=
55,43,Duqt3kWLE2nbSb3Zg/lKm34JFRc=,kjWWKBOqnXQEojzptdVnnoQIdL8=
53,43,Duqt3kWLE2nbSb3Zg/lKm34JFRc=,kjWWKBOqnXQEojzptdVnnoQIdL8=
51,43,Duqt3kWLE2nbSb3Zg/lKm34JFRc=,kjWWKBOqnXQEojzptdVnnoQIdL8=
49,43,Duqt3kWLE2nbSb3Zg/lKm34JFRc=,kjWWKBOqnXQEojzptdVnnoQIdL8=
50,43,Duqt3kWLE2nbSb3Zg/lKm34JFRc=,kjWWKBOqnXQEojzptdVnnoQIdL8=
52,43,Duqt3kWLE2nbSb3Zg/lKm34JFRc=,kjWWKBOqnXQEojzptdVnnoQIdL8=
48,43,Duqt3kWLE2nbSb3Zg/lKm34JFRc=,kjWWKBOqnXQEojzptdVnnoQIdL8=
61,42,Duqt3kWLE2nbSb3Zg/lKm34JFRc=,kjWWKBOqnXQEojzptdVnnoQIdL8=
62,42,Duqt3kWLE2nbSb3Zg/lKm34JFRc=,kjWWKBOqnXQEojzptdVnnoQIdL8=
59,42,Duqt3kWLE2nbSb3Zg/lKm34JFRc=,kjWWKBOqnXQEojzptdVnnoQIdL8=
55,42,Duqt3kWLE2nbSb3Zg/lKm34JFRc=,kjWWKBOqnXQEojzptdVnnoQIdL8=
54,42,Duqt3kWLE2nbSb3Zg/lKm34JFRc=,kjWWKBOqnXQEojzptdVnnoQIdL8=
60,42,Duqt3kWLE2nbSb3Zg/lKm34JFRc=,kjWWKBOqnXQEojzptdVnnoQIdL8=
57,42,Duqt3kWLE2nbSb3Zg/lKm34JFRc=,kjWWKBOqnXQEojzptdVnnoQIdL8=
63,42,Duqt3kWLE2nbSb3Zg/lKm34JFRc=,kjWWKBOqnXQEojzptdVnnoQIdL8=
59,32,Duqt3kWLE2nbSb3Zg/lKm34JFRc=,kjWWKBOqnXQEojzptdVnnoQIdL8=
53,42,Duqt3kWLE2nbSb3Zg/lKm34JFRc=,kjWWKBOqnXQEojzptdVnnoQIdL8=
54,34,Duqt3kWLE2nbSb3Zg/lKm34JFRc=,kjWWKBOqnXQEojzptdVnnoQIdL8=
52,42,Duqt3kWLE2nbSb3Zg/lKm34JFRc=,kjWWKBOqnXQEojzptdVnnoQIdL8=
50,42,Duqt3kWLE2nbSb3Zg/lKm34JFRc=,kjWWKBOqnXQEojzptdVnnoQIdL8=
56,42,Duqt3kWLE2nbSb3Zg/lKm34JFRc=,kjWWKBOqnXQEojzptdVnnoQIdL8=
48,42,Duqt3kWLE2nbSb3Zg/lKm34JFRc=,kjWWKBOqnXQEojzptdVnnoQIdL8=
51,42,Duqt3kWLE2nbSb3Zg/lKm34JFRc=,kjWWKBOqnXQEojzptdVnnoQIdL8=
63,41,Duqt3kWLE2nbSb3Zg/lKm34JFRc=,kjWWKBOqnXQEojzptdVnnoQIdL8=
61,41,Duqt3kWLE2nbSb3Zg/lKm34JFRc=,kjWWKBOqnXQEojzptdVnnoQIdL8=
58,32,Duqt3kWLE2nbSb3Zg/lKm34JFRc=,kjWWKBOqnXQEojzptdVnnoQIdL8=
55,34,Duqt3kWLE2nbSb3Zg/lKm34JFRc=,kjWWKBOqnXQEojzptdVnnoQIdL8=
60,41,Duqt3kWLE2nbSb3Zg/lKm34JFRc=,kjWWKBOqnXQEojzptdVnnoQIdL8=
57,41,Duqt3kWLE2nbSb3Zg/lKm34JFRc=,kjWWKBOqnXQEojzptdVnnoQIdL8=
62,41,Duqt3kWLE2nbSb3Zg/lKm34JFRc=,kjWWKBOqnXQEojzptdVnnoQIdL8=
56,41,Duqt3kWLE2nbSb3Zg/lKm34JFRc=,kjWWKBOqnXQEojzptdVnnoQIdL8=
59,41,Duqt3kWLE2nbSb3Zg/lKm34JFRc=,kjWWKBOqnXQEojzptdVnnoQIdL8=
58,41,Duqt3kWLE2nbSb3Zg/lKm34JFRc=,kjWWKBOqnXQEojzptdVnnoQIdL8=
54,41,Duqt3kWLE2nbSb3Zg/lKm34JFRc=,kjWWKBOqnXQEojzptdVnnoQIdL8=
53,41,Duqt3kWLE2nbSb3Zg/lKm34JFRc=,kjWWKBOqnXQEojzptdVnnoQIdL8=
56,34,Duqt3kWLE2nbSb3Zg/lKm34JFRc=,kjWWKBOqnXQEojzptdVnnoQIdL8=
50,41,Duqt3kWLE2nbSb3Zg/lKm34JFRc=,kjWWKBOqnXQEojzptdVnnoQIdL8=
51,41,Duqt3kWLE2nbSb3Zg/lKm34JFRc=,kjWWKBOqnXQEojzptdVnnoQIdL8=
49,42,Duqt3kWLE2nbSb3Zg/lKm34JFRc=,kjWWKBOqnXQEojzptdVnnoQIdL8=
52,41,Duqt3kWLE2nbSb3Zg/lKm34JFRc=,kjWWKBOqnXQEojzptdVnnoQIdL8=
49,41,Duqt3kWLE2nbSb3Zg/lKm34JFRc=,kjWWKBOqnXQEojzptdVnnoQIdL8=
58,42,Duqt3kWLE2nbSb3Zg/lKm34JFRc=,kjWWKBOqnXQEojzptdVnnoQIdL8=
55,41,Duqt3kWLE2nbSb3Zg/lKm34JFRc=,kjWWKBOqnXQEojzptdVnnoQIdL8=
57,32,Duqt3kWLE2nbSb3Zg/lKm34JFRc=,kjWWKBOqnXQEojzptdVnnoQIdL8=
63,40,Duqt3kWLE2nbSb3Zg/lKm34JFRc=,kjWWKBOqnXQEojzptdVnnoQIdL8=
62,40,Duqt3kWLE2nbSb3Zg/lKm34JFRc=,kjWWKBOqnXQEojzptdVnnoQIdL8=
60,40,Duqt3kWLE2nbSb3Zg/lKm34JFRc=,kjWWKBOqnXQEojzptdVnnoQIdL8=
61,40,Duqt3kWLE2nbSb3Zg/lKm34JFRc=,kjWWKBOqnXQEojzptdVnnoQIdL8=
57,34,Duqt3kWLE2nbSb3Zg/lKm34JFRc=,kjWWKBOqnXQEojzptdVnnoQIdL8=
58,40,Duqt3kWLE2nbSb3Zg/lKm34JFRc=,kjWWKBOqnXQEojzptdVnnoQIdL8=
59,40,Duqt3kWLE2nbSb3Zg/lKm34JFRc=,kjWWKBOqnXQEojzptdVnnoQIdL8=
48,41,Duqt3kWLE2nbSb3Zg/lKm34JFRc=,kjWWKBOqnXQEojzptdVnnoQIdL8=
57,40,Duqt3kWLE2nbSb3Zg/lKm34JFRc=,kjWWKBOqnXQEojzptdVnnoQIdL8=
56,40,Duqt3kWLE2nbSb3Zg/lKm34JFRc=,kjWWKBOqnXQEojzptdVnnoQIdL8=
55,40,Duqt3kWLE2nbSb3Zg/lKm34JFRc=,kjWWKBOqnXQEojzptdVnnoQIdL8=
54,40,Duqt3kWLE2nbSb3Zg/lKm34JFRc=,kjWWKBOqnXQEojzptdVnnoQIdL8=
52,40,Duqt3kWLE2nbSb3Zg/lKm34JFRc=,kjWWKBOqnXQEojzptdVnnoQIdL8=
53,40,Duqt3kWLE2nbSb3Zg/lKm34JFRc=,kjWWKBOqnXQEojzptdVnnoQIdL8=
51,40,Duqt3kWLE2nbSb3Zg/lKm34JFRc=,kjWWKBOqnXQEojzptdVnnoQIdL8=
58,34,Duqt3kWLE2nbSb3Zg/lKm34JFRc=,kjWWKBOqnXQEojzptdVnnoQIdL8=
50,40,Duqt3kWLE2nbSb3Zg/lKm34JFRc=,kjWWKBOqnXQEojzptdVnnoQIdL8=
59,39,Duqt3kWLE2nbSb3Zg/lKm34JFRc=,kjWWKBOqnXQEojzptdVnnoQIdL8=
63,39,Duqt3kWLE2nbSb3Zg/lKm34JFRc=,kjWWKBOqnXQEojzptdVnnoQIdL8=
48,40,Duqt3kWLE2nbSb3Zg/lKm34JFRc=,kjWWKBOqnXQEojzptdVnnoQIdL8=
49,40,Duqt3kWLE2nbSb3Zg/lKm34JFRc=,kjWWKBOqnXQEojzptdVnnoQIdL8=
62,39,Duqt3kWLE2nbSb3Zg/lKm34JFRc=,kjWWKBOqnXQEojzptdVnnoQIdL8=
54,39,Duqt3kWLE2nbSb3Zg/lKm34JFRc=,kjWWKBOqnXQEojzptdVnnoQIdL8=
55,39,Duqt3kWLE2nbSb3Zg/lKm34JFRc=,kjWWKBOqnXQEojzptdVnnoQIdL8=
61,39,Duqt3kWLE2nbSb3Zg/lKm34JFRc=,kjWWKBOqnXQEojzptdVnnoQIdL8=
58,39,Duqt3kWLE2nbSb3Zg/lKm34JFRc=,kjWWKBOqnXQEojzptdVnnoQIdL8=
56,32,Duqt3kWLE2nbSb3Zg/lKm34JFRc=,kjWWKBOqnXQEojzptdVnnoQIdL8=
57,39,Duqt3kWLE2nbSb3Zg/lKm34JFRc=,kjWWKBOqnXQEojzptdVnnoQIdL8=
60,39,Duqt3kWLE2nbSb3Zg/lKm34JFRc=,kjWWKBOqnXQEojzptdVnnoQIdL8=
59,34,Duqt3kWLE2nbSb3Zg/lKm34JFRc=,kjWWKBOqnXQEojzptdVnnoQIdL8=
51,39,Duqt3kWLE2nbSb3Zg/lKm34JFRc=,kjWWKBOqnXQEojzptdVnnoQIdL8=
48,39,Duqt3kWLE2nbSb3Zg/lKm34JFRc=,kjWWKBOqnXQEojzptdVnnoQIdL8=
56,39,Duqt3kWLE2nbSb3Zg/lKm34JFRc=,kjWWKBOqnXQEojzptdVnnoQIdL8=
52,39,Duqt3kWLE2nbSb3Zg/lKm34JFRc=,kjWWKBOqnXQEojzptdVnnoQIdL8=
50,39,Duqt3kWLE2nbSb3Zg/lKm34JFRc=,kjWWKBOqnXQEojzptdVnnoQIdL8=
49,39,Duqt3kWLE2nbSb3Zg/lKm34JFRc=,kjWWKBOqnXQEojzptdVnnoQIdL8=
62,38,Duqt3kWLE2nbSb3Zg/lKm34JFRc=,kjWWKBOqnXQEojzptdVnnoQIdL8=
55,32,Duqt3kWLE2nbSb3Zg/lKm34JFRc=,kjWWKBOqnXQEojzptdVnnoQIdL8=
59,38,Duqt3kWLE2nbSb3Zg/lKm34JFRc=,kjWWKBOqnXQEojzptdVnnoQIdL8=
63,38,Duqt3kWLE2nbSb3Zg/lKm34JFRc=,kjWWKBOqnXQEojzptdVnnoQIdL8=
55,38,Duqt3kWLE2nbSb3Zg/lKm34JFRc=,kjWWKBOqnXQEojzptdVnnoQIdL8=
57,38,Duqt3kWLE2nbSb3Zg/lKm34JFRc=,kjWWKBOqnXQEojzptdVnnoQIdL8=
58,38,Duqt3kWLE2nbSb3Zg/lKm34JFRc=,kjWWKBOqnXQEojzptdVnnoQIdL8=
53,39,Duqt3kWLE2nbSb3Zg/lKm34JFRc=,kjWWKBOqnXQEojzptdVnnoQIdL8=
61,38,Duqt3kWLE2nbSb3Zg/lKm34JFRc=,kjWWKBOqnXQEojzptdVnnoQIdL8=
54,38,Duqt3kWLE2nbSb3Zg/lKm34JFRc=,kjWWKBOqnXQEojzptdVnnoQIdL8=
56,38,Duqt3kWLE2nbSb3Zg/lKm34JFRc=,kjWWKBOqnXQEojzptdVnnoQIdL8=
49,38,Duqt3kWLE2nbSb3Zg/lKm34JFRc=,kjWWKBOqnXQEojzptdVnnoQIdL8=
60,34,Duqt3kWLE2nbSb3Zg/lKm34JFRc=,kjWWKBOqnXQEojzptdVnnoQIdL8=
48,38,Duqt3kWLE2nbSb3Zg/lKm34JFRc=,kjWWKBOqnXQEojzptdVnnoQIdL8=
52,38,Duqt3kWLE2nbSb3Zg/lKm34JFRc=,kjWWKBOqnXQEojzptdVnnoQIdL8=
50,38,Duqt3kWLE2nbSb3Zg/lKm34JFRc=,kjWWKBOqnXQEojzptdVnnoQIdL8=
53,38,Duqt3kWLE2nbSb3Zg/lKm34JFRc=,kjWWKBOqnXQEojzptdVnnoQIdL8=
61,37,Duqt3kWLE2nbSb3Zg/lKm34JFRc=,kjWWKBOqnXQEojzptdVnnoQIdL8=
54,32,Duqt3kWLE2nbSb3Zg/lKm34JFRc=,kjWWKBOqnXQEojzptdVnnoQIdL8=
63,37,Duqt3kWLE2nbSb3Zg/lKm34JFRc=,kjWWKBOqnXQEojzptdVnnoQIdL8=
59,37,Duqt3kWLE2nbSb3Zg/lKm34JFRc=,kjWWKBOqnXQEojzptdVnnoQIdL8=
60,38,Duqt3kWLE2nbSb3Zg/lKm34JFRc=,kjWWKBOqnXQEojzptdVnnoQIdL8=
58,37,Duqt3kWLE2nbSb3Zg/lKm34JFRc=,kjWWKBOqnXQEojzptdVnnoQIdL8=
51,38,Duqt3kWLE2nbSb3Zg/lKm34JFRc=,kjWWKBOqnXQEojzptdVnnoQIdL8=
62,37,Duqt3kWLE2nbSb3Zg/lKm34JFRc=,kjWWKBOqnXQEojzptdVnnoQIdL8=
54,37,Duqt3kWLE2nbSb3Zg/lKm34JFRc=,kjWWKBOqnXQEojzptdVnnoQIdL8=
56,37,Duqt3kWLE2nbSb3Zg/lKm34JFRc=,kjWWKBOqnXQEojzptdVnnoQIdL8=
60,37,Duqt3kWLE2nbSb3Zg/lKm34JFRc=,kjWWKBOqnXQEojzptdVnnoQIdL8=
57,37,Duqt3kWLE2nbSb3Zg/lKm34JFRc=,kjWWKBOqnXQEojzptdVnnoQIdL8=
55,37,Duqt3kWLE2nbSb3Zg/lKm34JFRc=,kjWWKBOqnXQEojzptdVnnoQIdL8=
53,37,Duqt3kWLE2nbSb3Zg/lKm34JFRc=,kjWWKBOqnXQEojzptdVnnoQIdL8=
61,34,Duqt3kWLE2nbSb3Zg/lKm34JFRc=,kjWWKBOqnXQEojzptdVnnoQIdL8=
50,37,Duqt3kWLE2nbSb3Zg/lKm34JFRc=,kjWWKBOqnXQEojzptdVnnoQIdL8=
51,37,Duqt3kWLE2nbSb3Zg/lKm34JFRc=,kjWWKBOqnXQEojzptdVnnoQIdL8=
48,37,Duqt3kWLE2nbSb3Zg/lKm34JFRc=,kjWWKBOqnXQEojzptdVnnoQIdL8=
63,36,Duqt3kWLE2nbSb3Zg/lKm34JFRc=,kjWWKBOqnXQEojzptdVnnoQIdL8=
49,37,Duqt3kWLE2nbSb3Zg/lKm34JFRc=,kjWWKBOqnXQEojzptdVnnoQIdL8=
52,37,Duqt3kWLE2nbSb3Zg/lKm34JFRc=,kjWWKBOqnXQEojzptdVnnoQIdL8=
62,36,Duqt3kWLE2nbSb3Zg/lKm34JFRc=,kjWWKBOqnXQEojzptdVnnoQIdL8=
59,36,Duqt3kWLE2nbSb3Zg/lKm34JFRc=,kjWWKBOqnXQEojzptdVnnoQIdL8=
58,36,Duqt3kWLE2nbSb3Zg/lKm34JFRc=,kjWWKBOqnXQEojzptdVnnoQIdL8=
53,32,Duqt3kWLE2nbSb3Zg/lKm34JFRc=,kjWWKBOqnXQEojzptdVnnoQIdL8=
56,36,Duqt3kWLE2nbSb3Zg/lKm34JFRc=,kjWWKBOqnXQEojzptdVnnoQIdL8=
61,36,Duqt3kWLE2nbSb3Zg/lKm34JFRc=,kjWWKBOqnXQEojzptdVnnoQIdL8=
54,36,Duqt3kWLE2nbSb3Zg/lKm34JFRc=,kjWWKBOqnXQEojzptdVnnoQIdL8=
60,36,Duqt3kWLE2nbSb3Zg/lKm34JFRc=,kjWWKBOqnXQEojzptdVnnoQIdL8=
55,36,Duqt3kWLE2nbSb3Zg/lKm34JFRc=,kjWWKBOqnXQEojzptdVnnoQIdL8=
52,36,Duqt3kWLE2nbSb3Zg/lKm34JFRc=,kjWWKBOqnXQEojzptdVnnoQIdL8=
57,36,Duqt3kWLE2nbSb3Zg/lKm34JFRc=,kjWWKBOqnXQEojzptdVnnoQIdL8=
51,36,Duqt3kWLE2nbSb3Zg/lKm34JFRc=,kjWWKBOqnXQEojzptdVnnoQIdL8=
62,34,Duqt3kWLE2nbSb3Zg/lKm34JFRc=,kjWWKBOqnXQEojzptdVnnoQIdL8=
49,36,Duqt3kWLE2nbSb3Zg/lKm34JFRc=,kjWWKBOqnXQEojzptdVnnoQIdL8=
48,36,Duqt3kWLE2nbSb3Zg/lKm34JFRc=,kjWWKBOqnXQEojzptdVnnoQIdL8=
50,36,Duqt3kWLE2nbSb3Zg/lKm34JFRc=,kjWWKBOqnXQEojzptdVnnoQIdL8=
52,32,Duqt3kWLE2nbSb3Zg/lKm34JFRc=,kjWWKBOqnXQEojzptdVnnoQIdL8=
62,35,Duqt3kWLE2nbSb3Zg/lKm34JFRc=,kjWWKBOqnXQEojzptdVnnoQIdL8=
53,36,Duqt3kWLE2nbSb3Zg/lKm34JFRc=,kjWWKBOqnXQEojzptdVnnoQIdL8=
61,35,Duqt3kWLE2nbSb3Zg/lKm34JFRc=,kjWWKBOqnXQEojzptdVnnoQIdL8=
51,35,Duqt3kWLE2nbSb3Zg/lKm34JFRc=,kjWWKBOqnXQEojzptdVnnoQIdL8=
56,35,Duqt3kWLE2nbSb3Zg/lKm34JFRc=,kjWWKBOqnXQEojzptdVnnoQIdL8=
54,35,Duqt3kWLE2nbSb3Zg/lKm34JFRc=,kjWWKBOqnXQEojzptdVnnoQIdL8=
63,35,Duqt3kWLE2nbSb3Zg/lKm34JFRc=,kjWWKBOqnXQEojzptdVnnoQIdL8=
60,35,Duqt3kWLE2nbSb3Zg/lKm34JFRc=,kjWWKBOqnXQEojzptdVnnoQIdL8=
52,35,Duqt3kWLE2nbSb3Zg/lKm34JFRc=,kjWWKBOqnXQEojzptdVnnoQIdL8=
58,35,Duqt3kWLE2nbSb3Zg/lKm34JFRc=,kjWWKBOqnXQEojzptdVnnoQIdL8=
55,35,Duqt3kWLE2nbSb3Zg/lKm34JFRc=,kjWWKBOqnXQEojzptdVnnoQIdL8=
59,35,Duqt3kWLE2nbSb3Zg/lKm34JFRc=,kjWWKBOqnXQEojzptdVnnoQIdL8=
57,35,Duqt3kWLE2nbSb3Zg/lKm34JFRc=,kjWWKBOqnXQEojzptdVnnoQIdL8=
48,35,Duqt3kWLE2nbSb3Zg/lKm34JFRc=,kjWWKBOqnXQEojzptdVnnoQIdL8=
53,35,Duqt3kWLE2nbSb3Zg/lKm34JFRc=,kjWWKBOqnXQEojzptdVnnoQIdL8=
50,35,Duqt3kWLE2nbSb3Zg/lKm34JFRc=,kjWWKBOqnXQEojzptdVnnoQIdL8=
63,34,Duqt3kWLE2nbSb3Zg/lKm34JFRc=,kjWWKBOqnXQEojzptdVnnoQIdL8=
51,32,Duqt3kWLE2nbSb3Zg/lKm34JFRc=,kjWWKBOqnXQEojzptdVnnoQIdL8=
49,35,Duqt3kWLE2nbSb3Zg/lKm34JFRc=,kjWWKBOqnXQEojzptdVnnoQIdL8=
32,48,9OnpBHOogWoxvpw6Vf+lzBQqdy0=,kjWWKBOqnXQEojzptdVnnoQIdL8=
47,48,9OnpBHOogWoxvpw6Vf+lzBQqdy0=,kjWWKBOqnXQEojzptdVnnoQIdL8=
47,63,9OnpBHOogWoxvpw6Vf+lzBQqdy0=,kjWWKBOqnXQEojzptdVnnoQIdL8=
45,63,9OnpBHOogWoxvpw6Vf+lzBQqdy0=,kjWWKBOqnXQEojzptdVnnoQIdL8=
46,63,9OnpBHOogWoxvpw6Vf+lzBQqdy0=,kjWWKBOqnXQEojzptdVnnoQIdL8=
43,63,9OnpBHOogWoxvpw6Vf+lzBQqdy0=,kjWWKBOqnXQEojzptdVnnoQIdL8=
41,63,9OnpBHOogWoxvpw6Vf+lzBQqdy0=,kjWWKBOqnXQEojzptdVnnoQIdL8=
44,63,9OnpBHOogWoxvpw6Vf+lzBQqdy0=,kjWWKBOqnXQEojzptdVnnoQIdL8=
42,63,9OnpBHOogWoxvpw6Vf+lzBQqdy0=,kjWWKBOqnXQEojzptdVnnoQIdL8=
40,63,9OnpBHOogWoxvpw6Vf+lzBQqdy0=,kjWWKBOqnXQEojzptdVnnoQIdL8=
39,63,9OnpBHOogWoxvpw6Vf+lzBQqdy0=,kjWWKBOqnXQEojzptdVnnoQIdL8=
38,63,9OnpBHOogWoxvpw6Vf+lzBQqdy0=,kjWWKBOqnXQEojzptdVnnoQIdL8=
37,63,9OnpBHOogWoxvpw6Vf+lzBQqdy0=,kjWWKBOqnXQEojzptdVnnoQIdL8=
35,63,9OnpBHOogWoxvpw6Vf+lzBQqdy0=,kjWWKBOqnXQEojzptdVnnoQIdL8=
34,63,9OnpBHOogWoxvpw6Vf+lzBQqdy0=,kjWWKBOqnXQEojzptdVnnoQIdL8=
32,63,9OnpBHOogWoxvpw6Vf+lzBQqdy0=,kjWWKBOqnXQEojzptdVnnoQIdL8=
32,49,9OnpBHOogWoxvpw6Vf+lzBQqdy0=,kjWWKBOqnXQEojzptdVnnoQIdL8=
33,63,9OnpBHOogWoxvpw6Vf+lzBQqdy0=,kjWWKBOqnXQEojzptdVnnoQIdL8=
36,63,9OnpBHOogWoxvpw6Vf+lzBQqdy0=,kjWWKBOqnXQEojzptdVnnoQIdL8=
47,62,9OnpBHOogWoxvpw6Vf+lzBQqdy0=,kjWWKBOqnXQEojzptdVnnoQIdL8=
33,49,9OnpBHOogWoxvpw6Vf+lzBQqdy0=,kjWWKBOqnXQEojzptdVnnoQIdL8=
46,48,9OnpBHOogWoxvpw6Vf+lzBQqdy0=,kjWWKBOqnXQEojzptdVnnoQIdL8=
34,49,9OnpBHOogWoxvpw6Vf+lzBQqdy0=,kjWWKBOqnXQEojzptdVnnoQIdL8=
44,62,9OnpBHOogWoxvpw6Vf+lzBQqdy0=,kjWWKBOqnXQEojzptdVnnoQIdL8=
46,62,9OnpBHOogWoxvpw6Vf+lzBQqdy0=,kjWWKBOqnXQEojzptdVnnoQIdL8=
42,62,9OnpBHOogWoxvpw6Vf+lzBQqdy0=,kjWWKBOqnXQEojzptdVnnoQIdL8=
35,49,9OnpBHOogWoxvpw6Vf+lzBQqdy0=,kjWWKBOqnXQEojzptdVnnoQIdL8=
36,49,9OnpBHOogWoxvpw6Vf+lzBQqdy0=,kjWWKBOqnXQEojzptdVnnoQIdL8=
37,49,9OnpBHOogWoxvpw6Vf+lzBQqdy0=,kjWWKBOqnXQEojzptdVnnoQIdL8=
40,62,9OnpBHOogWoxvpw6Vf+lzBQqdy0=,kjWWKBOqnXQEojzptdVnnoQIdL8=
41,62,9OnpBHOogWoxvpw6Vf+lzBQqdy0=,kjWWKBOqnXQEojzptdVnnoQIdL8=
39,62,9OnpBHOogWoxvpw6Vf+lzBQqdy0=,kjWWKBOqnXQEojzptdVnnoQIdL8=
38,49,9OnpBHOogWoxvpw6Vf+lzBQqdy0=,kjWWKBOqnXQEojzptdVnnoQIdL8=
37,62,9OnpBHOogWoxvpw6Vf+lzBQqdy0=,kjWWKBOqnXQEojzptdVnnoQIdL8=
38,62,9OnpBHOogWoxvpw6Vf+lzBQqdy0=,kjWWKBOqnXQEojzptdVnnoQIdL8=
39,49,9OnpBHOogWoxvpw6Vf+lzBQqdy0=,kjWWKBOqnXQEojzptdVnnoQIdL8=
35,62,9OnpBHOogWoxvpw6Vf+lzBQqdy0=,kjWWKBOqnXQEojzptdVnnoQIdL8=
43,62,9OnpBHOogWoxvpw6Vf+lzBQqdy0=,kjWWKBOqnXQEojzptdVnnoQIdL8=
45,48,9OnpBHOogWoxvpw6Vf+lzBQqdy0=,kjWWKBOqnXQEojzptdVnnoQIdL8=
40,49,9OnpBHOogWoxvpw6Vf+lzBQqdy0=,kjWWKBOqnXQEojzptdVnnoQIdL8=
34,62,9OnpBHOogWoxvpw6Vf+lzBQqdy0=,kjWWKBOqnXQEojzptdVnnoQIdL8=
47,61,9OnpBHOogWoxvpw6Vf+lzBQqdy0=,kjWWKBOqnXQEojzptdVnnoQIdL8=
32,62,9OnpBHOogWoxvpw6Vf+lzBQqdy0=,kjWWKBOqnXQEojzptdVnnoQIdL8=
45,62,9OnpBHOogWoxvpw6Vf+lzBQqdy0=,kjWWKBOqnXQEojzptdVnnoQIdL8=
46,61,9OnpBHOogWoxvpw6Vf+lzBQqdy0=,kjWWKBOqnXQEojzptdVnnoQIdL8=
36,62,9OnpBHOogWoxvpw6Vf+lzBQqdy0=,kjWWKBOqnXQEojzptdVnnoQIdL8=
45,61,9OnpBHOogWoxvpw6Vf+lzBQqdy0=,kjWWKBOqnXQEojzptdVnnoQIdL8=
43,61,9OnpBHOogWoxvpw6Vf+lzBQqdy0=,kjWWKBOqnXQEojzptdVnnoQIdL8=
41,49,9OnpBHOogWoxvpw6Vf+lzBQqdy0=,kjWWKBOqnXQEojzptdVnnoQIdL8=
33,62,9OnpBHOogWoxvpw6Vf+lzBQqdy0=,kjWWKBOqnXQEojzptdVnnoQIdL8=
44,61,9OnpBHOogWoxvpw6Vf+lzBQqdy0=,kjWWKBOqnXQEojzptdVnnoQIdL8=
42,49,9OnpBHOogWoxvpw6Vf+lzBQqdy0=,kjWWKBOqnXQEojzptdVnnoQIdL8=
41,61,9OnpBHOogWoxvpw6Vf+lzBQqdy0=,kjWWKBOqnXQEojzptdVnnoQIdL8=
42,61,9OnpBHOogWoxvpw6Vf+lzBQqdy0=,kjWWKBOqnXQEojzptdVnnoQIdL8=
40,61,9OnpBHOogWoxvpw6Vf+lzBQqdy0=,kjWWKBOqnXQEojzptdVnnoQIdL8=
39,61,9OnpBHOogWoxvpw6Vf+lzBQqdy0=,kjWWKBOqnXQEojzptdVnnoQIdL8=
43,49,9OnpBHOogWoxvpw6Vf+lzBQqdy0=,kjWWKBOqnXQEojzptdVnnoQIdL8=
34,61,9OnpBHOogWoxvpw6Vf+lzBQqdy0=,kjWWKBOqnXQEojzptdVnnoQIdL8=
35,61,9OnpBHOogWoxvpw6Vf+lzBQqdy0=,kjWWKBOqnXQEojzptdVnnoQIdL8=
36,61,9OnpBHOogWoxvpw6Vf+lzBQqdy0=,kjWWKBOqnXQEojzptdVnnoQIdL8=
33,61,9OnpBHOogWoxvpw6Vf+lzBQqdy0=,kjWWKBOqnXQEojzptdVnnoQIdL8=
37,61,9OnpBHOogWoxvpw6Vf+lzBQqdy0=,kjWWKBOqnXQEojzptdVnnoQIdL8=
38,61,9OnpBHOogWoxvpw6Vf+lzBQqdy0=,kjWWKBOqnXQEojzptdVnnoQIdL8=
44,49,9OnpBHOogWoxvpw6Vf+lzBQqdy0=,kjWWKBOqnXQEojzptdVnnoQIdL8=
32,61,9OnpBHOogWoxvpw6Vf+lzBQqdy0=,kjWWKBOqnXQEojzptdVnnoQIdL8=
45,60,9OnpBHOogWoxvpw6Vf+lzBQqdy0=,kjWWKBOqnXQEojzptdVnnoQIdL8=
44,48,9OnpBHOogWoxvpw6Vf+lzBQqdy0=,kjWWKBOqnXQEojzptdVnnoQIdL8=
46,60,9OnpBHOogWoxvpw6Vf+lzBQqdy0=,kjWWKBOqnXQEojzptdVnnoQIdL8=
47,60,9OnpBHOogWoxvpw6Vf+lzBQqdy0=,kjWWKBOqnXQEojzptdVnnoQIdL8=
42,60,9OnpBHOogWoxvpw6Vf+lzBQqdy0=,kjWWKBOqnXQEojzptdVnnoQIdL8=
40,60,9OnpBHOogWoxvpw6Vf+lzBQqdy0=,kjWWKBOqnXQEojzptdVnnoQIdL8=
41,60,9OnpBHOogWoxvpw6Vf+lzBQqdy0=,kjWWKBOqnXQEojzptdVnnoQIdL8=
45,49,9OnpBHOogWoxvpw6Vf+lzBQqdy0=,kjWWKBOqnXQEojzptdVnnoQIdL8=
39,60,9OnpBHOogWoxvpw6Vf+lzBQqdy0=,kjWWKBOqnXQEojzptdVnnoQIdL8=
43,60,9OnpBHOogWoxvpw6Vf+lzBQqdy0=,kjWWKBOqnXQEojzptdVnnoQIdL8=
44,60,9OnpBHOogWoxvpw6Vf+lzBQqdy0=,kjWWKBOqnXQEojzptdVnnoQIdL8=
38,60,9OnpBHOogWoxvpw6Vf+lzBQqdy0=,kjWWKBOqnXQEojzptdVnnoQIdL8=
36,60,9OnpBHOogWoxvpw6Vf+lzBQqdy0=,kjWWKBOqnXQEojzptdVnnoQIdL8=
37,60,9OnpBHOogWoxvpw6Vf+lzBQqdy0=,kjWWKBOqnXQEojzptdVnnoQIdL8=
33,60,9OnpBHOogWoxvpw6Vf+lzBQqdy0=,kjWWKBOqnXQEojzptdVnnoQIdL8=
32,60,9OnpBHOogWoxvpw6Vf+lzBQqdy0=,kjWWKBOqnXQEojzptdVnnoQIdL8=
46,49,9OnpBHOogWoxvpw6Vf+lzBQqdy0=,kjWWKBOqnXQEojzptdVnnoQIdL8=
43,48,9OnpBHOogWoxvpw6Vf+lzBQqdy0=,kjWWKBOqnXQEojzptdVnnoQIdL8=
47,59,9OnpBHOogWoxvpw6Vf+lzBQqdy0=,kjWWKBOqnXQEojzptdVnnoQIdL8=
45,59,9OnpBHOogWoxvpw6Vf+lzBQqdy0=,kjWWKBOqnXQEojzptdVnnoQIdL8=
35,60,9OnpBHOogWoxvpw6Vf+lzBQqdy0=,kjWWKBOqnXQEojzptdVnnoQIdL8=
40,59,9OnpBHOogWoxvpw6Vf+lzBQqdy0=,kjWWKBOqnXQEojzptdVnnoQIdL8=
46,59,9OnpBHOogWoxvpw6Vf+lzBQqdy0=,kjWWKBOqnXQEojzptdVnnoQIdL8=
47,49,9OnpBHOogWoxvpw6Vf+lzBQqdy0=,kjWWKBOqnXQEojzptdVnnoQIdL8=
41,59,9OnpBHOogWoxvpw6Vf+lzBQqdy0=,kjWWKBOqnXQEojzptdVnnoQIdL8=
34,60,9OnpBHOogWoxvpw6Vf+lzBQqdy0=,kjWWKBOqnXQEojzptdVnnoQIdL8=
43,59,9OnpBHOogWoxvpw6Vf+lzBQqdy0=,kjWWKBOqnXQEojzptdVnnoQIdL8=
38,59,9OnpBHOogWoxvpw6Vf+lzBQqdy0=,kjWWKBOqnXQEojzptdVnnoQIdL8=
44,59,9OnpBHOogWoxvpw6Vf+lzBQqdy0=,kjWWKBOqnXQEojzptdVnnoQIdL8=
35,59,9OnpBHOogWoxvpw6Vf+lzBQqdy0=,kjWWKBOqnXQEojzptdVnnoQIdL8=
34,59,9OnpBHOogWoxvpw6Vf+lzBQqdy0=,kjWWKBOqnXQEojzptdVnnoQIdL8=
36,59,9OnpBHOogWoxvpw6Vf+lzBQqdy0=,kjWWKBOqnXQEojzptdVnnoQIdL8=
33,59,9OnpBHOogWoxvpw6Vf+lzBQqdy0=,kjWWKBOqnXQEojzptdVnnoQIdL8=
32,50,9OnpBHOogWoxvpw6Vf+lzBQqdy0=,kjWWKBOqnXQEojzptdVnnoQIdL8=
37,59,9OnpBHOogWoxvpw6Vf+lzBQqdy0=,kjWWKBOqnXQEojzptdVnnoQIdL8=
42,48,9OnpBHOogWoxvpw6Vf+lzBQqdy0=,kjWWKBOqnXQEojzptdVnnoQIdL8=
42,59,9OnpBHOogWoxvpw6Vf+lzBQqdy0=,kjWWKBOqnXQEojzptdVnnoQIdL8=
39,59,9OnpBHOogWoxvpw6Vf+lzBQqdy0=,kjWWKBOqnXQEojzptdVnnoQIdL8=
46,58,9OnpBHOogWoxvpw6Vf+lzBQqdy0=,kjWWKBOqnXQEojzptdVnnoQIdL8=
43,58,9OnpBHOogWoxvpw6Vf+lzBQqdy0=,kjWWKBOqnXQEojzptdVnnoQIdL8=
47,58,9OnpBHOogWoxvpw6Vf+lzBQqdy0=,kjWWKBOqnXQEojzptdVnnoQIdL8=
45,58,9OnpBHOogWoxvpw6Vf+lzBQqdy0=,kjWWKBOqnXQEojzptdVnnoQIdL8=
42,58,9OnpBHOogWoxvpw6Vf+lzBQqdy0=,kjWWKBOqnXQEojzptdVnnoQIdL8=
33,48,9OnpBHOogWoxvpw6Vf+lzBQqdy0=,kjWWKBOqnXQEojzptdVnnoQIdL8=
41,58,9OnpBHOogWoxvpw6Vf+lzBQqdy0=,kjWWKBOqnXQEojzptdVnnoQIdL8=
39,58,9OnpBHOogWoxvpw6Vf+lzBQqdy0=,kjWWKBOqnXQEojzptdVnnoQIdL8=
32,59,9OnpBHOogWoxvpw6Vf+lzBQqdy0=,kjWWKBOqnXQEojzptdVnnoQIdL8=
40,58,9OnpBHOogWoxvpw6Vf+lzBQqdy0=,kjWWKBOqnXQEojzptdVnnoQIdL8=
34,58,9OnpBHOogWoxvpw6Vf+lzBQqdy0=,kjWWKBOqnXQEojzptdVnnoQIdL8=
37,58,9OnpBHOogWoxvpw6Vf+lzBQqdy0=,kjWWKBOqnXQEojzptdVnnoQIdL8=
36,58,9OnpBHOogWoxvpw6Vf+lzBQqdy0=,kjWWKBOqnXQEojzptdVnnoQIdL8=
38,58,9OnpBHOogWoxvpw6Vf+lzBQqdy0=,kjWWKBOqnXQEojzptdVnnoQIdL8=
44,58,9OnpBHOogWoxvpw6Vf+lzBQqdy0=,kjWWKBOqnXQEojzptdVnnoQIdL8=
33,50,9OnpBHOogWoxvpw6Vf+lzBQqdy0=,kjWWKBOqnXQEojzptdVnnoQIdL8=
32,58,9OnpBHOogWoxvpw6Vf+lzBQqdy0=,kjWWKBOqnXQEojzptdVnnoQIdL8=
33,58,9OnpBHOogWoxvpw6Vf+lzBQqdy0=,kjWWKBOqnXQEojzptdVnnoQIdL8=
41,48,9OnpBHOogWoxvpw6Vf+lzBQqdy0=,kjWWKBOqnXQEojzptdVnnoQIdL8=
35,58,9OnpBHOogWoxvpw6Vf+lzBQqdy0=,kjWWKBOqnXQEojzptdVnnoQIdL8=
46,57,9OnpBHOogWoxvpw6Vf+lzBQqdy0=,kjWWKBOqnXQEojzptdVnnoQIdL8=
34,50,9OnpBHOogWoxvpw6Vf+lzBQqdy0=,kjWWKBOqnXQEojzptdVnnoQIdL8=
42,57,9OnpBHOogWoxvpw6Vf+lzBQqdy0=,kjWWKBOqnXQEojzptdVnnoQIdL8=
44,57,9OnpBHOogWoxvpw6Vf+lzBQqdy0=,kjWWKBOqnXQEojzptdVnnoQIdL8=
41,57,9OnpBHOogWoxvpw6Vf+lzBQqdy0=,kjWWKBOqnXQEojzptdVnnoQIdL8=
39,57,9OnpBHOogWoxvpw6Vf+lzBQqdy0=,kjWWKBOqnXQEojzptdVnnoQIdL8=
47,57,9OnpBHOogWoxvpw6Vf+lzBQqdy0=,kjWWKBOqnXQEojzptdVnnoQIdL8=
40,57,9OnpBHOogWoxvpw6Vf+lzBQqdy0=,kjWWKBOqnXQEojzptdVnnoQIdL8=
37,57,9OnpBHOogWoxvpw6Vf+lzBQqdy0=,kjWWKBOqnXQEojzptdVnnoQIdL8=
34,57,9OnpBHOogWoxvpw6Vf+lzBQqdy0=,kjWWKBOqnXQEojzptdVnnoQIdL8=
35,50,9OnpBHOogWoxvpw6Vf+lzBQqdy0=,kjWWKBOqnXQEojzptdVnnoQIdL8=
36,57,9OnpBHOogWoxvpw6Vf+lzBQqdy0=,kjWWKBOqnXQEojzptdVnnoQIdL8=
43,57,9OnpBHOogWoxvpw6Vf+lzBQqdy0=,kjWWKBOqnXQEojzptdVnnoQIdL8=
33,57,9OnpBHOogWoxvpw6Vf+lzBQqdy0=,kjWWKBOqnXQEojzptdVnnoQIdL8=
46,56,9OnpBHOogWoxvpw6Vf+lzBQqdy0=,kjWWKBOqnXQEojzptdVnnoQIdL8=
43,56,9OnpBHOogWoxvpw6Vf+lzBQqdy0=,kjWWKBOqnXQEojzptdVnnoQIdL8=
40,48,9OnpBHOogWoxvpw6Vf+lzBQqdy0=,kjWWKBOqnXQEojzptdVnnoQIdL8=
47,56,9OnpBHOogWoxvpw6Vf+lzBQqdy0=,kjWWKBOqnXQEojzptdVnnoQIdL8=
44,56,9OnpBHOogWoxvpw6Vf+lzBQqdy0=,kjWWKBOqnXQEojzptdVnnoQIdL8=
40,56,9OnpBHOogWoxvpw6Vf+lzBQqdy0=,kjWWKBOqnXQEojzptdVnnoQIdL8=
45,57,9OnpBHOogWoxvpw6Vf+lzBQqdy0=,kjWWKBOqnXQEojzptdVnnoQIdL8=
35,57,9OnpBHOogWoxvpw6Vf+lzBQqdy0=,kjWWKBOqnXQEojzptdVnnoQIdL8=
39,56,9OnpBHOogWoxvpw6Vf+lzBQqdy0=,kjWWKBOqnXQEojzptdVnnoQIdL8=
36,50,9OnpBHOogWoxvpw6Vf+lzBQqdy0=,kjWWKBOqnXQEojzptdVnnoQIdL8=
41,56,9OnpBHOogWoxvpw6Vf+lzBQqdy0=,kjWWKBOqnXQEojzptdVnnoQIdL8=
42,56,9OnpBHOogWoxvpw6Vf+lzBQqdy0=,kjWWKBOqnXQEojzptdVnnoQIdL8=
38,56,9OnpBHOogWoxvpw6Vf+lzBQqdy0=,kjWWKBOqnXQEojzptdVnnoQIdL8=
36,56,9OnpBHOogWoxvpw6Vf+lzBQqdy0=,kjWWKBOqnXQEojzptdVnnoQIdL8=
37,50,9OnpBHOogWoxvpw6Vf+lzBQqdy0=,kjWWKBOqnXQEojzptdVnnoQIdL8=
37,56,9OnpBHOogWoxvpw6Vf+lzBQqdy0=,kjWWKBOqnXQEojzptdVnnoQIdL8=
32,57,9OnpBHOogWoxvpw6Vf+lzBQqdy0=,kjWWKBOqnXQEojzptdVnnoQIdL8=
33,56,9OnpBHOogWoxvpw6Vf+lzBQqdy0=,kjWWKBOqnXQEojzptdVnnoQIdL8=
46,55,9OnpBHOogWoxvpw6Vf+lzBQqdy0=,kjWWKBOqnXQEojzptdVnnoQIdL8=
35,56,9OnpBHOogWoxvpw6Vf+lzBQqdy0=,kjWWKBOqnXQEojzptdVnnoQIdL8=
32,56,9OnpBHOogWoxvpw6Vf+lzBQqdy0=,kjWWKBOqnXQEojzptdVnnoQIdL8=
45,56,9OnpBHOogWoxvpw6Vf+lzBQqdy0=,kjWWKBOqnXQEojzptdVnnoQIdL8=
39,48,9OnpBHOogWoxvpw6Vf+lzBQqdy0=,kjWWKBOqnXQEojzptdVnnoQIdL8=
47,55,9OnpBHOogWoxvpw6Vf+lzBQqdy0=,kjWWKBOqnXQEojzptdVnnoQIdL8=
43,55,9OnpBHOogWoxvpw6Vf+lzBQqdy0=,kjWWKBOqnXQEojzptdVnnoQIdL8=
42,55,9OnpBHOogWoxvpw6Vf+lzBQqdy0=,kjWWKBOqnXQEojzptdVnnoQIdL8=
34,56,9OnpBHOogWoxvpw6Vf+lzBQqdy0=,kjWWKBOqnXQEojzptdVnnoQIdL8=
44,55,9OnpBHOogWoxvpw6Vf+lzBQqdy0=,kjWWKBOqnXQEojzptdVnnoQIdL8=
40,55,9OnpBHOogWoxvpw6Vf+lzBQqdy0=,kjWWKBOqnXQEojzptdVnnoQIdL8=
41,55,9OnpBHOogWoxvpw6Vf+lzBQqdy0=,kjWWKBOqnXQEojzptdVnnoQIdL8=
39,55,9OnpBHOogWoxvpw6Vf+lzBQqdy0=,kjWWKBOqnXQEojzptdVnnoQIdL8=
45,55,9OnpBHOogWoxvpw6Vf+lzBQqdy0=,kjWWKBOqnXQEojzptdVnnoQIdL8=
38,55,9OnpBHOogWoxvpw6Vf+lzBQqdy0=,kjWWKBOqnXQEojzptdVnnoQIdL8=
36,55,9OnpBHOogWoxvpw6Vf+lzBQqdy0=,kjWWKBOqnXQEojzptdVnnoQIdL8=
34,55,9OnpBHOogWoxvpw6Vf+lzBQqdy0=,kjWWKBOqnXQEojzptdVnnoQIdL8=
38,50,9OnpBHOogWoxvpw6Vf+lzBQqdy0=,kjWWKBOqnXQEojzptdVnnoQIdL8=
35,55,9OnpBHOogWoxvpw6Vf+lzBQqdy0=,kjWWKBOqnXQEojzptdVnnoQIdL8=
33,55,9OnpBHOogWoxvpw6Vf+lzBQqdy0=,kjWWKBOqnXQEojzptdVnnoQIdL8=
47,54,9OnpBHOogWoxvpw6Vf+lzBQqdy0=,kjWWKBOqnXQEojzptdVnnoQIdL8=
32,55,9OnpBHOogWoxvpw6Vf+lzBQqdy0=,kjWWKBOqnXQEojzptdVnnoQIdL8=
46,54,9OnpBHOogWoxvpw6Vf+lzBQqdy0=,kjWWKBOqnXQEojzptdVnnoQIdL8=
38,48,9OnpBHOogWoxvpw6Vf+lzBQqdy0=,kjWWKBOqnXQEojzptdVnnoQIdL8=
45,54,9OnpBHOogWoxvpw6Vf+lzBQqdy0=,kjWWKBOqnXQEojzptdVnnoQIdL8=
38,57,9OnpBHOogWoxvpw6Vf+lzBQqdy0=,kjWWKBOqnXQEojzptdVnnoQIdL8=
42,54,9OnpBHOogWoxvpw6Vf+lzBQqdy0=,kjWWKBOqnXQEojzptdVnnoQIdL8=
39,50,9OnpBHOogWoxvpw6Vf+lzBQqdy0=,kjWWKBOqnXQEojzptdVnnoQIdL8=
44,54,9OnpBHOogWoxvpw6Vf+lzBQqdy0=,kjWWKBOqnXQEojzptdVnnoQIdL8=
41,54,9OnpBHOogWoxvpw6Vf+lzBQqdy0=,kjWWKBOqnXQEojzptdVnnoQIdL8=
38,54,9OnpBHOogWoxvpw6Vf+lzBQqdy0=,kjWWKBOqnXQEojzptdVnnoQIdL8=
43,54,9OnpBHOogWoxvpw6Vf+lzBQqdy0=,kjWWKBOqnXQEojzptdVnnoQIdL8=
39,54,9OnpBHOogWoxvpw6Vf+lzBQqdy0=,kjWWKBOqnXQEojzptdVnnoQIdL8=
37,54,9OnpBHOogWoxvpw6Vf+lzBQqdy0=,kjWWKBOqnXQEojzptdVnnoQIdL8=
35,54,9OnpBHOogWoxvpw6Vf+lzBQqdy0=,kjWWKBOqnXQEojzptdVnnoQIdL8=
37,55,9OnpBHOogWoxvpw6Vf+lzBQqdy0=,kjWWKBOqnXQEojzptdVnnoQIdL8=
34,54,9OnpBHOogWoxvpw6Vf+lzBQqdy0=,kjWWKBOqnXQEojzptdVnnoQIdL8=
36,54,9OnpBHOogWoxvpw6Vf+lzBQqdy0=,kjWWKBOqnXQEojzptdVnnoQIdL8=
33,54,9OnpBHOogWoxvpw6Vf+lzBQqdy0=,kjWWKBOqnXQEojzptdVnnoQIdL8=
46,53,9OnpBHOogWoxvpw6Vf+lzBQqdy0=,kjWWKBOqnXQEojzptdVnnoQIdL8=
40,54,9OnpBHOogWoxvpw6Vf+lzBQqdy0=,kjWWKBOqnXQEojzptdVnnoQIdL8=
40,50,9OnpBHOogWoxvpw6Vf+lzBQqdy0=,kjWWKBOqnXQEojzptdVnnoQIdL8=
47,53,9OnpBHOogWoxvpw6Vf+lzBQqdy0=,kjWWKBOqnXQEojzptdVnnoQIdL8=
43,53,9OnpBHOogWoxvpw6Vf+lzBQqdy0=,kjWWKBOqnXQEojzptdVnnoQIdL8=
37,48,9OnpBHOogWoxvpw6Vf+lzBQqdy0=,kjWWKBOqnXQEojzptdVnnoQIdL8=
41,53,9OnpBHOogWoxvpw6Vf+lzBQqdy0=,kjWWKBOqnXQEojzptdVnnoQIdL8=
44,53,9OnpBHOogWoxvpw6Vf+lzBQqdy0=,kjWWKBOqnXQEojzptdVnnoQIdL8=
45,53,9OnpBHOogWoxvpw6Vf+lzBQqdy0=,kjWWKBOqnXQEojzptdVnnoQIdL8=
37,53,9OnpBHOogWoxvpw6Vf+lzBQqdy0=,kjWWKBOqnXQEojzptdVnnoQIdL8=
33,53,9OnpBHOogWoxvpw6Vf+lzBQqdy0=,kjWWKBOqnXQEojzptdVnnoQIdL8=
41,50,9OnpBHOogWoxvpw6Vf+lzBQqdy0=,kjWWKBOqnXQEojzptdVnnoQIdL8=
36,53,9OnpBHOogWoxvpw6Vf+lzBQqdy0=,kjWWKBOqnXQEojzptdVnnoQIdL8=
34,53,9OnpBHOogWoxvpw6Vf+lzBQqdy0=,kjWWKBOqnXQEojzptdVnnoQIdL8=
32,54,9OnpBHOogWoxvpw6Vf+lzBQqdy0=,kjWWKBOqnXQEojzptdVnnoQIdL8=
36,48,9OnpBHOogWoxvpw6Vf+lzBQqdy0=,kjWWKBOqnXQEojzptdVnnoQIdL8=
42,53,9OnpBHOogWoxvpw6Vf+lzBQqdy0=,kjWWKBOqnXQEojzptdVnnoQIdL8=
40,53,9OnpBHOogWoxvpw6Vf+lzBQqdy0=,kjWWKBOqnXQEojzptdVnnoQIdL8=
38,53,9OnpBHOogWoxvpw6Vf+lzBQqdy0=,kjWWKBOqnXQEojzptdVnnoQIdL8=
47,52,9OnpBHOogWoxvpw6Vf+lzBQqdy0=,kjWWKBOqnXQEojzptdVnnoQIdL8=
39,53,9OnpBHOogWoxvpw6Vf+lzBQqdy0=,kjWWKBOqnXQEojzptdVnnoQIdL8=
35,53,9OnpBHOogWoxvpw6Vf+lzBQqdy0=,kjWWKBOqnXQEojzptdVnnoQIdL8=
42,50,9OnpBHOogWoxvpw6Vf+lzBQqdy0=,kjWWKBOqnXQEojzptdVnnoQIdL8=
43,52,9OnpBHOogWoxvpw6Vf+lzBQqdy0=,kjWWKBOqnXQEojzptdVnnoQIdL8=
46,52,9OnpBHOogWoxvpw6Vf+lzBQqdy0=,kjWWKBOqnXQEojzptdVnnoQIdL8=
32,53,9OnpBHOogWoxvpw6Vf+lzBQqdy0=,kjWWKBOqnXQEojzptdVnnoQIdL8=
42,52,9OnpBHOogWoxvpw6Vf+lzBQqdy0=,kjWWKBOqnXQEojzptdVnnoQIdL8=
44,52,9OnpBHOogWoxvpw6Vf+lzBQqdy0=,kjWWKBOqnXQEojzptdVnnoQIdL8=
40,52,9OnpBHOogWoxvpw6Vf+lzBQqdy0=,kjWWKBOqnXQEojzptdVnnoQIdL8=
45,52,9OnpBHOogWoxvpw6Vf+lzBQqdy0=,kjWWKBOqnXQEojzptdVnnoQIdL8=
43,50,9OnpBHOogWoxvpw6Vf+lzBQqdy0=,kjWWKBOqnXQEojzptdVnnoQIdL8=
41,52,9OnpBHOogWoxvpw6Vf+lzBQqdy0=,kjWWKBOqnXQEojzptdVnnoQIdL8=
33,52,9OnpBHOogWoxvpw6Vf+lzBQqdy0=,kjWWKBOqnXQEojzptdVnnoQIdL8=
37,52,9OnpBHOogWoxvpw6Vf+lzBQqdy0=,kjWWKBOqnXQEojzptdVnnoQIdL8=
35,48,9OnpBHOogWoxvpw6Vf+lzBQqdy0=,kjWWKBOqnXQEojzptdVnnoQIdL8=
36,52,9OnpBHOogWoxvpw6Vf+lzBQqdy0=,kjWWKBOqnXQEojzptdVnnoQIdL8=
39,52,9OnpBHOogWoxvpw6Vf+lzBQqdy0=,kjWWKBOqnXQEojzptdVnnoQIdL8=
41,51,9OnpBHOogWoxvpw6Vf+lzBQqdy0=,kjWWKBOqnXQEojzptdVnnoQIdL8=
44,50,9OnpBHOogWoxvpw6Vf+lzBQqdy0=,kjWWKBOqnXQEojzptdVnnoQIdL8=
38,52,9OnpBHOogWoxvpw6Vf+lzBQqdy0=,kjWWKBOqnXQEojzptdVnnoQIdL8=
37,51,9OnpBHOogWoxvpw6Vf+lzBQqdy0=,kjWWKBOqnXQEojzptdVnnoQIdL8=
46,51,9OnpBHOogWoxvpw6Vf+lzBQqdy0=,kjWWKBOqnXQEojzptdVnnoQIdL8=
45,50,9OnpBHOogWoxvpw6Vf+lzBQqdy0=,kjWWKBOqnXQEojzptdVnnoQIdL8=
36,51,9OnpBHOogWoxvpw6Vf+lzBQqdy0=,kjWWKBOqnXQEojzptdVnnoQIdL8=
32,52,9OnpBHOogWoxvpw6Vf+lzBQqdy0=,kjWWKBOqnXQEojzptdVnnoQIdL8=
35,52,9OnpBHOogWoxvpw6Vf+lzBQqdy0=,kjWWKBOqnXQEojzptdVnnoQIdL8=
47,51,9OnpBHOogWoxvpw6Vf+lzBQqdy0=,kjWWKBOqnXQEojzptdVnnoQIdL8=
34,52,9OnpBHOogWoxvpw6Vf+lzBQqdy0=,kjWWKBOqnXQEojzptdVnnoQIdL8=
44,51,9OnpBHOogWoxvpw6Vf+lzBQqdy0=,kjWWKBOqnXQEojzptdVnnoQIdL8=
42,51,9OnpBHOogWoxvpw6Vf+lzBQqdy0=,kjWWKBOqnXQEojzptdVnnoQIdL8=
33,51,9OnpBHOogWoxvpw6Vf+lzBQqdy0=,kjWWKBOqnXQEojzptdVnnoQIdL8=
34,51,9OnpBHOogWoxvpw6Vf+lzBQqdy0=,kjWWKBOqnXQEojzptdVnnoQIdL8=
38,51,9OnpBHOogWoxvpw6Vf+lzBQqdy0=,kjWWKBOqnXQEojzptdVnnoQIdL8=
39,51,9OnpBHOogWoxvpw6Vf+lzBQqdy0=,kjWWKBOqnXQEojzptdVnnoQIdL8=
40,51,9OnpBHOogWoxvpw6Vf+lzBQqdy0=,kjWWKBOqnXQEojzptdVnnoQIdL8=
46,50,9OnpBHOogWoxvpw6Vf+lzBQqdy0=,kjWWKBOqnXQEojzptdVnnoQIdL8=
35,51,9OnpBHOogWoxvpw6Vf+lzBQqdy0=,kjWWKBOqnXQEojzptdVnnoQIdL8=
32,51,9OnpBHOogWoxvpw6Vf+lzBQqdy0=,kjWWKBOqnXQEojzptdVnnoQIdL8=
34,48,9OnpBHOogWoxvpw6Vf+lzBQqdy0=,kjWWKBOqnXQEojzptdVnnoQIdL8=
47,50,9OnpBHOogWoxvpw6Vf+lzBQqdy0=,kjWWKBOqnXQEojzptdVnnoQIdL8=
43,51,9OnpBHOogWoxvpw6Vf+lzBQqdy0=,kjWWKBOqnXQEojzptdVnnoQIdL8=
45,51,9OnpBHOogWoxvpw6Vf+lzBQqdy0=,kjWWKBOqnXQEojzptdVnnoQIdL8=
63,63,MlILvADPYgLfKuRPjxwySgH5mU4=,kjWWKBOqnXQEojzptdVnnoQIdL8=
63,48,MlILvADPYgLfKuRPjxwySgH5mU4=,kjWWKBOqnXQEojzptdVnnoQIdL8=
62,48,MlILvADPYgLfKuRPjxwySgH5mU4=,kjWWKBOqnXQEojzptdVnnoQIdL8=
61,48,MlILvADPYgLfKuRPjxwySgH5mU4=,kjWWKBOqnXQEojzptdVnnoQIdL8=
60,48,MlILvADPYgLfKuRPjxwySgH5mU4=,kjWWKBOqnXQEojzptdVnnoQIdL8=
48,49,MlILvADPYgLfKuRPjxwySgH5mU4=,kjWWKBOqnXQEojzptdVnnoQIdL8=
62,63,MlILvADPYgLfKuRPjxwySgH5mU4=,kjWWKBOqnXQEojzptdVnnoQIdL8=
59,48,MlILvADPYgLfKuRPjxwySgH5mU4=,kjWWKBOqnXQEojzptdVnnoQIdL8=
57,48,MlILvADPYgLfKuRPjxwySgH5mU4=,kjWWKBOqnXQEojzptdVnnoQIdL8=
49,49,MlILvADPYgLfKuRPjxwySgH5mU4=,kjWWKBOqnXQEojzptdVnnoQIdL8=
56,48,MlILvADPYgLfKuRPjxwySgH5mU4=,kjWWKBOqnXQEojzptdVnnoQIdL8=
58,48,MlILvADPYgLfKuRPjxwySgH5mU4=,kjWWKBOqnXQEojzptdVnnoQIdL8=
54,48,MlILvADPYgLfKuRPjxwySgH5mU4=,kjWWKBOqnXQEojzptdVnnoQIdL8=
55,48,MlILvADPYgLfKuRPjxwySgH5mU4=,kjWWKBOqnXQEojzptdVnnoQIdL8=
53,48,MlILvADPYgLfKuRPjxwySgH5mU4=,kjWWKBOqnXQEojzptdVnnoQIdL8=
50,49,MlILvADPYgLfKuRPjxwySgH5mU4=,kjWWKBOqnXQEojzptdVnnoQIdL8=
52,48,MlILvADPYgLfKuRPjxwySgH5mU4=,kjWWKBOqnXQEojzptdVnnoQIdL8=
51,49,MlILvADPYgLfKuRPjxwySgH5mU4=,kjWWKBOqnXQEojzptdVnnoQIdL8=
51,48,MlILvADPYgLfKuRPjxwySgH5mU4=,kjWWKBOqnXQEojzptdVnnoQIdL8=
50,48,MlILvADPYgLfKuRPjxwySgH5mU4=,kjWWKBOqnXQEojzptdVnnoQIdL8=
48,48,MlILvADPYgLfKuRPjxwySgH5mU4=,kjWWKBOqnXQEojzptdVnnoQIdL8=
61,63,MlILvADPYgLfKuRPjxwySgH5mU4=,kjWWKBOqnXQEojzptdVnnoQIdL8=
60,63,MlILvADPYgLfKuRPjxwySgH5mU4=,kjWWKBOqnXQEojzptdVnnoQIdL8=
49,48,MlILvADPYgLfKuRPjxwySgH5mU4=,kjWWKBOqnXQEojzptdVnnoQIdL8=
52,49,MlILvADPYgLfKuRPjxwySgH5mU4=,kjWWKBOqnXQEojzptdVnnoQIdL8=
59,63,MlILvADPYgLfKuRPjxwySgH5mU4=,kjWWKBOqnXQEojzptdVnnoQIdL8=
58,63,MlILvADPYgLfKuRPjxwySgH5mU4=,kjWWKBOqnXQEojzptdVnnoQIdL8=
56,63,MlILvADPYgLfKuRPjxwySgH5mU4=,kjWWKBOqnXQEojzptdVnnoQIdL8=
53,49,MlILvADPYgLfKuRPjxwySgH5mU4=,kjWWKBOqnXQEojzptdVnnoQIdL8=
54,49,MlILvADPYgLfKuRPjxwySgH5mU4=,kjWWKBOqnXQEojzptdVnnoQIdL8=
57,63,MlILvADPYgLfKuRPjxwySgH5mU4=,kjWWKBOqnXQEojzptdVnnoQIdL8=
55,63,MlILvADPYgLfKuRPjxwySgH5mU4=,kjWWKBOqnXQEojzptdVnnoQIdL8=
54,63,MlILvADPYgLfKuRPjxwySgH5mU4=,kjWWKBOqnXQEojzptdVnnoQIdL8=
52,63,MlILvADPYgLfKuRPjxwySgH5mU4=,kjWWKBOqnXQEojzptdVnnoQIdL8=
53,63,MlILvADPYgLfKuRPjxwySgH5mU4=,kjWWKBOqnXQEojzptdVnnoQIdL8=
55,49,MlILvADPYgLfKuRPjxwySgH5mU4=,kjWWKBOqnXQEojzptdVnnoQIdL8=
51,63,MlILvADPYgLfKuRPjxwySgH5mU4=,kjWWKBOqnXQEojzptdVnnoQIdL8=
50,63,MlILvADPYgLfKuRPjxwySgH5mU4=,kjWWKBOqnXQEojzptdVnnoQIdL8=
56,49,MlILvADPYgLfKuRPjxwySgH5mU4=,kjWWKBOqnXQEojzptdVnnoQIdL8=
48,63,MlILvADPYgLfKuRPjxwySgH5mU4=,kjWWKBOqnXQEojzptdVnnoQIdL8=
49,63,MlILvADPYgLfKuRPjxwySgH5mU4=,kjWWKBOqnXQEojzptdVnnoQIdL8=
63,62,MlILvADPYgLfKuRPjxwySgH5mU4=,kjWWKBOqnXQEojzptdVnnoQIdL8=
57,49,MlILvADPYgLfKuRPjxwySgH5mU4=,kjWWKBOqnXQEojzptdVnnoQIdL8=
62,62,MlILvADPYgLfKuRPjxwySgH5mU4=,kjWWKBOqnXQEojzptdVnnoQIdL8=
61,62,MlILvADPYgLfKuRPjxwySgH5mU4=,kjWWKBOqnXQEojzptdVnnoQIdL8=
60,62,MlILvADPYgLfKuRPjxwySgH5mU4=,kjWWKBOqnXQEojzptdVnnoQIdL8=
58,49,MlILvADPYgLfKuRPjxwySgH5mU4=,kjWWKBOqnXQEojzptdVnnoQIdL8=
59,62,MlILvADPYgLfKuRPjxwySgH5mU4=,kjWWKBOqnXQEojzptdVnnoQIdL8=
58,62,MlILvADPYgLfKuRPjxwySgH5mU4=,kjWWKBOqnXQEojzptdVnnoQIdL8=
57,62,MlILvADPYgLfKuRPjxwySgH5mU4=,kjWWKBOqnXQEojzptdVnnoQIdL8=
54,62,MlILvADPYgLfKuRPjxwySgH5mU4=,kjWWKBOqnXQEojzptdVnnoQIdL8=
56,62,MlILvADPYgLfKuRPjxwySgH5mU4=,kjWWKBOqnXQEojzptdVnnoQIdL8=
53,62,MlILvADPYgLfKuRPjxwySgH5mU4=,kjWWKBOqnXQEojzptdVnnoQIdL8=
59,49,MlILvADPYgLfKuRPjxwySgH5mU4=,kjWWKBOqnXQEojzptdVnnoQIdL8=
51,62,MlILvADPYgLfKuRPjxwySgH5mU4=,kjWWKBOqnXQEojzptdVnnoQIdL8=
52,62,MlILvADPYgLfKuRPjxwySgH5mU4=,kjWWKBOqnXQEojzptdVnnoQIdL8=
60,49,MlILvADPYgLfKuRPjxwySgH5mU4=,kjWWKBOqnXQEojzptdVnnoQIdL8=
50,62,MlILvADPYgLfKuRPjxwySgH5mU4=,kjWWKBOqnXQEojzptdVnnoQIdL8=
55,62,MlILvADPYgLfKuRPjxwySgH5mU4=,kjWWKBOqnXQEojzptdVnnoQIdL8=
48,62,MlILvADPYgLfKuRPjxwySgH5mU4=,kjWWKBOqnXQEojzptdVnnoQIdL8=
61,49,MlILvADPYgLfKuRPjxwySgH5mU4=,kjWWKBOqnXQEojzptdVnnoQIdL8=
49,62,MlILvADPYgLfKuRPjxwySgH5mU4=,kjWWKBOqnXQEojzptdVnnoQIdL8=
62,61,MlILvADPYgLfKuRPjxwySgH5mU4=,kjWWKBOqnXQEojzptdVnnoQIdL8=
61,61,MlILvADPYgLfKuRPjxwySgH5mU4=,kjWWKBOqnXQEojzptdVnnoQIdL8=
60,61,MlILvADPYgLfKuRPjxwySgH5mU4=,kjWWKBOqnXQEojzptdVnnoQIdL8=
62,49,MlILvADPYgLfKuRPjxwySgH5mU4=,kjWWKBOqnXQEojzptdVnnoQIdL8=
59,61,MlILvADPYgLfKuRPjxwySgH5mU4=,kjWWKBOqnXQEojzptdVnnoQIdL8=
56,61,MlILvADPYgLfKuRPjxwySgH5mU4=,kjWWKBOqnXQEojzptdVnnoQIdL8=
58,61,MlILvADPYgLfKuRPjxwySgH5mU4=,kjWWKBOqnXQEojzptdVnnoQIdL8=
57,61,MlILvADPYgLfKuRPjxwySgH5mU4=,kjWWKBOqnXQEojzptdVnnoQIdL8=
55,61,MlILvADPYgLfKuRPjxwySgH5mU4=,kjWWKBOqnXQEojzptdVnnoQIdL8=
63,49,MlILvADPYgLfKuRPjxwySgH5mU4=,kjWWKBOqnXQEojzptdVnnoQIdL8=
63,61,MlILvADPYgLfKuRPjxwySgH5mU4=,kjWWKBOqnXQEojzptdVnnoQIdL8=
53,61,MlILvADPYgLfKuRPjxwySgH5mU4=,kjWWKBOqnXQEojzptdVnnoQIdL8=
48,50,MlILvADPYgLfKuRPjxwySgH5mU4=,kjWWKBOqnXQEojzptdVnnoQIdL8=
52,61,MlILvADPYgLfKuRPjxwySgH5mU4=,kjWWKBOqnXQEojzptdVnnoQIdL8=
54,61,MlILvADPYgLfKuRPjxwySgH5mU4=,kjWWKBOqnXQEojzptdVnnoQIdL8=
51,61,MlILvADPYgLfKuRPjxwySgH5mU4=,kjWWKBOqnXQEojzptdVnnoQIdL8=
49,50,MlILvADPYgLfKuRPjxwySgH5mU4=,kjWWKBOqnXQEojzptdVnnoQIdL8=
49,61,MlILvADPYgLfKuRPjxwySgH5mU4=,kjWWKBOqnXQEojzptdVnnoQIdL8=
50,61,MlILvADPYgLfKuRPjxwySgH5mU4=,kjWWKBOqnXQEojzptdVnnoQIdL8=
48,61,MlILvADPYgLfKuRPjxwySgH5mU4=,kjWWKBOqnXQEojzptdVnnoQIdL8=
62,60,MlILvADPYgLfKuRPjxwySgH5mU4=,kjWWKBOqnXQEojzptdVnnoQIdL8=
61,60,MlILvADPYgLfKuRPjxwySgH5mU4=,kjWWKBOqnXQEojzptdVnnoQIdL8=
50,50,MlILvADPYgLfKuRPjxwySgH5mU4=,kjWWKBOqnXQEojzptdVnnoQIdL8=
59,60,MlILvADPYgLfKuRPjxwySgH5mU4=,kjWWKBOqnXQEojzptdVnnoQIdL8=
63,60,MlILvADPYgLfKuRPjxwySgH5mU4=,kjWWKBOqnXQEojzptdVnnoQIdL8=
57,60,MlILvADPYgLfKuRPjxwySgH5mU4=,kjWWKBOqnXQEojzptdVnnoQIdL8=
58,60,MlILvADPYgLfKuRPjxwySgH5mU4=,kjWWKBOqnXQEojzptdVnnoQIdL8=
60,60,MlILvADPYgLfKuRPjxwySgH5mU4=,kjWWKBOqnXQEojzptdVnnoQIdL8=
56,60,MlILvADPYgLfKuRPjxwySgH5mU4=,kjWWKBOqnXQEojzptdVnnoQIdL8=
51,50,MlILvADPYgLfKuRPjxwySgH5mU4=,kjWWKBOqnXQEojzptdVnnoQIdL8=
55,60,MlILvADPYgLfKuRPjxwySgH5mU4=,kjWWKBOqnXQEojzptdVnnoQIdL8=
54,60,MlILvADPYgLfKuRPjxwySgH5mU4=,kjWWKBOqnXQEojzptdVnnoQIdL8=
52,60,MlILvADPYgLfKuRPjxwySgH5mU4=,kjWWKBOqnXQEojzptdVnnoQIdL8=
53,60,MlILvADPYgLfKuRPjxwySgH5mU4=,kjWWKBOqnXQEojzptdVnnoQIdL8=
50,60,MlILvADPYgLfKuRPjxwySgH5mU4=,kjWWKBOqnXQEojzptdVnnoQIdL8=
48,60,MlILvADPYgLfKuRPjxwySgH5mU4=,kjWWKBOqnXQEojzptdVnnoQIdL8=
51,60,MlILvADPYgLfKuRPjxwySgH5mU4=,kjWWKBOqnXQEojzptdVnnoQIdL8=
62,59,MlILvADPYgLfKuRPjxwySgH5mU4=,kjWWKBOqnXQEojzptdVnnoQIdL8=
63,59,MlILvADPYgLfKuRPjxwySgH5mU4=,kjWWKBOqnXQEojzptdVnnoQIdL8=
49,60,MlILvADPYgLfKuRPjxwySgH5mU4=,kjWWKBOqnXQEojzptdVnnoQIdL8=
61,59,MlILvADPYgLfKuRPjxwySgH5mU4=,kjWWKBOqnXQEojzptdVnnoQIdL8=
59,59,MlILvADPYgLfKuRPjxwySgH5mU4=,kjWWKBOqnXQEojzptdVnnoQIdL8=
52,50,MlILvADPYgLfKuRPjxwySgH5mU4=,kjWWKBOqnXQEojzptdVnnoQIdL8=
57,59,MlILvADPYgLfKuRPjxwySgH5mU4=,kjWWKBOqnXQEojzptdVnnoQIdL8=
60,59,MlILvADPYgLfKuRPjxwySgH5mU4=,kjWWKBOqnXQEojzptdVnnoQIdL8=
56,59,MlILvADPYgLfKuRPjxwySgH5mU4=,kjWWKBOqnXQEojzptdVnnoQIdL8=
58,59,MlILvADPYgLfKuRPjxwySgH5mU4=,kjWWKBOqnXQEojzptdVnnoQIdL8=
53,50,MlILvADPYgLfKuRPjxwySgH5mU4=,kjWWKBOqnXQEojzptdVnnoQIdL8=
54,59,MlILvADPYgLfKuRPjxwySgH5mU4=,kjWWKBOqnXQEojzptdVnnoQIdL8=
52,59,MlILvADPYgLfKuRPjxwySgH5mU4=,kjWWKBOqnXQEojzptdVnnoQIdL8=
54,50,MlILvADPYgLfKuRPjxwySgH5mU4=,kjWWKBOqnXQEojzptdVnnoQIdL8=
53,59,MlILvADPYgLfKuRPjxwySgH5mU4=,kjWWKBOqnXQEojzptdVnnoQIdL8=
51,59,MlILvADPYgLfKuRPjxwySgH5mU4=,kjWWKBOqnXQEojzptdVnnoQIdL8=
50,59,MlILvADPYgLfKuRPjxwySgH5mU4=,kjWWKBOqnXQEojzptdVnnoQIdL8=
63,58,MlILvADPYgLfKuRPjxwySgH5mU4=,kjWWKBOqnXQEojzptdVnnoQIdL8=
48,59,MlILvADPYgLfKuRPjxwySgH5mU4=,kjWWKBOqnXQEojzptdVnnoQIdL8=
62,58,MlILvADPYgLfKuRPjxwySgH5mU4=,kjWWKBOqnXQEojzptdVnnoQIdL8=
55,59,MlILvADPYgLfKuRPjxwySgH5mU4=,kjWWKBOqnXQEojzptdVnnoQIdL8=
49,59,MlILvADPYgLfKuRPjxwySgH5mU4=,kjWWKBOqnXQEojzptdVnnoQIdL8=
61,58,MlILvADPYgLfKuRPjxwySgH5mU4=,kjWWKBOqnXQEojzptdVnnoQIdL8=
60,58,MlILvADPYgLfKuRPjxwySgH5mU4=,kjWWKBOqnXQEojzptdVnnoQIdL8=
59,58,MlILvADPYgLfKuRPjxwySgH5mU4=,kjWWKBOqnXQEojzptdVnnoQIdL8=
55,50,MlILvADPYgLfKuRPjxwySgH5mU4=,kjWWKBOqnXQEojzptdVnnoQIdL8=
54,58,MlILvADPYgLfKuRPjxwySgH5mU4=,kjWWKBOqnXQEojzptdVnnoQIdL8=
56,58,MlILvADPYgLfKuRPjxwySgH5mU4=,kjWWKBOqnXQEojzptdVnnoQIdL8=
55,58,MlILvADPYgLfKuRPjxwySgH5mU4=,kjWWKBOqnXQEojzptdVnnoQIdL8=
49,58,MlILvADPYgLfKuRPjxwySgH5mU4=,kjWWKBOqnXQEojzptdVnnoQIdL8=
57,58,MlILvADPYgLfKuRPjxwySgH5mU4=,kjWWKBOqnXQEojzptdVnnoQIdL8=
53,58,MlILvADPYgLfKuRPjxwySgH5mU4=,kjWWKBOqnXQEojzptdVnnoQIdL8=
56,50,MlILvADPYgLfKuRPjxwySgH5mU4=,kjWWKBOqnXQEojzptdVnnoQIdL8=
51,58,MlILvADPYgLfKuRPjxwySgH5mU4=,kjWWKBOqnXQEojzptdVnnoQIdL8=
58,58,MlILvADPYgLfKuRPjxwySgH5mU4=,kjWWKBOqnXQEojzptdVnnoQIdL8=
48,58,MlILvADPYgLfKuRPjxwySgH5mU4=,kjWWKBOqnXQEojzptdVnnoQIdL8=
62,57,MlILvADPYgLfKuRPjxwySgH5mU4=,kjWWKBOqnXQEojzptdVnnoQIdL8=
63,57,MlILvADPYgLfKuRPjxwySgH5mU4=,kjWWKBOqnXQEojzptdVnnoQIdL8=
58,57,MlILvADPYgLfKuRPjxwySgH5mU4=,kjWWKBOqnXQEojzptdVnnoQIdL8=
52,58,MlILvADPYgLfKuRPjxwySgH5mU4=,kjWWKBOqnXQEojzptdVnnoQIdL8=
50,58,MlILvADPYgLfKuRPjxwySgH5mU4=,kjWWKBOqnXQEojzptdVnnoQIdL8=
59,57,MlILvADPYgLfKuRPjxwySgH5mU4=,kjWWKBOqnXQEojzptdVnnoQIdL8=
57,50,MlILvADPYgLfKuRPjxwySgH5mU4=,kjWWKBOqnXQEojzptdVnnoQIdL8=
57,57,MlILvADPYgLfKuRPjxwySgH5mU4=,kjWWKBOqnXQEojzptdVnnoQIdL8=
54,57,MlILvADPYgLfKuRPjxwySgH5mU4=,kjWWKBOqnXQEojzptdVnnoQIdL8=
56,57,MlILvADPYgLfKuRPjxwySgH5mU4=,kjWWKBOqnXQEojzptdVnnoQIdL8=
53,57,MlILvADPYgLfKuRPjxwySgH5mU4=,kjWWKBOqnXQEojzptdVnnoQIdL8=
55,57,MlILvADPYgLfKuRPjxwySgH5mU4=,kjWWKBOqnXQEojzptdVnnoQIdL8=
60,57,MlILvADPYgLfKuRPjxwySgH5mU4=,kjWWKBOqnXQEojzptdVnnoQIdL8=
48,57,MlILvADPYgLfKuRPjxwySgH5mU4=,kjWWKBOqnXQEojzptdVnnoQIdL8=
49,57,MlILvADPYgLfKuRPjxwySgH5mU4=,kjWWKBOqnXQEojzptdVnnoQIdL8=
51,57,MlILvADPYgLfKuRPjxwySgH5mU4=,kjWWKBOqnXQEojzptdVnnoQIdL8=
50,57,MlILvADPYgLfKuRPjxwySgH5mU4=,kjWWKBOqnXQEojzptdVnnoQIdL8=
63,56,MlILvADPYgLfKuRPjxwySgH5mU4=,kjWWKBOqnXQEojzptdVnnoQIdL8=
61,57,MlILvADPYgLfKuRPjxwySgH5mU4=,kjWWKBOqnXQEojzptdVnnoQIdL8=
61,56,MlILvADPYgLfKuRPjxwySgH5mU4=,kjWWKBOqnXQEojzptdVnnoQIdL8=
58,50,MlILvADPYgLfKuRPjxwySgH5mU4=,kjWWKBOqnXQEojzptdVnnoQIdL8=
59,56,MlILvADPYgLfKuRPjxwySgH5mU4=,kjWWKBOqnXQEojzptdVnnoQIdL8=
57,56,MlILvADPYgLfKuRPjxwySgH5mU4=,kjWWKBOqnXQEojzptdVnnoQIdL8=
52,57,MlILvADPYgLfKuRPjxwySgH5mU4=,kjWWKBOqnXQEojzptdVnnoQIdL8=
60,56,MlILvADPYgLfKuRPjxwySgH5mU4=,kjWWKBOqnXQEojzptdVnnoQIdL8=
62,56,MlILvADPYgLfKuRPjxwySgH5mU4=,kjWWKBOqnXQEojzptdVnnoQIdL8=
59,50,MlILvADPYgLfKuRPjxwySgH5mU4=,kjWWKBOqnXQEojzptdVnnoQIdL8=
56,56,MlILvADPYgLfKuRPjxwySgH5mU4=,kjWWKBOqnXQEojzptdVnnoQIdL8=
53,56,MlILvADPYgLfKuRPjxwySgH5mU4=,kjWWKBOqnXQEojzptdVnnoQIdL8=
55,56,MlILvADPYgLfKuRPjxwySgH5mU4=,kjWWKBOqnXQEojzptdVnnoQIdL8=
51,56,MlILvADPYgLfKuRPjxwySgH5mU4=,kjWWKBOqnXQEojzptdVnnoQIdL8=
63,55,MlILvADPYgLfKuRPjxwySgH5mU4=,kjWWKBOqnXQEojzptdVnnoQIdL8=
54,56,MlILvADPYgLfKuRPjxwySgH5mU4=,kjWWKBOqnXQEojzptdVnnoQIdL8=
50,56,MlILvADPYgLfKuRPjxwySgH5mU4=,kjWWKBOqnXQEojzptdVnnoQIdL8=
61,55,MlILvADPYgLfKuRPjxwySgH5mU4=,kjWWKBOqnXQEojzptdVnnoQIdL8=
62,55,MlILvADPYgLfKuRPjxwySgH5mU4=,kjWWKBOqnXQEojzptdVnnoQIdL8=
60,50,MlILvADPYgLfKuRPjxwySgH5mU4=,kjWWKBOqnXQEojzptdVnnoQIdL8=
48,56,MlILvADPYgLfKuRPjxwySgH5mU4=,kjWWKBOqnXQEojzptdVnnoQIdL8=
52,56,MlILvADPYgLfKuRPjxwySgH5mU4=,kjWWKBOqnXQEojzptdVnnoQIdL8=
55,55,MlILvADPYgLfKuRPjxwySgH5mU4=,kjWWKBOqnXQEojzptdVnnoQIdL8=
60,55,MlILvADPYgLfKuRPjxwySgH5mU4=,kjWWKBOqnXQEojzptdVnnoQIdL8=
58,56,MlILvADPYgLfKuRPjxwySgH5mU4=,kjWWKBOqnXQEojzptdVnnoQIdL8=
59,55,MlILvADPYgLfKuRPjxwySgH5mU4=,kjWWKBOqnXQEojzptdVnnoQIdL8=
53,55,MlILvADPYgLfKuRPjxwySgH5mU4=,kjWWKBOqnXQEojzptdVnnoQIdL8=
61,50,MlILvADPYgLfKuRPjxwySgH5mU4=,kjWWKBOqnXQEojzptdVnnoQIdL8=
54,55,MlILvADPYgLfKuRPjxwySgH5mU4=,kjWWKBOqnXQEojzptdVnnoQIdL8=
52,55,MlILvADPYgLfKuRPjxwySgH5mU4=,kjWWKBOqnXQEojzptdVnnoQIdL8=
50,55,MlILvADPYgLfKuRPjxwySgH5mU4=,kjWWKBOqnXQEojzptdVnnoQIdL8=
57,55,MlILvADPYgLfKuRPjxwySgH5mU4=,kjWWKBOqnXQEojzptdVnnoQIdL8=
56,55,MlILvADPYgLfKuRPjxwySgH5mU4=,kjWWKBOqnXQEojzptdVnnoQIdL8=
58,55,MlILvADPYgLfKuRPjxwySgH5mU4=,kjWWKBOqnXQEojzptdVnnoQIdL8=
48,55,MlILvADPYgLfKuRPjxwySgH5mU4=,kjWWKBOqnXQEojzptdVnnoQIdL8=
49,55,MlILvADPYgLfKuRPjxwySgH5mU4=,kjWWKBOqnXQEojzptdVnnoQIdL8=
51,55,MlILvADPYgLfKuRPjxwySgH5mU4=,kjWWKBOqnXQEojzptdVnnoQIdL8=
61,54,MlILvADPYgLfKuRPjxwySgH5mU4=,kjWWKBOqnXQEojzptdVnnoQIdL8=
58,54,MlILvADPYgLfKuRPjxwySgH5mU4=,kjWWKBOqnXQEojzptdVnnoQIdL8=
60,54,MlILvADPYgLfKuRPjxwySgH5mU4=,kjWWKBOqnXQEojzptdVnnoQIdL8=
62,54,MlILvADPYgLfKuRPjxwySgH5mU4=,kjWWKBOqnXQEojzptdVnnoQIdL8=
59,54,MlILvADPYgLfKuRPjxwySgH5mU4=,kjWWKBOqnXQEojzptdVnnoQIdL8=
57,54,MlILvADPYgLfKuRPjxwySgH5mU4=,kjWWKBOqnXQEojzptdVnnoQIdL8=
63,54,MlILvADPYgLfKuRPjxwySgH5mU4=,kjWWKBOqnXQEojzptdVnnoQIdL8=
62,50,MlILvADPYgLfKuRPjxwySgH5mU4=,kjWWKBOqnXQEojzptdVnnoQIdL8=
52,54,MlILvADPYgLfKuRPjxwySgH5mU4=,kjWWKBOqnXQEojzptdVnnoQIdL8=
56,54,MlILvADPYgLfKuRPjxwySgH5mU4=,kjWWKBOqnXQEojzptdVnnoQIdL8=
51,54,MlILvADPYgLfKuRPjxwySgH5mU4=,kjWWKBOqnXQEojzptdVnnoQIdL8=
55,54,MlILvADPYgLfKuRPjxwySgH5mU4=,kjWWKBOqnXQEojzptdVnnoQIdL8=
50,54,MlILvADPYgLfKuRPjxwySgH5mU4=,kjWWKBOqnXQEojzptdVnnoQIdL8=
53,54,MlILvADPYgLfKuRPjxwySgH5mU4=,kjWWKBOqnXQEojzptdVnnoQIdL8=
63,53,MlILvADPYgLfKuRPjxwySgH5mU4=,kjWWKBOqnXQEojzptdVnnoQIdL8=
49,56,MlILvADPYgLfKuRPjxwySgH5mU4=,kjWWKBOqnXQEojzptdVnnoQIdL8=
54,54,MlILvADPYgLfKuRPjxwySgH5mU4=,kjWWKBOqnXQEojzptdVnnoQIdL8=
61,53,MlILvADPYgLfKuRPjxwySgH5mU4=,kjWWKBOqnXQEojzptdVnnoQIdL8=
48,54,MlILvADPYgLfKuRPjxwySgH5mU4=,kjWWKBOqnXQEojzptdVnnoQIdL8=
60,53,MlILvADPYgLfKuRPjxwySgH5mU4=,kjWWKBOqnXQEojzptdVnnoQIdL8=
59,53,MlILvADPYgLfKuRPjxwySgH5mU4=,kjWWKBOqnXQEojzptdVnnoQIdL8=
49,54,MlILvADPYgLfKuRPjxwySgH5mU4=,kjWWKBOqnXQEojzptdVnnoQIdL8=
58,53,MlILvADPYgLfKuRPjxwySgH5mU4=,kjWWKBOqnXQEojzptdVnnoQIdL8=
62,53,MlILvADPYgLfKuRPjxwySgH5mU4=,kjWWKBOqnXQEojzptdVnnoQIdL8=
52,53,MlILvADPYgLfKuRPjxwySgH5mU4=,kjWWKBOqnXQEojzptdVnnoQIdL8=
57,53,MlILvADPYgLfKuRPjxwySgH5mU4=,kjWWKBOqnXQEojzptdVnnoQIdL8=
56,53,MlILvADPYgLfKuRPjxwySgH5mU4=,kjWWKBOqnXQEojzptdVnnoQIdL8=
63,50,MlILvADPYgLfKuRPjxwySgH5mU4=,kjWWKBOqnXQEojzptdVnnoQIdL8=
61,52,MlILvADPYgLfKuRPjxwySgH5mU4=,kjWWKBOqnXQEojzptdVnnoQIdL8=
59,52,MlILvADPYgLfKuRPjxwySgH5mU4=,kjWWKBOqnXQEojzptdVnnoQIdL8=
49,53,MlILvADPYgLfKuRPjxwySgH5mU4=,kjWWKBOqnXQEojzptdVnnoQIdL8=
55,53,MlILvADPYgLfKuRPjxwySgH5mU4=,kjWWKBOqnXQEojzptdVnnoQIdL8=
50,53,MlILvADPYgLfKuRPjxwySgH5mU4=,kjWWKBOqnXQEojzptdVnnoQIdL8=
54,53,MlILvADPYgLfKuRPjxwySgH5mU4=,kjWWKBOqnXQEojzptdVnnoQIdL8=
54,52,MlILvADPYgLfKuRPjxwySgH5mU4=,kjWWKBOqnXQEojzptdVnnoQIdL8=
55,52,MlILvADPYgLfKuRPjxwySgH5mU4=,kjWWKBOqnXQEojzptdVnnoQIdL8=
48,53,MlILvADPYgLfKuRPjxwySgH5mU4=,kjWWKBOqnXQEojzptdVnnoQIdL8=
63,52,MlILvADPYgLfKuRPjxwySgH5mU4=,kjWWKBOqnXQEojzptdVnnoQIdL8=
53,53,MlILvADPYgLfKuRPjxwySgH5mU4=,kjWWKBOqnXQEojzptdVnnoQIdL8=
58,52,MlILvADPYgLfKuRPjxwySgH5mU4=,kjWWKBOqnXQEojzptdVnnoQIdL8=
49,52,MlILvADPYgLfKuRPjxwySgH5mU4=,kjWWKBOqnXQEojzptdVnnoQIdL8=
60,51,MlILvADPYgLfKuRPjxwySgH5mU4=,kjWWKBOqnXQEojzptdVnnoQIdL8=
62,51,MlILvADPYgLfKuRPjxwySgH5mU4=,kjWWKBOqnXQEojzptdVnnoQIdL8=
58,51,MlILvADPYgLfKuRPjxwySgH5mU4=,kjWWKBOqnXQEojzptdVnnoQIdL8=
54,51,MlILvADPYgLfKuRPjxwySgH5mU4=,kjWWKBOqnXQEojzptdVnnoQIdL8=
62,52,MlILvADPYgLfKuRPjxwySgH5mU4=,kjWWKBOqnXQEojzptdVnnoQIdL8=
52,51,MlILvADPYgLfKuRPjxwySgH5mU4=,kjWWKBOqnXQEojzptdVnnoQIdL8=
57,51,MlILvADPYgLfKuRPjxwySgH5mU4=,kjWWKBOqnXQEojzptdVnnoQIdL8=
48,52,MlILvADPYgLfKuRPjxwySgH5mU4=,kjWWKBOqnXQEojzptdVnnoQIdL8=
50,52,MlILvADPYgLfKuRPjxwySgH5mU4=,kjWWKBOqnXQEojzptdVnnoQIdL8=
63,51,MlILvADPYgLfKuRPjxwySgH5mU4=,kjWWKBOqnXQEojzptdVnnoQIdL8=
56,52,MlILvADPYgLfKuRPjxwySgH5mU4=,kjWWKBOqnXQEojzptdVnnoQIdL8=
55,51,MlILvADPYgLfKuRPjxwySgH5mU4=,kjWWKBOqnXQEojzptdVnnoQIdL8=
48,51,MlILvADPYgLfKuRPjxwySgH5mU4=,kjWWKBOqnXQEojzptdVnnoQIdL8=
53,52,MlILvADPYgLfKuRPjxwySgH5mU4=,kjWWKBOqnXQEojzptdVnnoQIdL8=
50,51,MlILvADPYgLfKuRPjxwySgH5mU4=,kjWWKBOqnXQEojzptdVnnoQIdL8=
59,51,MlILvADPYgLfKuRPjxwySgH5mU4=,kjWWKBOqnXQEojzptdVnnoQIdL8=
51,53,MlILvADPYgLfKuRPjxwySgH5mU4=,kjWWKBOqnXQEojzptdVnnoQIdL8=
61,51,MlILvADPYgLfKuRPjxwySgH5mU4=,kjWWKBOqnXQEojzptdVnnoQIdL8=
57,52,MlILvADPYgLfKuRPjxwySgH5mU4=,kjWWKBOqnXQEojzptdVnnoQIdL8=
49,51,MlILvADPYgLfKuRPjxwySgH5mU4=,kjWWKBOqnXQEojzptdVnnoQIdL8=
51,52,MlILvADPYgLfKuRPjxwySgH5mU4=,kjWWKBOqnXQEojzptdVnnoQIdL8=
51,51,MlILvADPYgLfKuRPjxwySgH5mU4=,kjWWKBOqnXQEojzptdVnnoQIdL8=
53,51,MlILvADPYgLfKuRPjxwySgH5mU4=,kjWWKBOqnXQEojzptdVnnoQIdL8=
52,52,MlILvADPYgLfKuRPjxwySgH5mU4=,kjWWKBOqnXQEojzptdVnnoQIdL8=
56,51,MlILvADPYgLfKuRPjxwySgH5mU4=,kjWWKBOqnXQEojzptdVnnoQIdL8=
60,52,MlILvADPYgLfKuRPjxwySgH5mU4=,kjWWKBOqnXQEojzptdVnnoQIdL8=
