-49,-32,LYkpWNyJ2Otq4RXqvYIxJzcmMqM=,uIZf//CeRwEwGCYfd5Cep1tHdko=
-64,-32,LYkpWNyJ2Otq4RXqvYIxJzcmMqM=,uIZf//CeRwEwGCYfd5Cep1tHdko=
-49,-17,LYkpWNyJ2Otq4RXqvYIxJzcmMqM=,uIZf//CeRwEwGCYfd5Cep1tHdko=
-50,-17,LYkpWNyJ2Otq4RXqvYIxJzcmMqM=,uIZf//CeRwEwGCYfd5Cep1tHdko=
-51,-17,LYkpWNyJ2Otq4RXqvYIxJzcmMqM=,uIZf//CeRwEwGCYfd5Cep1tHdko=
-50,-31,LYkpWNyJ2Otq4RXqvYIxJzcmMqM=,uIZf//CeRwEwGCYfd5Cep1tHdko=
-52,-17,LYkpWNyJ2Otq4RXqvYIxJzcmMqM=,uIZf//CeRwEwGCYfd5Cep1tHdko=
-54,-17,LYkpWNyJ2Otq4RXqvYIxJzcmMqM=,uIZf//CeRwEwGCYfd5Cep1tHdko=
-56,-17,LYkpWNyJ2Otq4RXqvYIxJzcmMqM=,uIZf//CeRwEwGCYfd5Cep1tHdko=
-55,-17,LYkpWNyJ2Otq4RXqvYIxJzcmMqM=,uIZf//CeRwEwGCYfd5Cep1tHdko=
-53,-17,LYkpWNyJ2Otq4RXqvYIxJzcmMqM=,uIZf//CeRwEwGCYfd5Cep1tHdko=
-58,-17,LYkpWNyJ2Otq4RXqvYIxJzcmMqM=,uIZf//CeRwEwGCYfd5Cep1tHdko=
-59,-17,LYkpWNyJ2Otq4RXqvYIxJzcmMqM=,uIZf//CeRwEwGCYfd5Cep1tHdko=
-60,-17,LYkpWNyJ2Otq4RXqvYIxJzcmMqM=,uIZf//CeRwEwGCYfd5Cep1tHdko=
-57,-17,LYkpWNyJ2Otq4RXqvYIxJzcmMqM=,uIZf//CeRwEwGCYfd5Cep1tHdko=
-61,-17,LYkpWNyJ2Otq4RXqvYIxJzcmMqM=,uIZf//CeRwEwGCYfd5Cep1tHdko=
-62,-17,LYkpWNyJ2Otq4RXqvYIxJzcmMqM=,uIZf//CeRwEwGCYfd5Cep1tHdko=
-63,-17,LYkpWNyJ2Otq4RXqvYIxJzcmMqM=,uIZf//CeRwEwGCYfd5Cep1tHdko=
-49,-31,LYkpWNyJ2Otq4RXqvYIxJzcmMqM=,uIZf//CeRwEwGCYfd5Cep1tHdko=
-52,-32,LYkpWNyJ2Otq4RXqvYIxJzcmMqM=,uIZf//CeRwEwGCYfd5Cep1tHdko=
-51,-32,LYkpWNyJ2Otq4RXqvYIxJzcmMqM=,uIZf//CeRwEwGCYfd5Cep1tHdko=
-50,-32,LYkpWNyJ2Otq4RXqvYIxJzcmMqM=,uIZf//CeRwEwGCYfd5Cep1tHdko=
-53,-32,LYkpWNyJ2Otq4RXqvYIxJzcmMqM=,uIZf//CeRwEwGCYfd5Cep1tHdko=
-54,-32,LYkpWNyJ2Otq4RXqvYIxJzcmMqM=,uIZf//CeRwEwGCYfd5Cep1tHdko=
-64,-30,LYkpWNyJ2Otq4RXqvYIxJzcmMqM=,uIZf//CeRwEwGCYfd5Cep1tHdko=
-55,-32,LYkpWNyJ2Otq4RXqvYIxJzcmMqM=,uIZf//CeRwEwGCYfd5Cep1tHdko=
-56,-32,LYkpWNyJ2Otq4RXqvYIxJzcmMqM=,uIZf//CeRwEwGCYfd5Cep1tHdko=
-63,-30,LYkpWNyJ2Otq4RXqvYIxJzcmMqM=,uIZf//CeRwEwGCYfd5Cep1tHdko=
-58,-32,LYkpWNyJ2Otq4RXqvYIxJzcmMqM=,uIZf//CeRwEwGCYfd5Cep1tHdko=
-59,-32,LYkpWNyJ2Otq4RXqvYIxJzcmMqM=,uIZf//CeRwEwGCYfd5Cep1tHdko=
-61,-32,LYkpWNyJ2Otq4RXqvYIxJzcmMqM=,uIZf//CeRwEwGCYfd5Cep1tHdko=
-62,-30,LYkpWNyJ2Otq4RXqvYIxJzcmMqM=,uIZf//CeRwEwGCYfd5Cep1tHdko=
-57,-32,LYkpWNyJ2Otq4RXqvYIxJzcmMqM=,uIZf//CeRwEwGCYfd5Cep1tHdko=
-62,-32,LYkpWNyJ2Otq4RXqvYIxJzcmMqM=,uIZf//CeRwEwGCYfd5Cep1tHdko=
-63,-32,LYkpWNyJ2Otq4RXqvYIxJzcmMqM=,uIZf//CeRwEwGCYfd5Cep1tHdko=
-61,-30,LYkpWNyJ2Otq4RXqvYIxJzcmMqM=,uIZf//CeRwEwGCYfd5Cep1tHdko=
-51,-31,LYkpWNyJ2Otq4RXqvYIxJzcmMqM=,uIZf//CeRwEwGCYfd5Cep1tHdko=
-64,-17,LYkpWNyJ2Otq4RXqvYIxJzcmMqM=,uIZf//CeRwEwGCYfd5Cep1tHdko=
-60,-30,LYkpWNyJ2Otq4RXqvYIxJzcmMqM=,uIZf//CeRwEwGCYfd5Cep1tHdko=
-60,-32,LYkpWNyJ2Otq4RXqvYIxJzcmMqM=,uIZf//CeRwEwGCYfd5Cep1tHdko=
-49,-18,LYkpWNyJ2Otq4RXqvYIxJzcmMqM=,uIZf//CeRwEwGCYfd5Cep1tHdko=
-50,-18,LYkpWNyJ2Otq4RXqvYIxJzcmMqM=,uIZf//CeRwEwGCYfd5Cep1tHdko=
-53,-18,LYkpWNyJ2Otq4RXqvYIxJzcmMqM=,uIZf//CeRwEwGCYfd5Cep1tHdko=
-59,-30,LYkpWNyJ2Otq4RXqvYIxJzcmMqM=,uIZf//CeRwEwGCYfd5Cep1tHdko=
-52,-18,LYkpWNyJ2Otq4RXqvYIxJzcmMqM=,uIZf//CeRwEwGCYfd5Cep1tHdko=
-51,-18,LYkpWNyJ2Otq4RXqvYIxJzcmMqM=,uIZf//CeRwEwGCYfd5Cep1tHdko=
-54,-18,LYkpWNyJ2Otq4RXqvYIxJzcmMqM=,uIZf//CeRwEwGCYfd5Cep1tHdko=
-55,-18,LYkpWNyJ2Otq4RXqvYIxJzcmMqM=,uIZf//CeRwEwGCYfd5Cep1tHdko=
-58,-30,LYkpWNyJ2Otq4RXqvYIxJzcmMqM=,uIZf//CeRwEwGCYfd5Cep1tHdko=
-59,-18,LYkpWNyJ2Otq4RXqvYIxJzcmMqM=,uIZf//CeRwEwGCYfd5Cep1tHdko=
-57,-18,LYkpWNyJ2Otq4RXqvYIxJzcmMqM=,uIZf//CeRwEwGCYfd5Cep1tHdko=
-58,-18,LYkpWNyJ2Otq4RXqvYIxJzcmMqM=,uIZf//CeRwEwGCYfd5Cep1tHdko=
-57,-30,LYkpWNyJ2Otq4RXqvYIxJzcmMqM=,uIZf//CeRwEwGCYfd5Cep1tHdko=
-60,-18,LYkpWNyJ2Otq4RXqvYIxJzcmMqM=,uIZf//CeRwEwGCYfd5Cep1tHdko=
-62,-18,LYkpWNyJ2Otq4RXqvYIxJzcmMqM=,uIZf//CeRwEwGCYfd5Cep1tHdko=
-52,-31,LYkpWNyJ2Otq4RXqvYIxJzcmMqM=,uIZf//CeRwEwGCYfd5Cep1tHdko=
-56,-30,LYkpWNyJ2Otq4RXqvYIxJzcmMqM=,uIZf//CeRwEwGCYfd5Cep1tHdko=
-64,-18,LYkpWNyJ2Otq4RXqvYIxJzcmMqM=,uIZf//CeRwEwGCYfd5Cep1tHdko=
-56,-18,LYkpWNyJ2Otq4RXqvYIxJzcmMqM=,uIZf//CeRwEwGCYfd5Cep1tHdko=
-63,-18,LYkpWNyJ2Otq4RXqvYIxJzcmMqM=,uIZf//CeRwEwGCYfd5Cep1tHdko=
-49,-19,LYkpWNyJ2Otq4RXqvYIxJzcmMqM=,uIZf//CeRwEwGCYfd5Cep1tHdko=
-51,-19,LYkpWNyJ2Otq4RXqvYIxJzcmMqM=,uIZf//CeRwEwGCYfd5Cep1tHdko=
-55,-30,LYkpWNyJ2Otq4RXqvYIxJzcmMqM=,uIZf//CeRwEwGCYfd5Cep1tHdko=
-50,-19,LYkpWNyJ2Otq4RXqvYIxJzcmMqM=,uIZf//CeRwEwGCYfd5Cep1tHdko=
-61,-18,LYkpWNyJ2Otq4RXqvYIxJzcmMqM=,uIZf//CeRwEwGCYfd5Cep1tHdko=
-52,-19,LYkpWNyJ2Otq4RXqvYIxJzcmMqM=,uIZf//CeRwEwGCYfd5Cep1tHdko=
-55,-19,LYkpWNyJ2Otq4RXqvYIxJzcmMqM=,uIZf//CeRwEwGCYfd5Cep1tHdko=
-53,-19,LYkpWNyJ2Otq4RXqvYIxJzcmMqM=,uIZf//CeRwEwGCYfd5Cep1tHdko=
-54,-30,LYkpWNyJ2Otq4RXqvYIxJzcmMqM=,uIZf//CeRwEwGCYfd5Cep1tHdko=
-57,-19,LYkpWNyJ2Otq4RXqvYIxJzcmMqM=,uIZf//CeRwEwGCYfd5Cep1tHdko=
-54,-19,LYkpWNyJ2Otq4RXqvYIxJzcmMqM=,uIZf//CeRwEwGCYfd5Cep1tHdko=
-58,-19,LYkpWNyJ2Otq4RXqvYIxJzcmMqM=,uIZf//CeRwEwGCYfd5Cep1tHdko=
-59,-19,LYkpWNyJ2Otq4RXqvYIxJzcmMqM=,uIZf//CeRwEwGCYfd5Cep1tHdko=
-61,-19,LYkpWNyJ2Otq4RXqvYIxJzcmMqM=,uIZf//CeRwEwGCYfd5Cep1tHdko=
-60,-19,LYkpWNyJ2Otq4RXqvYIxJzcmMqM=,uIZf//CeRwEwGCYfd5Cep1tHdko=
-53,-30,LYkpWNyJ2Otq4RXqvYIxJzcmMqM=,uIZf//CeRwEwGCYfd5Cep1tHdko=
-53,-31,LYkpWNyJ2Otq4RXqvYIxJzcmMqM=,uIZf//CeRwEwGCYfd5Cep1tHdko=
-62,-19,LYkpWNyJ2Otq4RXqvYIxJzcmMqM=,uIZf//CeRwEwGCYfd5Cep1tHdko=
-56,-19,LYkpWNyJ2Otq4RXqvYIxJzcmMqM=,uIZf//CeRwEwGCYfd5Cep1tHdko=
-64,-19,LYkpWNyJ2Otq4RXqvYIxJzcmMqM=,uIZf//CeRwEwGCYfd5Cep1tHdko=
-51,-20,LYkpWNyJ2Otq4RXqvYIxJzcmMqM=,uIZf//CeRwEwGCYfd5Cep1tHdko=
-50,-20,LYkpWNyJ2Otq4RXqvYIxJzcmMqM=,uIZf//CeRwEwGCYfd5Cep1tHdko=
-49,-20,LYkpWNyJ2Otq4RXqvYIxJzcmMqM=,uIZf//CeRwEwGCYfd5Cep1tHdko=
-63,-19,LYkpWNyJ2Otq4RXqvYIxJzcmMqM=,uIZf//CeRwEwGCYfd5Cep1tHdko=
-54,-20,LYkpWNyJ2Otq4RXqvYIxJzcmMqM=,uIZf//CeRwEwGCYfd5Cep1tHdko=
-52,-20,LYkpWNyJ2Otq4RXqvYIxJzcmMqM=,uIZf//CeRwEwGCYfd5Cep1tHdko=
-55,-20,LYkpWNyJ2Otq4RXqvYIxJzcmMqM=,uIZf//CeRwEwGCYfd5Cep1tHdko=
-56,-20,LYkpWNyJ2Otq4RXqvYIxJzcmMqM=,uIZf//CeRwEwGCYfd5Cep1tHdko=
-52,-30,LYkpWNyJ2Otq4RXqvYIxJzcmMqM=,uIZf//CeRwEwGCYfd5Cep1tHdko=
-58,-20,LYkpWNyJ2Otq4RXqvYIxJzcmMqM=,uIZf//CeRwEwGCYfd5Cep1tHdko=
-59,-20,LYkpWNyJ2Otq4RXqvYIxJzcmMqM=,uIZf//CeRwEwGCYfd5Cep1tHdko=
-53,-20,LYkpWNyJ2Otq4RXqvYIxJzcmMqM=,uIZf//CeRwEwGCYfd5Cep1tHdko=
-60,-20,LYkpWNyJ2Otq4RXqvYIxJzcmMqM=,uIZf//CeRwEwGCYfd5Cep1tHdko=
-57,-20,LYkpWNyJ2Otq4RXqvYIxJzcmMqM=,uIZf//CeRwEwGCYfd5Cep1tHdko=
-54,-31,LYkpWNyJ2Otq4RXqvYIxJzcmMqM=,uIZf//CeRwEwGCYfd5Cep1tHdko=
-62,-20,LYkpWNyJ2Otq4RXqvYIxJzcmMqM=,uIZf//CeRwEwGCYfd5Cep1tHdko=
-51,-30,LYkpWNyJ2Otq4RXqvYIxJzcmMqM=,uIZf//CeRwEwGCYfd5Cep1tHdko=
-50,-21,LYkpWNyJ2Otq4RXqvYIxJzcmMqM=,uIZf//CeRwEwGCYfd5Cep1tHdko=
-61,-20,LYkpWNyJ2Otq4RXqvYIxJzcmMqM=,uIZf//CeRwEwGCYfd5Cep1tHdko=
-49,-21,LYkpWNyJ2Otq4RXqvYIxJzcmMqM=,uIZf//CeRwEwGCYfd5Cep1tHdko=
-51,-21,LYkpWNyJ2Otq4RXqvYIxJzcmMqM=,uIZf//CeRwEwGCYfd5Cep1tHdko=
-53,-21,LYkpWNyJ2Otq4RXqvYIxJzcmMqM=,uIZf//CeRwEwGCYfd5Cep1tHdko=
-52,-21,LYkpWNyJ2Otq4RXqvYIxJzcmMqM=,uIZf//CeRwEwGCYfd5Cep1tHdko=
-64,-31,LYkpWNyJ2Otq4RXqvYIxJzcmMqM=,uIZf//CeRwEwGCYfd5Cep1tHdko=
-64,-20,LYkpWNyJ2Otq4RXqvYIxJzcmMqM=,uIZf//CeRwEwGCYfd5Cep1tHdko=
-55,-21,LYkpWNyJ2Otq4RXqvYIxJzcmMqM=,uIZf//CeRwEwGCYfd5Cep1tHdko=
-54,-21,LYkpWNyJ2Otq4RXqvYIxJzcmMqM=,uIZf//CeRwEwGCYfd5Cep1tHdko=
-56,-21,LYkpWNyJ2Otq4RXqvYIxJzcmMqM=,uIZf//CeRwEwGCYfd5Cep1tHdko=
-63,-20,LYkpWNyJ2Otq4RXqvYIxJzcmMqM=,uIZf//CeRwEwGCYfd5Cep1tHdko=
-57,-21,LYkpWNyJ2Otq4RXqvYIxJzcmMqM=,uIZf//CeRwEwGCYfd5Cep1tHdko=
-59,-21,LYkpWNyJ2Otq4RXqvYIxJzcmMqM=,uIZf//CeRwEwGCYfd5Cep1tHdko=
-50,-30,LYkpWNyJ2Otq4RXqvYIxJzcmMqM=,uIZf//CeRwEwGCYfd5Cep1tHdko=
-58,-21,LYkpWNyJ2Otq4RXqvYIxJzcmMqM=,uIZf//CeRwEwGCYfd5Cep1tHdko=
-64,-21,LYkpWNyJ2Otq4RXqvYIxJzcmMqM=,uIZf//CeRwEwGCYfd5Cep1tHdko=
-63,-21,LYkpWNyJ2Otq4RXqvYIxJzcmMqM=,uIZf//CeRwEwGCYfd5Cep1tHdko=
-55,-31,LYkpWNyJ2Otq4RXqvYIxJzcmMqM=,uIZf//CeRwEwGCYfd5Cep1tHdko=
-60,-21,LYkpWNyJ2Otq4RXqvYIxJzcmMqM=,uIZf//CeRwEwGCYfd5Cep1tHdko=
-49,-22,LYkpWNyJ2Otq4RXqvYIxJzcmMqM=,uIZf//CeRwEwGCYfd5Cep1tHdko=
-51,-22,LYkpWNyJ2Otq4RXqvYIxJzcmMqM=,uIZf//CeRwEwGCYfd5Cep1tHdko=
-53,-22,LYkpWNyJ2Otq4RXqvYIxJzcmMqM=,uIZf//CeRwEwGCYfd5Cep1tHdko=
-61,-21,LYkpWNyJ2Otq4RXqvYIxJzcmMqM=,uIZf//CeRwEwGCYfd5Cep1tHdko=
-62,-21,LYkpWNyJ2Otq4RXqvYIxJzcmMqM=,uIZf//CeRwEwGCYfd5Cep1tHdko=
-49,-30,LYkpWNyJ2Otq4RXqvYIxJzcmMqM=,uIZf//CeRwEwGCYfd5Cep1tHdko=
-50,-22,LYkpWNyJ2Otq4RXqvYIxJzcmMqM=,uIZf//CeRwEwGCYfd5Cep1tHdko=
-52,-22,LYkpWNyJ2Otq4RXqvYIxJzcmMqM=,uIZf//CeRwEwGCYfd5Cep1tHdko=
-56,-22,LYkpWNyJ2Otq4RXqvYIxJzcmMqM=,uIZf//CeRwEwGCYfd5Cep1tHdko=
-58,-22,LYkpWNyJ2Otq4RXqvYIxJzcmMqM=,uIZf//CeRwEwGCYfd5Cep1tHdko=
-54,-22,LYkpWNyJ2Otq4RXqvYIxJzcmMqM=,uIZf//CeRwEwGCYfd5Cep1tHdko=
-55,-22,LYkpWNyJ2Otq4RXqvYIxJzcmMqM=,uIZf//CeRwEwGCYfd5Cep1tHdko=
-60,-22,LYkpWNyJ2Otq4RXqvYIxJzcmMqM=,uIZf//CeRwEwGCYfd5Cep1tHdko=
-56,-31,LYkpWNyJ2Otq4RXqvYIxJzcmMqM=,uIZf//CeRwEwGCYfd5Cep1tHdko=
-59,-22,LYkpWNyJ2Otq4RXqvYIxJzcmMqM=,uIZf//CeRwEwGCYfd5Cep1tHdko=
-64,-29,LYkpWNyJ2Otq4RXqvYIxJzcmMqM=,uIZf//CeRwEwGCYfd5Cep1tHdko=
-62,-22,LYkpWNyJ2Otq4RXqvYIxJzcmMqM=,uIZf//CeRwEwGCYfd5Cep1tHdko=
-57,-22,LYkpWNyJ2Otq4RXqvYIxJzcmMqM=,uIZf//CeRwEwGCYfd5Cep1tHdko=
-53,-23,LYkpWNyJ2Otq4RXqvYIxJzcmMqM=,uIZf//CeRwEwGCYfd5Cep1tHdko=
-61,-22,LYkpWNyJ2Otq4RXqvYIxJzcmMqM=,uIZf//CeRwEwGCYfd5Cep1tHdko=
-49,-23,LYkpWNyJ2Otq4RXqvYIxJzcmMqM=,uIZf//CeRwEwGCYfd5Cep1tHdko=
-64,-22,LYkpWNyJ2Otq4RXqvYIxJzcmMqM=,uIZf//CeRwEwGCYfd5Cep1tHdko=
-52,-23,LYkpWNyJ2Otq4RXqvYIxJzcmMqM=,uIZf//CeRwEwGCYfd5Cep1tHdko=
-63,-29,LYkpWNyJ2Otq4RXqvYIxJzcmMqM=,uIZf//CeRwEwGCYfd5Cep1tHdko=
-57,-23,LYkpWNyJ2Otq4RXqvYIxJzcmMqM=,uIZf//CeRwEwGCYfd5Cep1tHdko=
-51,-23,LYkpWNyJ2Otq4RXqvYIxJzcmMqM=,uIZf//CeRwEwGCYfd5Cep1tHdko=
-54,-23,LYkpWNyJ2Otq4RXqvYIxJzcmMqM=,uIZf//CeRwEwGCYfd5Cep1tHdko=
-55,-23,LYkpWNyJ2Otq4RXqvYIxJzcmMqM=,uIZf//CeRwEwGCYfd5Cep1tHdko=
-63,-22,LYkpWNyJ2Otq4RXqvYIxJzcmMqM=,uIZf//CeRwEwGCYfd5Cep1tHdko=
-50,-23,LYkpWNyJ2Otq4RXqvYIxJzcmMqM=,uIZf//CeRwEwGCYfd5Cep1tHdko=
-56,-23,LYkpWNyJ2Otq4RXqvYIxJzcmMqM=,uIZf//CeRwEwGCYfd5Cep1tHdko=
-58,-23,LYkpWNyJ2Otq4RXqvYIxJzcmMqM=,uIZf//CeRwEwGCYfd5Cep1tHdko=
-60,-23,LYkpWNyJ2Otq4RXqvYIxJzcmMqM=,uIZf//CeRwEwGCYfd5Cep1tHdko=
-59,-23,LYkpWNyJ2Otq4RXqvYIxJzcmMqM=,uIZf//CeRwEwGCYfd5Cep1tHdko=
-62,-23,LYkpWNyJ2Otq4RXqvYIxJzcmMqM=,uIZf//CeRwEwGCYfd5Cep1tHdko=
-57,-31,LYkpWNyJ2Otq4RXqvYIxJzcmMqM=,uIZf//CeRwEwGCYfd5Cep1tHdko=
-62,-29,LYkpWNyJ2Otq4RXqvYIxJzcmMqM=,uIZf//CeRwEwGCYfd5Cep1tHdko=
-63,-23,LYkpWNyJ2Otq4RXqvYIxJzcmMqM=,uIZf//CeRwEwGCYfd5Cep1tHdko=
-64,-23,LYkpWNyJ2Otq4RXqvYIxJzcmMqM=,uIZf//CeRwEwGCYfd5Cep1tHdko=
-49,-24,LYkpWNyJ2Otq4RXqvYIxJzcmMqM=,uIZf//CeRwEwGCYfd5Cep1tHdko=
-52,-24,LYkpWNyJ2Otq4RXqvYIxJzcmMqM=,uIZf//CeRwEwGCYfd5Cep1tHdko=
-61,-23,LYkpWNyJ2Otq4RXqvYIxJzcmMqM=,uIZf//CeRwEwGCYfd5Cep1tHdko=
-53,-24,LYkpWNyJ2Otq4RXqvYIxJzcmMqM=,uIZf//CeRwEwGCYfd5Cep1tHdko=
-50,-24,LYkpWNyJ2Otq4RXqvYIxJzcmMqM=,uIZf//CeRwEwGCYfd5Cep1tHdko=
-51,-24,LYkpWNyJ2Otq4RXqvYIxJzcmMqM=,uIZf//CeRwEwGCYfd5Cep1tHdko=
-54,-24,LYkpWNyJ2Otq4RXqvYIxJzcmMqM=,uIZf//CeRwEwGCYfd5Cep1tHdko=
-55,-24,LYkpWNyJ2Otq4RXqvYIxJzcmMqM=,uIZf//CeRwEwGCYfd5Cep1tHdko=
-56,-24,LYkpWNyJ2Otq4RXqvYIxJzcmMqM=,uIZf//CeRwEwGCYfd5Cep1tHdko=
-59,-24,LYkpWNyJ2Otq4RXqvYIxJzcmMqM=,uIZf//CeRwEwGCYfd5Cep1tHdko=
-58,-31,LYkpWNyJ2Otq4RXqvYIxJzcmMqM=,uIZf//CeRwEwGCYfd5Cep1tHdko=
-58,-24,LYkpWNyJ2Otq4RXqvYIxJzcmMqM=,uIZf//CeRwEwGCYfd5Cep1tHdko=
-60,-24,LYkpWNyJ2Otq4RXqvYIxJzcmMqM=,uIZf//CeRwEwGCYfd5Cep1tHdko=
-57,-24,LYkpWNyJ2Otq4RXqvYIxJzcmMqM=,uIZf//CeRwEwGCYfd5Cep1tHdko=
-61,-29,LYkpWNyJ2Otq4RXqvYIxJzcmMqM=,uIZf//CeRwEwGCYfd5Cep1tHdko=
-61,-24,LYkpWNyJ2Otq4RXqvYIxJzcmMqM=,uIZf//CeRwEwGCYfd5Cep1tHdko=
-63,-24,LYkpWNyJ2Otq4RXqvYIxJzcmMqM=,uIZf//CeRwEwGCYfd5Cep1tHdko=
-64,-24,LYkpWNyJ2Otq4RXqvYIxJzcmMqM=,uIZf//CeRwEwGCYfd5Cep1tHdko=
-62,-24,LYkpWNyJ2Otq4RXqvYIxJzcmMqM=,uIZf//CeRwEwGCYfd5Cep1tHdko=
-51,-25,LYkpWNyJ2Otq4RXqvYIxJzcmMqM=,uIZf//CeRwEwGCYfd5Cep1tHdko=
-54,-25,LYkpWNyJ2Otq4RXqvYIxJzcmMqM=,uIZf//CeRwEwGCYfd5Cep1tHdko=
-53,-25,LYkpWNyJ2Otq4RXqvYIxJzcmMqM=,uIZf//CeRwEwGCYfd5Cep1tHdko=
-52,-25,LYkpWNyJ2Otq4RXqvYIxJzcmMqM=,uIZf//CeRwEwGCYfd5Cep1tHdko=
-49,-25,LYkpWNyJ2Otq4RXqvYIxJzcmMqM=,uIZf//CeRwEwGCYfd5Cep1tHdko=
-59,-31,LYkpWNyJ2Otq4RXqvYIxJzcmMqM=,uIZf//CeRwEwGCYfd5Cep1tHdko=
-55,-25,LYkpWNyJ2Otq4RXqvYIxJzcmMqM=,uIZf//CeRwEwGCYfd5Cep1tHdko=
-60,-29,LYkpWNyJ2Otq4RXqvYIxJzcmMqM=,uIZf//CeRwEwGCYfd5Cep1tHdko=
-57,-25,LYkpWNyJ2Otq4RXqvYIxJzcmMqM=,uIZf//CeRwEwGCYfd5Cep1tHdko=
-59,-25,LYkpWNyJ2Otq4RXqvYIxJzcmMqM=,uIZf//CeRwEwGCYfd5Cep1tHdko=
-50,-25,LYkpWNyJ2Otq4RXqvYIxJzcmMqM=,uIZf//CeRwEwGCYfd5Cep1tHdko=
-56,-25,LYkpWNyJ2Otq4RXqvYIxJzcmMqM=,uIZf//CeRwEwGCYfd5Cep1tHdko=
-58,-25,LYkpWNyJ2Otq4RXqvYIxJzcmMqM=,uIZf//CeRwEwGCYfd5Cep1tHdko=
-60,-25,LYkpWNyJ2Otq4RXqvYIxJzcmMqM=,uIZf//CeRwEwGCYfd5Cep1tHdko=
-63,-25,LYkpWNyJ2Otq4RXqvYIxJzcmMqM=,uIZf//CeRwEwGCYfd5Cep1tHdko=
-62,-25,LYkpWNyJ2Otq4RXqvYIxJzcmMqM=,uIZf//CeRwEwGCYfd5Cep1tHdko=
-61,-25,LYkpWNyJ2Otq4RXqvYIxJzcmMqM=,uIZf//CeRwEwGCYfd5Cep1tHdko=
-64,-25,LYkpWNyJ2Otq4RXqvYIxJzcmMqM=,uIZf//CeRwEwGCYfd5Cep1tHdko=
-51,-26,LYkpWNyJ2Otq4RXqvYIxJzcmMqM=,uIZf//CeRwEwGCYfd5Cep1tHdko=
-49,-26,LYkpWNyJ2Otq4RXqvYIxJzcmMqM=,uIZf//CeRwEwGCYfd5Cep1tHdko=
-59,-29,LYkpWNyJ2Otq4RXqvYIxJzcmMqM=,uIZf//CeRwEwGCYfd5Cep1tHdko=
-53,-26,LYkpWNyJ2Otq4RXqvYIxJzcmMqM=,uIZf//CeRwEwGCYfd5Cep1tHdko=
-50,-26,LYkpWNyJ2Otq4RXqvYIxJzcmMqM=,uIZf//CeRwEwGCYfd5Cep1tHdko=
-56,-26,LYkpWNyJ2Otq4RXqvYIxJzcmMqM=,uIZf//CeRwEwGCYfd5Cep1tHdko=
-60,-31,LYkpWNyJ2Otq4RXqvYIxJzcmMqM=,uIZf//CeRwEwGCYfd5Cep1tHdko=
-57,-26,LYkpWNyJ2Otq4RXqvYIxJzcmMqM=,uIZf//CeRwEwGCYfd5Cep1tHdko=
-55,-26,LYkpWNyJ2Otq4RXqvYIxJzcmMqM=,uIZf//CeRwEwGCYfd5Cep1tHdko=
-52,-26,LYkpWNyJ2Otq4RXqvYIxJzcmMqM=,uIZf//CeRwEwGCYfd5Cep1tHdko=
-61,-26,LYkpWNyJ2Otq4RXqvYIxJzcmMqM=,uIZf//CeRwEwGCYfd5Cep1tHdko=
-51,-27,LYkpWNyJ2Otq4RXqvYIxJzcmMqM=,uIZf//CeRwEwGCYfd5Cep1tHdko=
-58,-29,LYkpWNyJ2Otq4RXqvYIxJzcmMqM=,uIZf//CeRwEwGCYfd5Cep1tHdko=
-52,-27,LYkpWNyJ2Otq4RXqvYIxJzcmMqM=,uIZf//CeRwEwGCYfd5Cep1tHdko=
-64,-26,LYkpWNyJ2Otq4RXqvYIxJzcmMqM=,uIZf//CeRwEwGCYfd5Cep1tHdko=
-56,-27,LYkpWNyJ2Otq4RXqvYIxJzcmMqM=,uIZf//CeRwEwGCYfd5Cep1tHdko=
-61,-31,LYkpWNyJ2Otq4RXqvYIxJzcmMqM=,uIZf//CeRwEwGCYfd5Cep1tHdko=
-58,-26,LYkpWNyJ2Otq4RXqvYIxJzcmMqM=,uIZf//CeRwEwGCYfd5Cep1tHdko=
-62,-26,LYkpWNyJ2Otq4RXqvYIxJzcmMqM=,uIZf//CeRwEwGCYfd5Cep1tHdko=
-60,-27,LYkpWNyJ2Otq4RXqvYIxJzcmMqM=,uIZf//CeRwEwGCYfd5Cep1tHdko=
-59,-27,LYkpWNyJ2Otq4RXqvYIxJzcmMqM=,uIZf//CeRwEwGCYfd5Cep1tHdko=
-54,-27,LYkpWNyJ2Otq4RXqvYIxJzcmMqM=,uIZf//CeRwEwGCYfd5Cep1tHdko=
-58,-27,LYkpWNyJ2Otq4RXqvYIxJzcmMqM=,uIZf//CeRwEwGCYfd5Cep1tHdko=
-64,-27,LYkpWNyJ2Otq4RXqvYIxJzcmMqM=,uIZf//CeRwEwGCYfd5Cep1tHdko=
-62,-27,LYkpWNyJ2Otq4RXqvYIxJzcmMqM=,uIZf//CeRwEwGCYfd5Cep1tHdko=
-63,-27,LYkpWNyJ2Otq4RXqvYIxJzcmMqM=,uIZf//CeRwEwGCYfd5Cep1tHdko=
-57,-27,LYkpWNyJ2Otq4RXqvYIxJzcmMqM=,uIZf//CeRwEwGCYfd5Cep1tHdko=
-57,-29,LYkpWNyJ2Otq4RXqvYIxJzcmMqM=,uIZf//CeRwEwGCYfd5Cep1tHdko=
-55,-27,LYkpWNyJ2Otq4RXqvYIxJzcmMqM=,uIZf//CeRwEwGCYfd5Cep1tHdko=
-49,-28,LYkpWNyJ2Otq4RXqvYIxJzcmMqM=,uIZf//CeRwEwGCYfd5Cep1tHdko=
-52,-28,LYkpWNyJ2Otq4RXqvYIxJzcmMqM=,uIZf//CeRwEwGCYfd5Cep1tHdko=
-50,-28,LYkpWNyJ2Otq4RXqvYIxJzcmMqM=,uIZf//CeRwEwGCYfd5Cep1tHdko=
-62,-31,LYkpWNyJ2Otq4RXqvYIxJzcmMqM=,uIZf//CeRwEwGCYfd5Cep1tHdko=
-61,-27,LYkpWNyJ2Otq4RXqvYIxJzcmMqM=,uIZf//CeRwEwGCYfd5Cep1tHdko=
-54,-28,LYkpWNyJ2Otq4RXqvYIxJzcmMqM=,uIZf//CeRwEwGCYfd5Cep1tHdko=
-55,-28,LYkpWNyJ2Otq4RXqvYIxJzcmMqM=,uIZf//CeRwEwGCYfd5Cep1tHdko=
-56,-28,LYkpWNyJ2Otq4RXqvYIxJzcmMqM=,uIZf//CeRwEwGCYfd5Cep1tHdko=
-53,-28,LYkpWNyJ2Otq4RXqvYIxJzcmMqM=,uIZf//CeRwEwGCYfd5Cep1tHdko=
-56,-29,LYkpWNyJ2Otq4RXqvYIxJzcmMqM=,uIZf//CeRwEwGCYfd5Cep1tHdko=
-60,-28,LYkpWNyJ2Otq4RXqvYIxJzcmMqM=,uIZf//CeRwEwGCYfd5Cep1tHdko=
-61,-28,LYkpWNyJ2Otq4RXqvYIxJzcmMqM=,uIZf//CeRwEwGCYfd5Cep1tHdko=
-62,-28,LYkpWNyJ2Otq4RXqvYIxJzcmMqM=,uIZf//CeRwEwGCYfd5Cep1tHdko=
-59,-28,LYkpWNyJ2Otq4RXqvYIxJzcmMqM=,uIZf//CeRwEwGCYfd5Cep1tHdko=
-64,-28,LYkpWNyJ2Otq4RXqvYIxJzcmMqM=,uIZf//CeRwEwGCYfd5Cep1tHdko=
-58,-28,LYkpWNyJ2Otq4RXqvYIxJzcmMqM=,uIZf//CeRwEwGCYfd5Cep1tHdko=
-63,-28,LYkpWNyJ2Otq4RXqvYIxJzcmMqM=,uIZf//CeRwEwGCYfd5Cep1tHdko=
-51,-28,LYkpWNyJ2Otq4RXqvYIxJzcmMqM=,uIZf//CeRwEwGCYfd5Cep1tHdko=
-52,-29,LYkpWNyJ2Otq4RXqvYIxJzcmMqM=,uIZf//CeRwEwGCYfd5Cep1tHdko=
-55,-29,LYkpWNyJ2Otq4RXqvYIxJzcmMqM=,uIZf//CeRwEwGCYfd5Cep1tHdko=
-49,-29,LYkpWNyJ2Otq4RXqvYIxJzcmMqM=,uIZf//CeRwEwGCYfd5Cep1tHdko=
-63,-26,LYkpWNyJ2Otq4RXqvYIxJzcmMqM=,uIZf//CeRwEwGCYfd5Cep1tHdko=
-57,-28,LYkpWNyJ2Otq4RXqvYIxJzcmMqM=,uIZf//CeRwEwGCYfd5Cep1tHdko=
-54,-29,LYkpWNyJ2Otq4RXqvYIxJzcmMqM=,uIZf//CeRwEwGCYfd5Cep1tHdko=
-51,-29,LYkpWNyJ2Otq4RXqvYIxJzcmMqM=,uIZf//CeRwEwGCYfd5Cep1tHdko=
-63,-31,LYkpWNyJ2Otq4RXqvYIxJzcmMqM=,uIZf//CeRwEwGCYfd5Cep1tHdko=
-50,-29,LYkpWNyJ2Otq4RXqvYIxJzcmMqM=,uIZf//CeRwEwGCYfd5Cep1tHdko=
-53,-29,LYkpWNyJ2Otq4RXqvYIxJzcmMqM=,uIZf//CeRwEwGCYfd5Cep1tHdko=
-53,-27,LYkpWNyJ2Otq4RXqvYIxJzcmMqM=,uIZf//CeRwEwGCYfd5Cep1tHdko=
-59,-26,LYkpWNyJ2Otq4RXqvYIxJzcmMqM=,uIZf//CeRwEwGCYfd5Cep1tHdko=
-50,-27,LYkpWNyJ2Otq4RXqvYIxJzcmMqM=,uIZf//CeRwEwGCYfd5Cep1tHdko=
-60,-26,LYkpWNyJ2Otq4RXqvYIxJzcmMqM=,uIZf//CeRwEwGCYfd5Cep1tHdko=
-49,-27,LYkpWNyJ2Otq4RXqvYIxJzcmMqM=,uIZf//CeRwEwGCYfd5Cep1tHdko=
-54,-26,LYkpWNyJ2Otq4RXqvYIxJzcmMqM=,uIZf//CeRwEwGCYfd5Cep1tHdko=
-48,-31,jxBtlK3z/7r+HuIxPOplMEraKKY=,uIZf//CeRwEwGCYfd5Cep1tHdko=
-46,-17,jxBtlK3z/7r+HuIxPOplMEraKKY=,uIZf//CeRwEwGCYfd5Cep1tHdko=
-47,-17,jxBtlK3z/7r+HuIxPOplMEraKKY=,uIZf//CeRwEwGCYfd5Cep1tHdko=
-45,-17,jxBtlK3z/7r+HuIxPOplMEraKKY=,uIZf//CeRwEwGCYfd5Cep1tHdko=
-41,-17,jxBtlK3z/7r+HuIxPOplMEraKKY=,uIZf//CeRwEwGCYfd5Cep1tHdko=
-48,-17,jxBtlK3z/7r+HuIxPOplMEraKKY=,uIZf//CeRwEwGCYfd5Cep1tHdko=
-40,-17,jxBtlK3z/7r+HuIxPOplMEraKKY=,uIZf//CeRwEwGCYfd5Cep1tHdko=
-38,-17,jxBtlK3z/7r+HuIxPOplMEraKKY=,uIZf//CeRwEwGCYfd5Cep1tHdko=
-43,-17,jxBtlK3z/7r+HuIxPOplMEraKKY=,uIZf//CeRwEwGCYfd5Cep1tHdko=
-45,-18,jxBtlK3z/7r+HuIxPOplMEraKKY=,uIZf//CeRwEwGCYfd5Cep1tHdko=
-42,-17,jxBtlK3z/7r+HuIxPOplMEraKKY=,uIZf//CeRwEwGCYfd5Cep1tHdko=
-46,-18,jxBtlK3z/7r+HuIxPOplMEraKKY=,uIZf//CeRwEwGCYfd5Cep1tHdko=
-39,-17,jxBtlK3z/7r+HuIxPOplMEraKKY=,uIZf//CeRwEwGCYfd5Cep1tHdko=
-48,-18,jxBtlK3z/7r+HuIxPOplMEraKKY=,uIZf//CeRwEwGCYfd5Cep1tHdko=
-44,-17,jxBtlK3z/7r+HuIxPOplMEraKKY=,uIZf//CeRwEwGCYfd5Cep1tHdko=
-47,-18,jxBtlK3z/7r+HuIxPOplMEraKKY=,uIZf//CeRwEwGCYfd5Cep1tHdko=
-38,-18,jxBtlK3z/7r+HuIxPOplMEraKKY=,uIZf//CeRwEwGCYfd5Cep1tHdko=
-37,-17,jxBtlK3z/7r+HuIxPOplMEraKKY=,uIZf//CeRwEwGCYfd5Cep1tHdko=
-42,-18,jxBtlK3z/7r+HuIxPOplMEraKKY=,uIZf//CeRwEwGCYfd5Cep1tHdko=
-39,-18,jxBtlK3z/7r+HuIxPOplMEraKKY=,uIZf//CeRwEwGCYfd5Cep1tHdko=
-37,-18,jxBtlK3z/7r+HuIxPOplMEraKKY=,uIZf//CeRwEwGCYfd5Cep1tHdko=
-41,-18,jxBtlK3z/7r+HuIxPOplMEraKKY=,uIZf//CeRwEwGCYfd5Cep1tHdko=
-44,-18,jxBtlK3z/7r+HuIxPOplMEraKKY=,uIZf//CeRwEwGCYfd5Cep1tHdko=
-38,-19,jxBtlK3z/7r+HuIxPOplMEraKKY=,uIZf//CeRwEwGCYfd5Cep1tHdko=
-45,-19,jxBtlK3z/7r+HuIxPOplMEraKKY=,uIZf//CeRwEwGCYfd5Cep1tHdko=
-40,-18,jxBtlK3z/7r+HuIxPOplMEraKKY=,uIZf//CeRwEwGCYfd5Cep1tHdko=
-46,-19,jxBtlK3z/7r+HuIxPOplMEraKKY=,uIZf//CeRwEwGCYfd5Cep1tHdko=
-43,-18,jxBtlK3z/7r+HuIxPOplMEraKKY=,uIZf//CeRwEwGCYfd5Cep1tHdko=
-41,-19,jxBtlK3z/7r+HuIxPOplMEraKKY=,uIZf//CeRwEwGCYfd5Cep1tHdko=
-39,-19,jxBtlK3z/7r+HuIxPOplMEraKKY=,uIZf//CeRwEwGCYfd5Cep1tHdko=
-40,-19,jxBtlK3z/7r+HuIxPOplMEraKKY=,uIZf//CeRwEwGCYfd5Cep1tHdko=
-47,-19,jxBtlK3z/7r+HuIxPOplMEraKKY=,uIZf//CeRwEwGCYfd5Cep1tHdko=
-42,-19,jxBtlK3z/7r+HuIxPOplMEraKKY=,uIZf//CeRwEwGCYfd5Cep1tHdko=
-37,-19,jxBtlK3z/7r+HuIxPOplMEraKKY=,uIZf//CeRwEwGCYfd5Cep1tHdko=
-43,-19,jxBtlK3z/7r+HuIxPOplMEraKKY=,uIZf//CeRwEwGCYfd5Cep1tHdko=
-48,-19,jxBtlK3z/7r+HuIxPOplMEraKKY=,uIZf//CeRwEwGCYfd5Cep1tHdko=
-38,-20,jxBtlK3z/7r+HuIxPOplMEraKKY=,uIZf//CeRwEwGCYfd5Cep1tHdko=
-44,-19,jxBtlK3z/7r+HuIxPOplMEraKKY=,uIZf//CeRwEwGCYfd5Cep1tHdko=
-39,-20,jxBtlK3z/7r+HuIxPOplMEraKKY=,uIZf//CeRwEwGCYfd5Cep1tHdko=
-40,-20,jxBtlK3z/7r+HuIxPOplMEraKKY=,uIZf//CeRwEwGCYfd5Cep1tHdko=
-41,-20,jxBtlK3z/7r+HuIxPOplMEraKKY=,uIZf//CeRwEwGCYfd5Cep1tHdko=
-37,-20,jxBtlK3z/7r+HuIxPOplMEraKKY=,uIZf//CeRwEwGCYfd5Cep1tHdko=
-46,-20,jxBtlK3z/7r+HuIxPOplMEraKKY=,uIZf//CeRwEwGCYfd5Cep1tHdko=
-47,-20,jxBtlK3z/7r+HuIxPOplMEraKKY=,uIZf//CeRwEwGCYfd5Cep1tHdko=
-45,-20,jxBtlK3z/7r+HuIxPOplMEraKKY=,uIZf//CeRwEwGCYfd5Cep1tHdko=
-43,-20,jxBtlK3z/7r+HuIxPOplMEraKKY=,uIZf//CeRwEwGCYfd5Cep1tHdko=
-48,-20,jxBtlK3z/7r+HuIxPOplMEraKKY=,uIZf//CeRwEwGCYfd5Cep1tHdko=
-42,-20,jxBtlK3z/7r+HuIxPOplMEraKKY=,uIZf//CeRwEwGCYfd5Cep1tHdko=
-33,-18,jxBtlK3z/7r+HuIxPOplMEraKKY=,uIZf//CeRwEwGCYfd5Cep1tHdko=
-33,-19,jxBtlK3z/7r+HuIxPOplMEraKKY=,uIZf//CeRwEwGCYfd5Cep1tHdko=
-44,-20,jxBtlK3z/7r+HuIxPOplMEraKKY=,uIZf//CeRwEwGCYfd5Cep1tHdko=
-34,-32,jxBtlK3z/7r+HuIxPOplMEraKKY=,uIZf//CeRwEwGCYfd5Cep1tHdko=
-37,-21,jxBtlK3z/7r+HuIxPOplMEraKKY=,uIZf//CeRwEwGCYfd5Cep1tHdko=
-34,-18,jxBtlK3z/7r+HuIxPOplMEraKKY=,uIZf//CeRwEwGCYfd5Cep1tHdko=
-38,-21,jxBtlK3z/7r+HuIxPOplMEraKKY=,uIZf//CeRwEwGCYfd5Cep1tHdko=
-36,-20,jxBtlK3z/7r+HuIxPOplMEraKKY=,uIZf//CeRwEwGCYfd5Cep1tHdko=
-39,-21,jxBtlK3z/7r+HuIxPOplMEraKKY=,uIZf//CeRwEwGCYfd5Cep1tHdko=
-41,-21,jxBtlK3z/7r+HuIxPOplMEraKKY=,uIZf//CeRwEwGCYfd5Cep1tHdko=
-45,-21,jxBtlK3z/7r+HuIxPOplMEraKKY=,uIZf//CeRwEwGCYfd5Cep1tHdko=
-42,-21,jxBtlK3z/7r+HuIxPOplMEraKKY=,uIZf//CeRwEwGCYfd5Cep1tHdko=
-40,-21,jxBtlK3z/7r+HuIxPOplMEraKKY=,uIZf//CeRwEwGCYfd5Cep1tHdko=
-46,-21,jxBtlK3z/7r+HuIxPOplMEraKKY=,uIZf//CeRwEwGCYfd5Cep1tHdko=
-47,-21,jxBtlK3z/7r+HuIxPOplMEraKKY=,uIZf//CeRwEwGCYfd5Cep1tHdko=
-43,-21,jxBtlK3z/7r+HuIxPOplMEraKKY=,uIZf//CeRwEwGCYfd5Cep1tHdko=
-48,-21,jxBtlK3z/7r+HuIxPOplMEraKKY=,uIZf//CeRwEwGCYfd5Cep1tHdko=
-44,-21,jxBtlK3z/7r+HuIxPOplMEraKKY=,uIZf//CeRwEwGCYfd5Cep1tHdko=
-34,-20,jxBtlK3z/7r+HuIxPOplMEraKKY=,uIZf//CeRwEwGCYfd5Cep1tHdko=
-37,-32,jxBtlK3z/7r+HuIxPOplMEraKKY=,uIZf//CeRwEwGCYfd5Cep1tHdko=
-37,-22,jxBtlK3z/7r+HuIxPOplMEraKKY=,uIZf//CeRwEwGCYfd5Cep1tHdko=
-38,-22,jxBtlK3z/7r+HuIxPOplMEraKKY=,uIZf//CeRwEwGCYfd5Cep1tHdko=
-39,-22,jxBtlK3z/7r+HuIxPOplMEraKKY=,uIZf//CeRwEwGCYfd5Cep1tHdko=
-40,-22,jxBtlK3z/7r+HuIxPOplMEraKKY=,uIZf//CeRwEwGCYfd5Cep1tHdko=
-41,-22,jxBtlK3z/7r+HuIxPOplMEraKKY=,uIZf//CeRwEwGCYfd5Cep1tHdko=
-34,-17,jxBtlK3z/7r+HuIxPOplMEraKKY=,uIZf//CeRwEwGCYfd5Cep1tHdko=
-42,-22,jxBtlK3z/7r+HuIxPOplMEraKKY=,uIZf//CeRwEwGCYfd5Cep1tHdko=
-45,-22,jxBtlK3z/7r+HuIxPOplMEraKKY=,uIZf//CeRwEwGCYfd5Cep1tHdko=
-43,-22,jxBtlK3z/7r+HuIxPOplMEraKKY=,uIZf//CeRwEwGCYfd5Cep1tHdko=
-46,-22,jxBtlK3z/7r+HuIxPOplMEraKKY=,uIZf//CeRwEwGCYfd5Cep1tHdko=
-47,-22,jxBtlK3z/7r+HuIxPOplMEraKKY=,uIZf//CeRwEwGCYfd5Cep1tHdko=
-48,-22,jxBtlK3z/7r+HuIxPOplMEraKKY=,uIZf//CeRwEwGCYfd5Cep1tHdko=
-44,-22,jxBtlK3z/7r+HuIxPOplMEraKKY=,uIZf//CeRwEwGCYfd5Cep1tHdko=
-35,-32,jxBtlK3z/7r+HuIxPOplMEraKKY=,uIZf//CeRwEwGCYfd5Cep1tHdko=
-38,-32,jxBtlK3z/7r+HuIxPOplMEraKKY=,uIZf//CeRwEwGCYfd5Cep1tHdko=
-35,-17,jxBtlK3z/7r+HuIxPOplMEraKKY=,uIZf//CeRwEwGCYfd5Cep1tHdko=
-36,-19,jxBtlK3z/7r+HuIxPOplMEraKKY=,uIZf//CeRwEwGCYfd5Cep1tHdko=
-36,-32,jxBtlK3z/7r+HuIxPOplMEraKKY=,uIZf//CeRwEwGCYfd5Cep1tHdko=
-34,-19,jxBtlK3z/7r+HuIxPOplMEraKKY=,uIZf//CeRwEwGCYfd5Cep1tHdko=
-35,-18,jxBtlK3z/7r+HuIxPOplMEraKKY=,uIZf//CeRwEwGCYfd5Cep1tHdko=
-37,-23,jxBtlK3z/7r+HuIxPOplMEraKKY=,uIZf//CeRwEwGCYfd5Cep1tHdko=
-38,-23,jxBtlK3z/7r+HuIxPOplMEraKKY=,uIZf//CeRwEwGCYfd5Cep1tHdko=
-41,-23,jxBtlK3z/7r+HuIxPOplMEraKKY=,uIZf//CeRwEwGCYfd5Cep1tHdko=
-45,-23,jxBtlK3z/7r+HuIxPOplMEraKKY=,uIZf//CeRwEwGCYfd5Cep1tHdko=
-42,-23,jxBtlK3z/7r+HuIxPOplMEraKKY=,uIZf//CeRwEwGCYfd5Cep1tHdko=
-47,-23,jxBtlK3z/7r+HuIxPOplMEraKKY=,uIZf//CeRwEwGCYfd5Cep1tHdko=
-46,-23,jxBtlK3z/7r+HuIxPOplMEraKKY=,uIZf//CeRwEwGCYfd5Cep1tHdko=
-35,-21,jxBtlK3z/7r+HuIxPOplMEraKKY=,uIZf//CeRwEwGCYfd5Cep1tHdko=
-43,-23,jxBtlK3z/7r+HuIxPOplMEraKKY=,uIZf//CeRwEwGCYfd5Cep1tHdko=
-48,-23,jxBtlK3z/7r+HuIxPOplMEraKKY=,uIZf//CeRwEwGCYfd5Cep1tHdko=
-44,-23,jxBtlK3z/7r+HuIxPOplMEraKKY=,uIZf//CeRwEwGCYfd5Cep1tHdko=
-39,-32,jxBtlK3z/7r+HuIxPOplMEraKKY=,uIZf//CeRwEwGCYfd5Cep1tHdko=
-38,-24,jxBtlK3z/7r+HuIxPOplMEraKKY=,uIZf//CeRwEwGCYfd5Cep1tHdko=
-37,-24,jxBtlK3z/7r+HuIxPOplMEraKKY=,uIZf//CeRwEwGCYfd5Cep1tHdko=
-36,-21,jxBtlK3z/7r+HuIxPOplMEraKKY=,uIZf//CeRwEwGCYfd5Cep1tHdko=
-39,-24,jxBtlK3z/7r+HuIxPOplMEraKKY=,uIZf//CeRwEwGCYfd5Cep1tHdko=
-41,-24,jxBtlK3z/7r+HuIxPOplMEraKKY=,uIZf//CeRwEwGCYfd5Cep1tHdko=
-40,-24,jxBtlK3z/7r+HuIxPOplMEraKKY=,uIZf//CeRwEwGCYfd5Cep1tHdko=
-42,-24,jxBtlK3z/7r+HuIxPOplMEraKKY=,uIZf//CeRwEwGCYfd5Cep1tHdko=
-45,-24,jxBtlK3z/7r+HuIxPOplMEraKKY=,uIZf//CeRwEwGCYfd5Cep1tHdko=
-35,-20,jxBtlK3z/7r+HuIxPOplMEraKKY=,uIZf//CeRwEwGCYfd5Cep1tHdko=
-33,-20,jxBtlK3z/7r+HuIxPOplMEraKKY=,uIZf//CeRwEwGCYfd5Cep1tHdko=
-46,-24,jxBtlK3z/7r+HuIxPOplMEraKKY=,uIZf//CeRwEwGCYfd5Cep1tHdko=
-48,-24,jxBtlK3z/7r+HuIxPOplMEraKKY=,uIZf//CeRwEwGCYfd5Cep1tHdko=
-43,-24,jxBtlK3z/7r+HuIxPOplMEraKKY=,uIZf//CeRwEwGCYfd5Cep1tHdko=
-40,-32,jxBtlK3z/7r+HuIxPOplMEraKKY=,uIZf//CeRwEwGCYfd5Cep1tHdko=
-47,-24,jxBtlK3z/7r+HuIxPOplMEraKKY=,uIZf//CeRwEwGCYfd5Cep1tHdko=
-33,-17,jxBtlK3z/7r+HuIxPOplMEraKKY=,uIZf//CeRwEwGCYfd5Cep1tHdko=
-36,-22,jxBtlK3z/7r+HuIxPOplMEraKKY=,uIZf//CeRwEwGCYfd5Cep1tHdko=
-34,-22,jxBtlK3z/7r+HuIxPOplMEraKKY=,uIZf//CeRwEwGCYfd5Cep1tHdko=
-33,-22,jxBtlK3z/7r+HuIxPOplMEraKKY=,uIZf//CeRwEwGCYfd5Cep1tHdko=
-36,-18,jxBtlK3z/7r+HuIxPOplMEraKKY=,uIZf//CeRwEwGCYfd5Cep1tHdko=
-44,-24,jxBtlK3z/7r+HuIxPOplMEraKKY=,uIZf//CeRwEwGCYfd5Cep1tHdko=
-36,-17,jxBtlK3z/7r+HuIxPOplMEraKKY=,uIZf//CeRwEwGCYfd5Cep1tHdko=
-38,-25,jxBtlK3z/7r+HuIxPOplMEraKKY=,uIZf//CeRwEwGCYfd5Cep1tHdko=
-42,-25,jxBtlK3z/7r+HuIxPOplMEraKKY=,uIZf//CeRwEwGCYfd5Cep1tHdko=
-40,-25,jxBtlK3z/7r+HuIxPOplMEraKKY=,uIZf//CeRwEwGCYfd5Cep1tHdko=
-46,-25,jxBtlK3z/7r+HuIxPOplMEraKKY=,uIZf//CeRwEwGCYfd5Cep1tHdko=
-47,-25,jxBtlK3z/7r+HuIxPOplMEraKKY=,uIZf//CeRwEwGCYfd5Cep1tHdko=
-45,-25,jxBtlK3z/7r+HuIxPOplMEraKKY=,uIZf//CeRwEwGCYfd5Cep1tHdko=
-48,-25,jxBtlK3z/7r+HuIxPOplMEraKKY=,uIZf//CeRwEwGCYfd5Cep1tHdko=
-39,-25,jxBtlK3z/7r+HuIxPOplMEraKKY=,uIZf//CeRwEwGCYfd5Cep1tHdko=
-41,-25,jxBtlK3z/7r+HuIxPOplMEraKKY=,uIZf//CeRwEwGCYfd5Cep1tHdko=
-43,-25,jxBtlK3z/7r+HuIxPOplMEraKKY=,uIZf//CeRwEwGCYfd5Cep1tHdko=
-35,-22,jxBtlK3z/7r+HuIxPOplMEraKKY=,uIZf//CeRwEwGCYfd5Cep1tHdko=
-37,-25,jxBtlK3z/7r+HuIxPOplMEraKKY=,uIZf//CeRwEwGCYfd5Cep1tHdko=
-44,-25,jxBtlK3z/7r+HuIxPOplMEraKKY=,uIZf//CeRwEwGCYfd5Cep1tHdko=
-35,-19,jxBtlK3z/7r+HuIxPOplMEraKKY=,uIZf//CeRwEwGCYfd5Cep1tHdko=
-38,-26,jxBtlK3z/7r+HuIxPOplMEraKKY=,uIZf//CeRwEwGCYfd5Cep1tHdko=
-37,-26,jxBtlK3z/7r+HuIxPOplMEraKKY=,uIZf//CeRwEwGCYfd5Cep1tHdko=
-41,-32,jxBtlK3z/7r+HuIxPOplMEraKKY=,uIZf//CeRwEwGCYfd5Cep1tHdko=
-33,-21,jxBtlK3z/7r+HuIxPOplMEraKKY=,uIZf//CeRwEwGCYfd5Cep1tHdko=
-39,-26,jxBtlK3z/7r+HuIxPOplMEraKKY=,uIZf//CeRwEwGCYfd5Cep1tHdko=
-40,-26,jxBtlK3z/7r+HuIxPOplMEraKKY=,uIZf//CeRwEwGCYfd5Cep1tHdko=
-45,-26,jxBtlK3z/7r+HuIxPOplMEraKKY=,uIZf//CeRwEwGCYfd5Cep1tHdko=
-47,-26,jxBtlK3z/7r+HuIxPOplMEraKKY=,uIZf//CeRwEwGCYfd5Cep1tHdko=
-46,-26,jxBtlK3z/7r+HuIxPOplMEraKKY=,uIZf//CeRwEwGCYfd5Cep1tHdko=
-33,-23,jxBtlK3z/7r+HuIxPOplMEraKKY=,uIZf//CeRwEwGCYfd5Cep1tHdko=
-48,-26,jxBtlK3z/7r+HuIxPOplMEraKKY=,uIZf//CeRwEwGCYfd5Cep1tHdko=
-42,-26,jxBtlK3z/7r+HuIxPOplMEraKKY=,uIZf//CeRwEwGCYfd5Cep1tHdko=
-41,-26,jxBtlK3z/7r+HuIxPOplMEraKKY=,uIZf//CeRwEwGCYfd5Cep1tHdko=
-43,-26,jxBtlK3z/7r+HuIxPOplMEraKKY=,uIZf//CeRwEwGCYfd5Cep1tHdko=
-33,-32,jxBtlK3z/7r+HuIxPOplMEraKKY=,uIZf//CeRwEwGCYfd5Cep1tHdko=
-34,-23,jxBtlK3z/7r+HuIxPOplMEraKKY=,uIZf//CeRwEwGCYfd5Cep1tHdko=
-38,-27,jxBtlK3z/7r+HuIxPOplMEraKKY=,uIZf//CeRwEwGCYfd5Cep1tHdko=
-44,-26,jxBtlK3z/7r+HuIxPOplMEraKKY=,uIZf//CeRwEwGCYfd5Cep1tHdko=
-42,-32,jxBtlK3z/7r+HuIxPOplMEraKKY=,uIZf//CeRwEwGCYfd5Cep1tHdko=
-34,-21,jxBtlK3z/7r+HuIxPOplMEraKKY=,uIZf//CeRwEwGCYfd5Cep1tHdko=
-39,-27,jxBtlK3z/7r+HuIxPOplMEraKKY=,uIZf//CeRwEwGCYfd5Cep1tHdko=
-40,-27,jxBtlK3z/7r+HuIxPOplMEraKKY=,uIZf//CeRwEwGCYfd5Cep1tHdko=
-45,-27,jxBtlK3z/7r+HuIxPOplMEraKKY=,uIZf//CeRwEwGCYfd5Cep1tHdko=
-46,-27,jxBtlK3z/7r+HuIxPOplMEraKKY=,uIZf//CeRwEwGCYfd5Cep1tHdko=
-42,-27,jxBtlK3z/7r+HuIxPOplMEraKKY=,uIZf//CeRwEwGCYfd5Cep1tHdko=
-47,-27,jxBtlK3z/7r+HuIxPOplMEraKKY=,uIZf//CeRwEwGCYfd5Cep1tHdko=
-48,-27,jxBtlK3z/7r+HuIxPOplMEraKKY=,uIZf//CeRwEwGCYfd5Cep1tHdko=
-43,-27,jxBtlK3z/7r+HuIxPOplMEraKKY=,uIZf//CeRwEwGCYfd5Cep1tHdko=
-37,-27,jxBtlK3z/7r+HuIxPOplMEraKKY=,uIZf//CeRwEwGCYfd5Cep1tHdko=
-43,-32,jxBtlK3z/7r+HuIxPOplMEraKKY=,uIZf//CeRwEwGCYfd5Cep1tHdko=
-41,-27,jxBtlK3z/7r+HuIxPOplMEraKKY=,uIZf//CeRwEwGCYfd5Cep1tHdko=
-35,-24,jxBtlK3z/7r+HuIxPOplMEraKKY=,uIZf//CeRwEwGCYfd5Cep1tHdko=
-37,-28,jxBtlK3z/7r+HuIxPOplMEraKKY=,uIZf//CeRwEwGCYfd5Cep1tHdko=
-44,-27,jxBtlK3z/7r+HuIxPOplMEraKKY=,uIZf//CeRwEwGCYfd5Cep1tHdko=
-38,-28,jxBtlK3z/7r+HuIxPOplMEraKKY=,uIZf//CeRwEwGCYfd5Cep1tHdko=
-39,-28,jxBtlK3z/7r+HuIxPOplMEraKKY=,uIZf//CeRwEwGCYfd5Cep1tHdko=
-42,-28,jxBtlK3z/7r+HuIxPOplMEraKKY=,uIZf//CeRwEwGCYfd5Cep1tHdko=
-40,-28,jxBtlK3z/7r+HuIxPOplMEraKKY=,uIZf//CeRwEwGCYfd5Cep1tHdko=
-41,-28,jxBtlK3z/7r+HuIxPOplMEraKKY=,uIZf//CeRwEwGCYfd5Cep1tHdko=
-45,-28,jxBtlK3z/7r+HuIxPOplMEraKKY=,uIZf//CeRwEwGCYfd5Cep1tHdko=
-43,-28,jxBtlK3z/7r+HuIxPOplMEraKKY=,uIZf//CeRwEwGCYfd5Cep1tHdko=
-47,-28,jxBtlK3z/7r+HuIxPOplMEraKKY=,uIZf//CeRwEwGCYfd5Cep1tHdko=
-46,-28,jxBtlK3z/7r+HuIxPOplMEraKKY=,uIZf//CeRwEwGCYfd5Cep1tHdko=
-44,-32,jxBtlK3z/7r+HuIxPOplMEraKKY=,uIZf//CeRwEwGCYfd5Cep1tHdko=
-48,-28,jxBtlK3z/7r+HuIxPOplMEraKKY=,uIZf//CeRwEwGCYfd5Cep1tHdko=
-36,-24,jxBtlK3z/7r+HuIxPOplMEraKKY=,uIZf//CeRwEwGCYfd5Cep1tHdko=
-33,-24,jxBtlK3z/7r+HuIxPOplMEraKKY=,uIZf//CeRwEwGCYfd5Cep1tHdko=
-44,-28,jxBtlK3z/7r+HuIxPOplMEraKKY=,uIZf//CeRwEwGCYfd5Cep1tHdko=
-34,-24,jxBtlK3z/7r+HuIxPOplMEraKKY=,uIZf//CeRwEwGCYfd5Cep1tHdko=
-36,-23,jxBtlK3z/7r+HuIxPOplMEraKKY=,uIZf//CeRwEwGCYfd5Cep1tHdko=
-38,-29,jxBtlK3z/7r+HuIxPOplMEraKKY=,uIZf//CeRwEwGCYfd5Cep1tHdko=
-40,-29,jxBtlK3z/7r+HuIxPOplMEraKKY=,uIZf//CeRwEwGCYfd5Cep1tHdko=
-37,-29,jxBtlK3z/7r+HuIxPOplMEraKKY=,uIZf//CeRwEwGCYfd5Cep1tHdko=
-39,-29,jxBtlK3z/7r+HuIxPOplMEraKKY=,uIZf//CeRwEwGCYfd5Cep1tHdko=
-42,-29,jxBtlK3z/7r+HuIxPOplMEraKKY=,uIZf//CeRwEwGCYfd5Cep1tHdko=
-35,-23,jxBtlK3z/7r+HuIxPOplMEraKKY=,uIZf//CeRwEwGCYfd5Cep1tHdko=
-41,-29,jxBtlK3z/7r+HuIxPOplMEraKKY=,uIZf//CeRwEwGCYfd5Cep1tHdko=
-46,-29,jxBtlK3z/7r+HuIxPOplMEraKKY=,uIZf//CeRwEwGCYfd5Cep1tHdko=
-45,-29,jxBtlK3z/7r+HuIxPOplMEraKKY=,uIZf//CeRwEwGCYfd5Cep1tHdko=
-47,-29,jxBtlK3z/7r+HuIxPOplMEraKKY=,uIZf//CeRwEwGCYfd5Cep1tHdko=
-45,-32,jxBtlK3z/7r+HuIxPOplMEraKKY=,uIZf//CeRwEwGCYfd5Cep1tHdko=
-48,-29,jxBtlK3z/7r+HuIxPOplMEraKKY=,uIZf//CeRwEwGCYfd5Cep1tHdko=
-43,-29,jxBtlK3z/7r+HuIxPOplMEraKKY=,uIZf//CeRwEwGCYfd5Cep1tHdko=
-34,-25,jxBtlK3z/7r+HuIxPOplMEraKKY=,uIZf//CeRwEwGCYfd5Cep1tHdko=
-44,-29,jxBtlK3z/7r+HuIxPOplMEraKKY=,uIZf//CeRwEwGCYfd5Cep1tHdko=
-35,-25,jxBtlK3z/7r+HuIxPOplMEraKKY=,uIZf//CeRwEwGCYfd5Cep1tHdko=
-37,-30,jxBtlK3z/7r+HuIxPOplMEraKKY=,uIZf//CeRwEwGCYfd5Cep1tHdko=
-36,-25,jxBtlK3z/7r+HuIxPOplMEraKKY=,uIZf//CeRwEwGCYfd5Cep1tHdko=
-38,-30,jxBtlK3z/7r+HuIxPOplMEraKKY=,uIZf//CeRwEwGCYfd5Cep1tHdko=
-39,-30,jxBtlK3z/7r+HuIxPOplMEraKKY=,uIZf//CeRwEwGCYfd5Cep1tHdko=
-41,-30,jxBtlK3z/7r+HuIxPOplMEraKKY=,uIZf//CeRwEwGCYfd5Cep1tHdko=
-40,-30,jxBtlK3z/7r+HuIxPOplMEraKKY=,uIZf//CeRwEwGCYfd5Cep1tHdko=
-45,-30,jxBtlK3z/7r+HuIxPOplMEraKKY=,uIZf//CeRwEwGCYfd5Cep1tHdko=
-46,-30,jxBtlK3z/7r+HuIxPOplMEraKKY=,uIZf//CeRwEwGCYfd5Cep1tHdko=
-33,-26,jxBtlK3z/7r+HuIxPOplMEraKKY=,uIZf//CeRwEwGCYfd5Cep1tHdko=
-47,-30,jxBtlK3z/7r+HuIxPOplMEraKKY=,uIZf//CeRwEwGCYfd5Cep1tHdko=
-48,-30,jxBtlK3z/7r+HuIxPOplMEraKKY=,uIZf//CeRwEwGCYfd5Cep1tHdko=
-42,-30,jxBtlK3z/7r+HuIxPOplMEraKKY=,uIZf//CeRwEwGCYfd5Cep1tHdko=
-43,-30,jxBtlK3z/7r+HuIxPOplMEraKKY=,uIZf//CeRwEwGCYfd5Cep1tHdko=
-46,-32,jxBtlK3z/7r+HuIxPOplMEraKKY=,uIZf//CeRwEwGCYfd5Cep1tHdko=
-47,-32,jxBtlK3z/7r+HuIxPOplMEraKKY=,uIZf//CeRwEwGCYfd5Cep1tHdko=
-33,-28,jxBtlK3z/7r+HuIxPOplMEraKKY=,uIZf//CeRwEwGCYfd5Cep1tHdko=
-44,-30,jxBtlK3z/7r+HuIxPOplMEraKKY=,uIZf//CeRwEwGCYfd5Cep1tHdko=
-34,-26,jxBtlK3z/7r+HuIxPOplMEraKKY=,uIZf//CeRwEwGCYfd5Cep1tHdko=
-38,-31,jxBtlK3z/7r+HuIxPOplMEraKKY=,uIZf//CeRwEwGCYfd5Cep1tHdko=
-37,-31,jxBtlK3z/7r+HuIxPOplMEraKKY=,uIZf//CeRwEwGCYfd5Cep1tHdko=
-36,-26,jxBtlK3z/7r+HuIxPOplMEraKKY=,uIZf//CeRwEwGCYfd5Cep1tHdko=
-39,-31,jxBtlK3z/7r+HuIxPOplMEraKKY=,uIZf//CeRwEwGCYfd5Cep1tHdko=
-41,-31,jxBtlK3z/7r+HuIxPOplMEraKKY=,uIZf//CeRwEwGCYfd5Cep1tHdko=
-40,-31,jxBtlK3z/7r+HuIxPOplMEraKKY=,uIZf//CeRwEwGCYfd5Cep1tHdko=
-42,-31,jxBtlK3z/7r+HuIxPOplMEraKKY=,uIZf//CeRwEwGCYfd5Cep1tHdko=
-45,-31,jxBtlK3z/7r+HuIxPOplMEraKKY=,uIZf//CeRwEwGCYfd5Cep1tHdko=
-43,-31,jxBtlK3z/7r+HuIxPOplMEraKKY=,uIZf//CeRwEwGCYfd5Cep1tHdko=
-46,-31,jxBtlK3z/7r+HuIxPOplMEraKKY=,uIZf//CeRwEwGCYfd5Cep1tHdko=
-48,-32,jxBtlK3z/7r+HuIxPOplMEraKKY=,uIZf//CeRwEwGCYfd5Cep1tHdko=
-47,-31,jxBtlK3z/7r+HuIxPOplMEraKKY=,uIZf//CeRwEwGCYfd5Cep1tHdko=
-36,-28,jxBtlK3z/7r+HuIxPOplMEraKKY=,uIZf//CeRwEwGCYfd5Cep1tHdko=
-44,-31,jxBtlK3z/7r+HuIxPOplMEraKKY=,uIZf//CeRwEwGCYfd5Cep1tHdko=
-39,-23,jxBtlK3z/7r+HuIxPOplMEraKKY=,uIZf//CeRwEwGCYfd5Cep1tHdko=
-36,-30,jxBtlK3z/7r+HuIxPOplMEraKKY=,uIZf//CeRwEwGCYfd5Cep1tHdko=
-40,-23,jxBtlK3z/7r+HuIxPOplMEraKKY=,uIZf//CeRwEwGCYfd5Cep1tHdko=
-34,-29,jxBtlK3z/7r+HuIxPOplMEraKKY=,uIZf//CeRwEwGCYfd5Cep1tHdko=
-33,-29,jxBtlK3z/7r+HuIxPOplMEraKKY=,uIZf//CeRwEwGCYfd5Cep1tHdko=
-36,-29,jxBtlK3z/7r+HuIxPOplMEraKKY=,uIZf//CeRwEwGCYfd5Cep1tHdko=
-35,-30,jxBtlK3z/7r+HuIxPOplMEraKKY=,uIZf//CeRwEwGCYfd5Cep1tHdko=
-33,-25,jxBtlK3z/7r+HuIxPOplMEraKKY=,uIZf//CeRwEwGCYfd5Cep1tHdko=
-33,-31,jxBtlK3z/7r+HuIxPOplMEraKKY=,uIZf//CeRwEwGCYfd5Cep1tHdko=
-34,-31,jxBtlK3z/7r+HuIxPOplMEraKKY=,uIZf//CeRwEwGCYfd5Cep1tHdko=
-35,-31,jxBtlK3z/7r+HuIxPOplMEraKKY=,uIZf//CeRwEwGCYfd5Cep1tHdko=
-36,-31,jxBtlK3z/7r+HuIxPOplMEraKKY=,uIZf//CeRwEwGCYfd5Cep1tHdko=
-34,-27,jxBtlK3z/7r+HuIxPOplMEraKKY=,uIZf//CeRwEwGCYfd5Cep1tHdko=
-35,-26,jxBtlK3z/7r+HuIxPOplMEraKKY=,uIZf//CeRwEwGCYfd5Cep1tHdko=
-33,-27,jxBtlK3z/7r+HuIxPOplMEraKKY=,uIZf//CeRwEwGCYfd5Cep1tHdko=
-35,-28,jxBtlK3z/7r+HuIxPOplMEraKKY=,uIZf//CeRwEwGCYfd5Cep1tHdko=
-35,-29,jxBtlK3z/7r+HuIxPOplMEraKKY=,uIZf//CeRwEwGCYfd5Cep1tHdko=
-35,-27,jxBtlK3z/7r+HuIxPOplMEraKKY=,uIZf//CeRwEwGCYfd5Cep1tHdko=
-34,-28,jxBtlK3z/7r+HuIxPOplMEraKKY=,uIZf//CeRwEwGCYfd5Cep1tHdko=
-34,-30,jxBtlK3z/7r+HuIxPOplMEraKKY=,uIZf//CeRwEwGCYfd5Cep1tHdko=
-36,-27,jxBtlK3z/7r+HuIxPOplMEraKKY=,uIZf//CeRwEwGCYfd5Cep1tHdko=
-33,-30,jxBtlK3z/7r+HuIxPOplMEraKKY=,uIZf//CeRwEwGCYfd5Cep1tHdko=
-64,-16,VaVhDbMuhyUzICS0706fLJp9B+s=,uIZf//CeRwEwGCYfd5Cep1tHdko=
-49,-16,VaVhDbMuhyUzICS0706fLJp9B+s=,uIZf//CeRwEwGCYfd5Cep1tHdko=
-51,-1,VaVhDbMuhyUzICS0706fLJp9B+s=,uIZf//CeRwEwGCYfd5Cep1tHdko=
-52,-1,VaVhDbMuhyUzICS0706fLJp9B+s=,uIZf//CeRwEwGCYfd5Cep1tHdko=
-50,-1,VaVhDbMuhyUzICS0706fLJp9B+s=,uIZf//CeRwEwGCYfd5Cep1tHdko=
-53,-1,VaVhDbMuhyUzICS0706fLJp9B+s=,uIZf//CeRwEwGCYfd5Cep1tHdko=
-55,-1,VaVhDbMuhyUzICS0706fLJp9B+s=,uIZf//CeRwEwGCYfd5Cep1tHdko=
-54,-1,VaVhDbMuhyUzICS0706fLJp9B+s=,uIZf//CeRwEwGCYfd5Cep1tHdko=
-56,-1,VaVhDbMuhyUzICS0706fLJp9B+s=,uIZf//CeRwEwGCYfd5Cep1tHdko=
-49,-1,VaVhDbMuhyUzICS0706fLJp9B+s=,uIZf//CeRwEwGCYfd5Cep1tHdko=
-58,-1,VaVhDbMuhyUzICS0706fLJp9B+s=,uIZf//CeRwEwGCYfd5Cep1tHdko=
-59,-1,VaVhDbMuhyUzICS0706fLJp9B+s=,uIZf//CeRwEwGCYfd5Cep1tHdko=
-60,-1,VaVhDbMuhyUzICS0706fLJp9B+s=,uIZf//CeRwEwGCYfd5Cep1tHdko=
-57,-1,VaVhDbMuhyUzICS0706fLJp9B+s=,uIZf//CeRwEwGCYfd5Cep1tHdko=
-62,-1,VaVhDbMuhyUzICS0706fLJp9B+s=,uIZf//CeRwEwGCYfd5Cep1tHdko=
-64,-1,VaVhDbMuhyUzICS0706fLJp9B+s=,uIZf//CeRwEwGCYfd5Cep1tHdko=
-63,-1,VaVhDbMuhyUzICS0706fLJp9B+s=,uIZf//CeRwEwGCYfd5Cep1tHdko=
-49,-2,VaVhDbMuhyUzICS0706fLJp9B+s=,uIZf//CeRwEwGCYfd5Cep1tHdko=
-61,-1,VaVhDbMuhyUzICS0706fLJp9B+s=,uIZf//CeRwEwGCYfd5Cep1tHdko=
-51,-2,VaVhDbMuhyUzICS0706fLJp9B+s=,uIZf//CeRwEwGCYfd5Cep1tHdko=
-52,-2,VaVhDbMuhyUzICS0706fLJp9B+s=,uIZf//CeRwEwGCYfd5Cep1tHdko=
-50,-16,VaVhDbMuhyUzICS0706fLJp9B+s=,uIZf//CeRwEwGCYfd5Cep1tHdko=
-50,-2,VaVhDbMuhyUzICS0706fLJp9B+s=,uIZf//CeRwEwGCYfd5Cep1tHdko=
-53,-2,VaVhDbMuhyUzICS0706fLJp9B+s=,uIZf//CeRwEwGCYfd5Cep1tHdko=
-55,-2,VaVhDbMuhyUzICS0706fLJp9B+s=,uIZf//CeRwEwGCYfd5Cep1tHdko=
-57,-2,VaVhDbMuhyUzICS0706fLJp9B+s=,uIZf//CeRwEwGCYfd5Cep1tHdko=
-54,-2,VaVhDbMuhyUzICS0706fLJp9B+s=,uIZf//CeRwEwGCYfd5Cep1tHdko=
-58,-2,VaVhDbMuhyUzICS0706fLJp9B+s=,uIZf//CeRwEwGCYfd5Cep1tHdko=
-59,-2,VaVhDbMuhyUzICS0706fLJp9B+s=,uIZf//CeRwEwGCYfd5Cep1tHdko=
-61,-2,VaVhDbMuhyUzICS0706fLJp9B+s=,uIZf//CeRwEwGCYfd5Cep1tHdko=
-60,-2,VaVhDbMuhyUzICS0706fLJp9B+s=,uIZf//CeRwEwGCYfd5Cep1tHdko=
-56,-2,VaVhDbMuhyUzICS0706fLJp9B+s=,uIZf//CeRwEwGCYfd5Cep1tHdko=
-62,-2,VaVhDbMuhyUzICS0706fLJp9B+s=,uIZf//CeRwEwGCYfd5Cep1tHdko=
-63,-2,VaVhDbMuhyUzICS0706fLJp9B+s=,uIZf//CeRwEwGCYfd5Cep1tHdko=
-64,-15,VaVhDbMuhyUzICS0706fLJp9B+s=,uIZf//CeRwEwGCYfd5Cep1tHdko=
-49,-3,VaVhDbMuhyUzICS0706fLJp9B+s=,uIZf//CeRwEwGCYfd5Cep1tHdko=
-52,-3,VaVhDbMuhyUzICS0706fLJp9B+s=,uIZf//CeRwEwGCYfd5Cep1tHdko=
-50,-3,VaVhDbMuhyUzICS0706fLJp9B+s=,uIZf//CeRwEwGCYfd5Cep1tHdko=
-51,-3,VaVhDbMuhyUzICS0706fLJp9B+s=,uIZf//CeRwEwGCYfd5Cep1tHdko=
-63,-15,VaVhDbMuhyUzICS0706fLJp9B+s=,uIZf//CeRwEwGCYfd5Cep1tHdko=
-53,-3,VaVhDbMuhyUzICS0706fLJp9B+s=,uIZf//CeRwEwGCYfd5Cep1tHdko=
-64,-2,VaVhDbMuhyUzICS0706fLJp9B+s=,uIZf//CeRwEwGCYfd5Cep1tHdko=
-51,-16,VaVhDbMuhyUzICS0706fLJp9B+s=,uIZf//CeRwEwGCYfd5Cep1tHdko=
-62,-15,VaVhDbMuhyUzICS0706fLJp9B+s=,uIZf//CeRwEwGCYfd5Cep1tHdko=
-54,-3,VaVhDbMuhyUzICS0706fLJp9B+s=,uIZf//CeRwEwGCYfd5Cep1tHdko=
-57,-3,VaVhDbMuhyUzICS0706fLJp9B+s=,uIZf//CeRwEwGCYfd5Cep1tHdko=
-55,-3,VaVhDbMuhyUzICS0706fLJp9B+s=,uIZf//CeRwEwGCYfd5Cep1tHdko=
-59,-3,VaVhDbMuhyUzICS0706fLJp9B+s=,uIZf//CeRwEwGCYfd5Cep1tHdko=
-58,-3,VaVhDbMuhyUzICS0706fLJp9B+s=,uIZf//CeRwEwGCYfd5Cep1tHdko=
-61,-15,VaVhDbMuhyUzICS0706fLJp9B+s=,uIZf//CeRwEwGCYfd5Cep1tHdko=
-61,-3,VaVhDbMuhyUzICS0706fLJp9B+s=,uIZf//CeRwEwGCYfd5Cep1tHdko=
-60,-3,VaVhDbMuhyUzICS0706fLJp9B+s=,uIZf//CeRwEwGCYfd5Cep1tHdko=
-62,-3,VaVhDbMuhyUzICS0706fLJp9B+s=,uIZf//CeRwEwGCYfd5Cep1tHdko=
-56,-3,VaVhDbMuhyUzICS0706fLJp9B+s=,uIZf//CeRwEwGCYfd5Cep1tHdko=
-63,-3,VaVhDbMuhyUzICS0706fLJp9B+s=,uIZf//CeRwEwGCYfd5Cep1tHdko=
-64,-3,VaVhDbMuhyUzICS0706fLJp9B+s=,uIZf//CeRwEwGCYfd5Cep1tHdko=
-60,-15,VaVhDbMuhyUzICS0706fLJp9B+s=,uIZf//CeRwEwGCYfd5Cep1tHdko=
-52,-4,VaVhDbMuhyUzICS0706fLJp9B+s=,uIZf//CeRwEwGCYfd5Cep1tHdko=
-50,-4,VaVhDbMuhyUzICS0706fLJp9B+s=,uIZf//CeRwEwGCYfd5Cep1tHdko=
-52,-16,VaVhDbMuhyUzICS0706fLJp9B+s=,uIZf//CeRwEwGCYfd5Cep1tHdko=
-49,-4,VaVhDbMuhyUzICS0706fLJp9B+s=,uIZf//CeRwEwGCYfd5Cep1tHdko=
-51,-4,VaVhDbMuhyUzICS0706fLJp9B+s=,uIZf//CeRwEwGCYfd5Cep1tHdko=
-59,-15,VaVhDbMuhyUzICS0706fLJp9B+s=,uIZf//CeRwEwGCYfd5Cep1tHdko=
-55,-4,VaVhDbMuhyUzICS0706fLJp9B+s=,uIZf//CeRwEwGCYfd5Cep1tHdko=
-53,-4,VaVhDbMuhyUzICS0706fLJp9B+s=,uIZf//CeRwEwGCYfd5Cep1tHdko=
-58,-15,VaVhDbMuhyUzICS0706fLJp9B+s=,uIZf//CeRwEwGCYfd5Cep1tHdko=
-54,-4,VaVhDbMuhyUzICS0706fLJp9B+s=,uIZf//CeRwEwGCYfd5Cep1tHdko=
-57,-4,VaVhDbMuhyUzICS0706fLJp9B+s=,uIZf//CeRwEwGCYfd5Cep1tHdko=
-56,-4,VaVhDbMuhyUzICS0706fLJp9B+s=,uIZf//CeRwEwGCYfd5Cep1tHdko=
-58,-4,VaVhDbMuhyUzICS0706fLJp9B+s=,uIZf//CeRwEwGCYfd5Cep1tHdko=
-59,-4,VaVhDbMuhyUzICS0706fLJp9B+s=,uIZf//CeRwEwGCYfd5Cep1tHdko=
-61,-4,VaVhDbMuhyUzICS0706fLJp9B+s=,uIZf//CeRwEwGCYfd5Cep1tHdko=
-60,-4,VaVhDbMuhyUzICS0706fLJp9B+s=,uIZf//CeRwEwGCYfd5Cep1tHdko=
-57,-15,VaVhDbMuhyUzICS0706fLJp9B+s=,uIZf//CeRwEwGCYfd5Cep1tHdko=
-62,-4,VaVhDbMuhyUzICS0706fLJp9B+s=,uIZf//CeRwEwGCYfd5Cep1tHdko=
-63,-4,VaVhDbMuhyUzICS0706fLJp9B+s=,uIZf//CeRwEwGCYfd5Cep1tHdko=
-53,-16,VaVhDbMuhyUzICS0706fLJp9B+s=,uIZf//CeRwEwGCYfd5Cep1tHdko=
-50,-5,VaVhDbMuhyUzICS0706fLJp9B+s=,uIZf//CeRwEwGCYfd5Cep1tHdko=
-64,-4,VaVhDbMuhyUzICS0706fLJp9B+s=,uIZf//CeRwEwGCYfd5Cep1tHdko=
-56,-15,VaVhDbMuhyUzICS0706fLJp9B+s=,uIZf//CeRwEwGCYfd5Cep1tHdko=
-51,-5,VaVhDbMuhyUzICS0706fLJp9B+s=,uIZf//CeRwEwGCYfd5Cep1tHdko=
-53,-5,VaVhDbMuhyUzICS0706fLJp9B+s=,uIZf//CeRwEwGCYfd5Cep1tHdko=
-54,-5,VaVhDbMuhyUzICS0706fLJp9B+s=,uIZf//CeRwEwGCYfd5Cep1tHdko=
-52,-5,VaVhDbMuhyUzICS0706fLJp9B+s=,uIZf//CeRwEwGCYfd5Cep1tHdko=
-55,-5,VaVhDbMuhyUzICS0706fLJp9B+s=,uIZf//CeRwEwGCYfd5Cep1tHdko=
-49,-5,VaVhDbMuhyUzICS0706fLJp9B+s=,uIZf//CeRwEwGCYfd5Cep1tHdko=
-56,-5,VaVhDbMuhyUzICS0706fLJp9B+s=,uIZf//CeRwEwGCYfd5Cep1tHdko=
-62,-5,VaVhDbMuhyUzICS0706fLJp9B+s=,uIZf//CeRwEwGCYfd5Cep1tHdko=
-58,-5,VaVhDbMuhyUzICS0706fLJp9B+s=,uIZf//CeRwEwGCYfd5Cep1tHdko=
-55,-15,VaVhDbMuhyUzICS0706fLJp9B+s=,uIZf//CeRwEwGCYfd5Cep1tHdko=
-54,-16,VaVhDbMuhyUzICS0706fLJp9B+s=,uIZf//CeRwEwGCYfd5Cep1tHdko=
-63,-5,VaVhDbMuhyUzICS0706fLJp9B+s=,uIZf//CeRwEwGCYfd5Cep1tHdko=
-61,-5,VaVhDbMuhyUzICS0706fLJp9B+s=,uIZf//CeRwEwGCYfd5Cep1tHdko=
-57,-5,VaVhDbMuhyUzICS0706fLJp9B+s=,uIZf//CeRwEwGCYfd5Cep1tHdko=
-59,-5,VaVhDbMuhyUzICS0706fLJp9B+s=,uIZf//CeRwEwGCYfd5Cep1tHdko=
-64,-5,VaVhDbMuhyUzICS0706fLJp9B+s=,uIZf//CeRwEwGCYfd5Cep1tHdko=
-60,-5,VaVhDbMuhyUzICS0706fLJp9B+s=,uIZf//CeRwEwGCYfd5Cep1tHdko=
-50,-6,VaVhDbMuhyUzICS0706fLJp9B+s=,uIZf//CeRwEwGCYfd5Cep1tHdko=
-54,-15,VaVhDbMuhyUzICS0706fLJp9B+s=,uIZf//CeRwEwGCYfd5Cep1tHdko=
-51,-6,VaVhDbMuhyUzICS0706fLJp9B+s=,uIZf//CeRwEwGCYfd5Cep1tHdko=
-52,-6,VaVhDbMuhyUzICS0706fLJp9B+s=,uIZf//CeRwEwGCYfd5Cep1tHdko=
-49,-6,VaVhDbMuhyUzICS0706fLJp9B+s=,uIZf//CeRwEwGCYfd5Cep1tHdko=
-55,-6,VaVhDbMuhyUzICS0706fLJp9B+s=,uIZf//CeRwEwGCYfd5Cep1tHdko=
-58,-6,VaVhDbMuhyUzICS0706fLJp9B+s=,uIZf//CeRwEwGCYfd5Cep1tHdko=
-53,-6,VaVhDbMuhyUzICS0706fLJp9B+s=,uIZf//CeRwEwGCYfd5Cep1tHdko=
-54,-6,VaVhDbMuhyUzICS0706fLJp9B+s=,uIZf//CeRwEwGCYfd5Cep1tHdko=
-53,-15,VaVhDbMuhyUzICS0706fLJp9B+s=,uIZf//CeRwEwGCYfd5Cep1tHdko=
-56,-6,VaVhDbMuhyUzICS0706fLJp9B+s=,uIZf//CeRwEwGCYfd5Cep1tHdko=
-57,-6,VaVhDbMuhyUzICS0706fLJp9B+s=,uIZf//CeRwEwGCYfd5Cep1tHdko=
-61,-6,VaVhDbMuhyUzICS0706fLJp9B+s=,uIZf//CeRwEwGCYfd5Cep1tHdko=
-60,-6,VaVhDbMuhyUzICS0706fLJp9B+s=,uIZf//CeRwEwGCYfd5Cep1tHdko=
-63,-6,VaVhDbMuhyUzICS0706fLJp9B+s=,uIZf//CeRwEwGCYfd5Cep1tHdko=
-59,-6,VaVhDbMuhyUzICS0706fLJp9B+s=,uIZf//CeRwEwGCYfd5Cep1tHdko=
-55,-16,VaVhDbMuhyUzICS0706fLJp9B+s=,uIZf//CeRwEwGCYfd5Cep1tHdko=
-62,-6,VaVhDbMuhyUzICS0706fLJp9B+s=,uIZf//CeRwEwGCYfd5Cep1tHdko=
-52,-15,VaVhDbMuhyUzICS0706fLJp9B+s=,uIZf//CeRwEwGCYfd5Cep1tHdko=
-64,-6,VaVhDbMuhyUzICS0706fLJp9B+s=,uIZf//CeRwEwGCYfd5Cep1tHdko=
-50,-7,VaVhDbMuhyUzICS0706fLJp9B+s=,uIZf//CeRwEwGCYfd5Cep1tHdko=
-49,-7,VaVhDbMuhyUzICS0706fLJp9B+s=,uIZf//CeRwEwGCYfd5Cep1tHdko=
-51,-7,VaVhDbMuhyUzICS0706fLJp9B+s=,uIZf//CeRwEwGCYfd5Cep1tHdko=
-52,-7,VaVhDbMuhyUzICS0706fLJp9B+s=,uIZf//CeRwEwGCYfd5Cep1tHdko=
-51,-15,VaVhDbMuhyUzICS0706fLJp9B+s=,uIZf//CeRwEwGCYfd5Cep1tHdko=
-53,-7,VaVhDbMuhyUzICS0706fLJp9B+s=,uIZf//CeRwEwGCYfd5Cep1tHdko=
-55,-7,VaVhDbMuhyUzICS0706fLJp9B+s=,uIZf//CeRwEwGCYfd5Cep1tHdko=
-56,-7,VaVhDbMuhyUzICS0706fLJp9B+s=,uIZf//CeRwEwGCYfd5Cep1tHdko=
-57,-7,VaVhDbMuhyUzICS0706fLJp9B+s=,uIZf//CeRwEwGCYfd5Cep1tHdko=
-59,-7,VaVhDbMuhyUzICS0706fLJp9B+s=,uIZf//CeRwEwGCYfd5Cep1tHdko=
-62,-7,VaVhDbMuhyUzICS0706fLJp9B+s=,uIZf//CeRwEwGCYfd5Cep1tHdko=
-60,-7,VaVhDbMuhyUzICS0706fLJp9B+s=,uIZf//CeRwEwGCYfd5Cep1tHdko=
-63,-7,VaVhDbMuhyUzICS0706fLJp9B+s=,uIZf//CeRwEwGCYfd5Cep1tHdko=
-64,-7,VaVhDbMuhyUzICS0706fLJp9B+s=,uIZf//CeRwEwGCYfd5Cep1tHdko=
-61,-7,VaVhDbMuhyUzICS0706fLJp9B+s=,uIZf//CeRwEwGCYfd5Cep1tHdko=
-50,-15,VaVhDbMuhyUzICS0706fLJp9B+s=,uIZf//CeRwEwGCYfd5Cep1tHdko=
-58,-7,VaVhDbMuhyUzICS0706fLJp9B+s=,uIZf//CeRwEwGCYfd5Cep1tHdko=
-55,-8,VaVhDbMuhyUzICS0706fLJp9B+s=,uIZf//CeRwEwGCYfd5Cep1tHdko=
-51,-8,VaVhDbMuhyUzICS0706fLJp9B+s=,uIZf//CeRwEwGCYfd5Cep1tHdko=
-56,-16,VaVhDbMuhyUzICS0706fLJp9B+s=,uIZf//CeRwEwGCYfd5Cep1tHdko=
-53,-8,VaVhDbMuhyUzICS0706fLJp9B+s=,uIZf//CeRwEwGCYfd5Cep1tHdko=
-52,-8,VaVhDbMuhyUzICS0706fLJp9B+s=,uIZf//CeRwEwGCYfd5Cep1tHdko=
-56,-8,VaVhDbMuhyUzICS0706fLJp9B+s=,uIZf//CeRwEwGCYfd5Cep1tHdko=
-57,-8,VaVhDbMuhyUzICS0706fLJp9B+s=,uIZf//CeRwEwGCYfd5Cep1tHdko=
-54,-8,VaVhDbMuhyUzICS0706fLJp9B+s=,uIZf//CeRwEwGCYfd5Cep1tHdko=
-50,-8,VaVhDbMuhyUzICS0706fLJp9B+s=,uIZf//CeRwEwGCYfd5Cep1tHdko=
-49,-15,VaVhDbMuhyUzICS0706fLJp9B+s=,uIZf//CeRwEwGCYfd5Cep1tHdko=
-49,-8,VaVhDbMuhyUzICS0706fLJp9B+s=,uIZf//CeRwEwGCYfd5Cep1tHdko=
-54,-7,VaVhDbMuhyUzICS0706fLJp9B+s=,uIZf//CeRwEwGCYfd5Cep1tHdko=
-58,-8,VaVhDbMuhyUzICS0706fLJp9B+s=,uIZf//CeRwEwGCYfd5Cep1tHdko=
-62,-8,VaVhDbMuhyUzICS0706fLJp9B+s=,uIZf//CeRwEwGCYfd5Cep1tHdko=
-61,-8,VaVhDbMuhyUzICS0706fLJp9B+s=,uIZf//CeRwEwGCYfd5Cep1tHdko=
-60,-8,VaVhDbMuhyUzICS0706fLJp9B+s=,uIZf//CeRwEwGCYfd5Cep1tHdko=
-59,-8,VaVhDbMuhyUzICS0706fLJp9B+s=,uIZf//CeRwEwGCYfd5Cep1tHdko=
-63,-8,VaVhDbMuhyUzICS0706fLJp9B+s=,uIZf//CeRwEwGCYfd5Cep1tHdko=
-49,-9,VaVhDbMuhyUzICS0706fLJp9B+s=,uIZf//CeRwEwGCYfd5Cep1tHdko=
-64,-8,VaVhDbMuhyUzICS0706fLJp9B+s=,uIZf//CeRwEwGCYfd5Cep1tHdko=
-50,-9,VaVhDbMuhyUzICS0706fLJp9B+s=,uIZf//CeRwEwGCYfd5Cep1tHdko=
-51,-9,VaVhDbMuhyUzICS0706fLJp9B+s=,uIZf//CeRwEwGCYfd5Cep1tHdko=
-57,-16,VaVhDbMuhyUzICS0706fLJp9B+s=,uIZf//CeRwEwGCYfd5Cep1tHdko=
-53,-9,VaVhDbMuhyUzICS0706fLJp9B+s=,uIZf//CeRwEwGCYfd5Cep1tHdko=
-64,-14,VaVhDbMuhyUzICS0706fLJp9B+s=,uIZf//CeRwEwGCYfd5Cep1tHdko=
-52,-9,VaVhDbMuhyUzICS0706fLJp9B+s=,uIZf//CeRwEwGCYfd5Cep1tHdko=
-57,-9,VaVhDbMuhyUzICS0706fLJp9B+s=,uIZf//CeRwEwGCYfd5Cep1tHdko=
-55,-9,VaVhDbMuhyUzICS0706fLJp9B+s=,uIZf//CeRwEwGCYfd5Cep1tHdko=
-63,-16,VaVhDbMuhyUzICS0706fLJp9B+s=,uIZf//CeRwEwGCYfd5Cep1tHdko=
-54,-9,VaVhDbMuhyUzICS0706fLJp9B+s=,uIZf//CeRwEwGCYfd5Cep1tHdko=
-59,-9,VaVhDbMuhyUzICS0706fLJp9B+s=,uIZf//CeRwEwGCYfd5Cep1tHdko=
-61,-9,VaVhDbMuhyUzICS0706fLJp9B+s=,uIZf//CeRwEwGCYfd5Cep1tHdko=
-58,-9,VaVhDbMuhyUzICS0706fLJp9B+s=,uIZf//CeRwEwGCYfd5Cep1tHdko=
-58,-16,VaVhDbMuhyUzICS0706fLJp9B+s=,uIZf//CeRwEwGCYfd5Cep1tHdko=
-63,-9,VaVhDbMuhyUzICS0706fLJp9B+s=,uIZf//CeRwEwGCYfd5Cep1tHdko=
-62,-9,VaVhDbMuhyUzICS0706fLJp9B+s=,uIZf//CeRwEwGCYfd5Cep1tHdko=
-56,-9,VaVhDbMuhyUzICS0706fLJp9B+s=,uIZf//CeRwEwGCYfd5Cep1tHdko=
-49,-10,VaVhDbMuhyUzICS0706fLJp9B+s=,uIZf//CeRwEwGCYfd5Cep1tHdko=
-53,-10,VaVhDbMuhyUzICS0706fLJp9B+s=,uIZf//CeRwEwGCYfd5Cep1tHdko=
-60,-9,VaVhDbMuhyUzICS0706fLJp9B+s=,uIZf//CeRwEwGCYfd5Cep1tHdko=
-52,-10,VaVhDbMuhyUzICS0706fLJp9B+s=,uIZf//CeRwEwGCYfd5Cep1tHdko=
-64,-9,VaVhDbMuhyUzICS0706fLJp9B+s=,uIZf//CeRwEwGCYfd5Cep1tHdko=
-55,-10,VaVhDbMuhyUzICS0706fLJp9B+s=,uIZf//CeRwEwGCYfd5Cep1tHdko=
-54,-10,VaVhDbMuhyUzICS0706fLJp9B+s=,uIZf//CeRwEwGCYfd5Cep1tHdko=
-63,-14,VaVhDbMuhyUzICS0706fLJp9B+s=,uIZf//CeRwEwGCYfd5Cep1tHdko=
-51,-10,VaVhDbMuhyUzICS0706fLJp9B+s=,uIZf//CeRwEwGCYfd5Cep1tHdko=
-56,-10,VaVhDbMuhyUzICS0706fLJp9B+s=,uIZf//CeRwEwGCYfd5Cep1tHdko=
-59,-10,VaVhDbMuhyUzICS0706fLJp9B+s=,uIZf//CeRwEwGCYfd5Cep1tHdko=
-60,-10,VaVhDbMuhyUzICS0706fLJp9B+s=,uIZf//CeRwEwGCYfd5Cep1tHdko=
-62,-14,VaVhDbMuhyUzICS0706fLJp9B+s=,uIZf//CeRwEwGCYfd5Cep1tHdko=
-57,-10,VaVhDbMuhyUzICS0706fLJp9B+s=,uIZf//CeRwEwGCYfd5Cep1tHdko=
-61,-10,VaVhDbMuhyUzICS0706fLJp9B+s=,uIZf//CeRwEwGCYfd5Cep1tHdko=
-50,-10,VaVhDbMuhyUzICS0706fLJp9B+s=,uIZf//CeRwEwGCYfd5Cep1tHdko=
-63,-10,VaVhDbMuhyUzICS0706fLJp9B+s=,uIZf//CeRwEwGCYfd5Cep1tHdko=
-62,-10,VaVhDbMuhyUzICS0706fLJp9B+s=,uIZf//CeRwEwGCYfd5Cep1tHdko=
-49,-11,VaVhDbMuhyUzICS0706fLJp9B+s=,uIZf//CeRwEwGCYfd5Cep1tHdko=
-64,-10,VaVhDbMuhyUzICS0706fLJp9B+s=,uIZf//CeRwEwGCYfd5Cep1tHdko=
-59,-16,VaVhDbMuhyUzICS0706fLJp9B+s=,uIZf//CeRwEwGCYfd5Cep1tHdko=
-52,-11,VaVhDbMuhyUzICS0706fLJp9B+s=,uIZf//CeRwEwGCYfd5Cep1tHdko=
-58,-10,VaVhDbMuhyUzICS0706fLJp9B+s=,uIZf//CeRwEwGCYfd5Cep1tHdko=
-54,-11,VaVhDbMuhyUzICS0706fLJp9B+s=,uIZf//CeRwEwGCYfd5Cep1tHdko=
-53,-11,VaVhDbMuhyUzICS0706fLJp9B+s=,uIZf//CeRwEwGCYfd5Cep1tHdko=
-51,-11,VaVhDbMuhyUzICS0706fLJp9B+s=,uIZf//CeRwEwGCYfd5Cep1tHdko=
-57,-11,VaVhDbMuhyUzICS0706fLJp9B+s=,uIZf//CeRwEwGCYfd5Cep1tHdko=
-50,-11,VaVhDbMuhyUzICS0706fLJp9B+s=,uIZf//CeRwEwGCYfd5Cep1tHdko=
-61,-14,VaVhDbMuhyUzICS0706fLJp9B+s=,uIZf//CeRwEwGCYfd5Cep1tHdko=
-55,-11,VaVhDbMuhyUzICS0706fLJp9B+s=,uIZf//CeRwEwGCYfd5Cep1tHdko=
-60,-11,VaVhDbMuhyUzICS0706fLJp9B+s=,uIZf//CeRwEwGCYfd5Cep1tHdko=
-56,-11,VaVhDbMuhyUzICS0706fLJp9B+s=,uIZf//CeRwEwGCYfd5Cep1tHdko=
-59,-11,VaVhDbMuhyUzICS0706fLJp9B+s=,uIZf//CeRwEwGCYfd5Cep1tHdko=
-58,-11,VaVhDbMuhyUzICS0706fLJp9B+s=,uIZf//CeRwEwGCYfd5Cep1tHdko=
-62,-11,VaVhDbMuhyUzICS0706fLJp9B+s=,uIZf//CeRwEwGCYfd5Cep1tHdko=
-61,-11,VaVhDbMuhyUzICS0706fLJp9B+s=,uIZf//CeRwEwGCYfd5Cep1tHdko=
-63,-11,VaVhDbMuhyUzICS0706fLJp9B+s=,uIZf//CeRwEwGCYfd5Cep1tHdko=
-64,-11,VaVhDbMuhyUzICS0706fLJp9B+s=,uIZf//CeRwEwGCYfd5Cep1tHdko=
-49,-12,VaVhDbMuhyUzICS0706fLJp9B+s=,uIZf//CeRwEwGCYfd5Cep1tHdko=
-51,-12,VaVhDbMuhyUzICS0706fLJp9B+s=,uIZf//CeRwEwGCYfd5Cep1tHdko=
-55,-12,VaVhDbMuhyUzICS0706fLJp9B+s=,uIZf//CeRwEwGCYfd5Cep1tHdko=
-50,-12,VaVhDbMuhyUzICS0706fLJp9B+s=,uIZf//CeRwEwGCYfd5Cep1tHdko=
-53,-12,VaVhDbMuhyUzICS0706fLJp9B+s=,uIZf//CeRwEwGCYfd5Cep1tHdko=
-57,-12,VaVhDbMuhyUzICS0706fLJp9B+s=,uIZf//CeRwEwGCYfd5Cep1tHdko=
-60,-14,VaVhDbMuhyUzICS0706fLJp9B+s=,uIZf//CeRwEwGCYfd5Cep1tHdko=
-52,-12,VaVhDbMuhyUzICS0706fLJp9B+s=,uIZf//CeRwEwGCYfd5Cep1tHdko=
-59,-12,VaVhDbMuhyUzICS0706fLJp9B+s=,uIZf//CeRwEwGCYfd5Cep1tHdko=
-60,-16,VaVhDbMuhyUzICS0706fLJp9B+s=,uIZf//CeRwEwGCYfd5Cep1tHdko=
-61,-16,VaVhDbMuhyUzICS0706fLJp9B+s=,uIZf//CeRwEwGCYfd5Cep1tHdko=
-64,-12,VaVhDbMuhyUzICS0706fLJp9B+s=,uIZf//CeRwEwGCYfd5Cep1tHdko=
-61,-12,VaVhDbMuhyUzICS0706fLJp9B+s=,uIZf//CeRwEwGCYfd5Cep1tHdko=
-63,-12,VaVhDbMuhyUzICS0706fLJp9B+s=,uIZf//CeRwEwGCYfd5Cep1tHdko=
-56,-12,VaVhDbMuhyUzICS0706fLJp9B+s=,uIZf//CeRwEwGCYfd5Cep1tHdko=
-60,-12,VaVhDbMuhyUzICS0706fLJp9B+s=,uIZf//CeRwEwGCYfd5Cep1tHdko=
-62,-12,VaVhDbMuhyUzICS0706fLJp9B+s=,uIZf//CeRwEwGCYfd5Cep1tHdko=
-52,-13,VaVhDbMuhyUzICS0706fLJp9B+s=,uIZf//CeRwEwGCYfd5Cep1tHdko=
-54,-12,VaVhDbMuhyUzICS0706fLJp9B+s=,uIZf//CeRwEwGCYfd5Cep1tHdko=
-54,-13,VaVhDbMuhyUzICS0706fLJp9B+s=,uIZf//CeRwEwGCYfd5Cep1tHdko=
-49,-13,VaVhDbMuhyUzICS0706fLJp9B+s=,uIZf//CeRwEwGCYfd5Cep1tHdko=
-58,-12,VaVhDbMuhyUzICS0706fLJp9B+s=,uIZf//CeRwEwGCYfd5Cep1tHdko=
-59,-14,VaVhDbMuhyUzICS0706fLJp9B+s=,uIZf//CeRwEwGCYfd5Cep1tHdko=
-50,-13,VaVhDbMuhyUzICS0706fLJp9B+s=,uIZf//CeRwEwGCYfd5Cep1tHdko=
-55,-13,VaVhDbMuhyUzICS0706fLJp9B+s=,uIZf//CeRwEwGCYfd5Cep1tHdko=
-51,-13,VaVhDbMuhyUzICS0706fLJp9B+s=,uIZf//CeRwEwGCYfd5Cep1tHdko=
-59,-13,VaVhDbMuhyUzICS0706fLJp9B+s=,uIZf//CeRwEwGCYfd5Cep1tHdko=
-53,-13,VaVhDbMuhyUzICS0706fLJp9B+s=,uIZf//CeRwEwGCYfd5Cep1tHdko=
-57,-13,VaVhDbMuhyUzICS0706fLJp9B+s=,uIZf//CeRwEwGCYfd5Cep1tHdko=
-58,-13,VaVhDbMuhyUzICS0706fLJp9B+s=,uIZf//CeRwEwGCYfd5Cep1tHdko=
-49,-14,VaVhDbMuhyUzICS0706fLJp9B+s=,uIZf//CeRwEwGCYfd5Cep1tHdko=
-60,-13,VaVhDbMuhyUzICS0706fLJp9B+s=,uIZf//CeRwEwGCYfd5Cep1tHdko=
-52,-14,VaVhDbMuhyUzICS0706fLJp9B+s=,uIZf//CeRwEwGCYfd5Cep1tHdko=
-63,-13,VaVhDbMuhyUzICS0706fLJp9B+s=,uIZf//CeRwEwGCYfd5Cep1tHdko=
-62,-13,VaVhDbMuhyUzICS0706fLJp9B+s=,uIZf//CeRwEwGCYfd5Cep1tHdko=
-55,-14,VaVhDbMuhyUzICS0706fLJp9B+s=,uIZf//CeRwEwGCYfd5Cep1tHdko=
-50,-14,VaVhDbMuhyUzICS0706fLJp9B+s=,uIZf//CeRwEwGCYfd5Cep1tHdko=
-61,-13,VaVhDbMuhyUzICS0706fLJp9B+s=,uIZf//CeRwEwGCYfd5Cep1tHdko=
-57,-14,VaVhDbMuhyUzICS0706fLJp9B+s=,uIZf//CeRwEwGCYfd5Cep1tHdko=
-56,-13,VaVhDbMuhyUzICS0706fLJp9B+s=,uIZf//CeRwEwGCYfd5Cep1tHdko=
-64,-13,VaVhDbMuhyUzICS0706fLJp9B+s=,uIZf//CeRwEwGCYfd5Cep1tHdko=
-54,-14,VaVhDbMuhyUzICS0706fLJp9B+s=,uIZf//CeRwEwGCYfd5Cep1tHdko=
-53,-14,VaVhDbMuhyUzICS0706fLJp9B+s=,uIZf//CeRwEwGCYfd5Cep1tHdko=
-51,-14,VaVhDbMuhyUzICS0706fLJp9B+s=,uIZf//CeRwEwGCYfd5Cep1tHdko=
-56,-14,VaVhDbMuhyUzICS0706fLJp9B+s=,uIZf//CeRwEwGCYfd5Cep1tHdko=
-58,-14,VaVhDbMuhyUzICS0706fLJp9B+s=,uIZf//CeRwEwGCYfd5Cep1tHdko=
-62,-16,VaVhDbMuhyUzICS0706fLJp9B+s=,uIZf//CeRwEwGCYfd5Cep1tHdko=
-33,-1,zM7BQazLwIPzJ/JHnSQen/niDjY=,uIZf//CeRwEwGCYfd5Cep1tHdko=
-47,-15,zM7BQazLwIPzJ/JHnSQen/niDjY=,uIZf//CeRwEwGCYfd5Cep1tHdko=
-46,-15,zM7BQazLwIPzJ/JHnSQen/niDjY=,uIZf//CeRwEwGCYfd5Cep1tHdko=
-45,-15,zM7BQazLwIPzJ/JHnSQen/niDjY=,uIZf//CeRwEwGCYfd5Cep1tHdko=
-48,-15,zM7BQazLwIPzJ/JHnSQen/niDjY=,uIZf//CeRwEwGCYfd5Cep1tHdko=
-40,-16,zM7BQazLwIPzJ/JHnSQen/niDjY=,uIZf//CeRwEwGCYfd5Cep1tHdko=
-38,-16,zM7BQazLwIPzJ/JHnSQen/niDjY=,uIZf//CeRwEwGCYfd5Cep1tHdko=
-45,-16,zM7BQazLwIPzJ/JHnSQen/niDjY=,uIZf//CeRwEwGCYfd5Cep1tHdko=
-39,-16,zM7BQazLwIPzJ/JHnSQen/niDjY=,uIZf//CeRwEwGCYfd5Cep1tHdko=
-48,-16,zM7BQazLwIPzJ/JHnSQen/niDjY=,uIZf//CeRwEwGCYfd5Cep1tHdko=
-46,-16,zM7BQazLwIPzJ/JHnSQen/niDjY=,uIZf//CeRwEwGCYfd5Cep1tHdko=
-34,-1,zM7BQazLwIPzJ/JHnSQen/niDjY=,uIZf//CeRwEwGCYfd5Cep1tHdko=
-41,-16,zM7BQazLwIPzJ/JHnSQen/niDjY=,uIZf//CeRwEwGCYfd5Cep1tHdko=
-42,-16,zM7BQazLwIPzJ/JHnSQen/niDjY=,uIZf//CeRwEwGCYfd5Cep1tHdko=
-45,-1,zM7BQazLwIPzJ/JHnSQen/niDjY=,uIZf//CeRwEwGCYfd5Cep1tHdko=
-47,-16,zM7BQazLwIPzJ/JHnSQen/niDjY=,uIZf//CeRwEwGCYfd5Cep1tHdko=
-35,-1,zM7BQazLwIPzJ/JHnSQen/niDjY=,uIZf//CeRwEwGCYfd5Cep1tHdko=
-47,-1,zM7BQazLwIPzJ/JHnSQen/niDjY=,uIZf//CeRwEwGCYfd5Cep1tHdko=
-43,-16,zM7BQazLwIPzJ/JHnSQen/niDjY=,uIZf//CeRwEwGCYfd5Cep1tHdko=
-48,-1,zM7BQazLwIPzJ/JHnSQen/niDjY=,uIZf//CeRwEwGCYfd5Cep1tHdko=
-37,-16,zM7BQazLwIPzJ/JHnSQen/niDjY=,uIZf//CeRwEwGCYfd5Cep1tHdko=
-46,-1,zM7BQazLwIPzJ/JHnSQen/niDjY=,uIZf//CeRwEwGCYfd5Cep1tHdko=
-44,-16,zM7BQazLwIPzJ/JHnSQen/niDjY=,uIZf//CeRwEwGCYfd5Cep1tHdko=
-41,-1,zM7BQazLwIPzJ/JHnSQen/niDjY=,uIZf//CeRwEwGCYfd5Cep1tHdko=
-39,-1,zM7BQazLwIPzJ/JHnSQen/niDjY=,uIZf//CeRwEwGCYfd5Cep1tHdko=
-42,-1,zM7BQazLwIPzJ/JHnSQen/niDjY=,uIZf//CeRwEwGCYfd5Cep1tHdko=
-38,-1,zM7BQazLwIPzJ/JHnSQen/niDjY=,uIZf//CeRwEwGCYfd5Cep1tHdko=
-45,-2,zM7BQazLwIPzJ/JHnSQen/niDjY=,uIZf//CeRwEwGCYfd5Cep1tHdko=
-43,-1,zM7BQazLwIPzJ/JHnSQen/niDjY=,uIZf//CeRwEwGCYfd5Cep1tHdko=
-47,-2,zM7BQazLwIPzJ/JHnSQen/niDjY=,uIZf//CeRwEwGCYfd5Cep1tHdko=
-48,-2,zM7BQazLwIPzJ/JHnSQen/niDjY=,uIZf//CeRwEwGCYfd5Cep1tHdko=
-46,-2,zM7BQazLwIPzJ/JHnSQen/niDjY=,uIZf//CeRwEwGCYfd5Cep1tHdko=
-40,-2,zM7BQazLwIPzJ/JHnSQen/niDjY=,uIZf//CeRwEwGCYfd5Cep1tHdko=
-40,-1,zM7BQazLwIPzJ/JHnSQen/niDjY=,uIZf//CeRwEwGCYfd5Cep1tHdko=
-39,-2,zM7BQazLwIPzJ/JHnSQen/niDjY=,uIZf//CeRwEwGCYfd5Cep1tHdko=
-41,-2,zM7BQazLwIPzJ/JHnSQen/niDjY=,uIZf//CeRwEwGCYfd5Cep1tHdko=
-42,-2,zM7BQazLwIPzJ/JHnSQen/niDjY=,uIZf//CeRwEwGCYfd5Cep1tHdko=
-43,-2,zM7BQazLwIPzJ/JHnSQen/niDjY=,uIZf//CeRwEwGCYfd5Cep1tHdko=
-38,-2,zM7BQazLwIPzJ/JHnSQen/niDjY=,uIZf//CeRwEwGCYfd5Cep1tHdko=
-35,-3,zM7BQazLwIPzJ/JHnSQen/niDjY=,uIZf//CeRwEwGCYfd5Cep1tHdko=
-37,-1,zM7BQazLwIPzJ/JHnSQen/niDjY=,uIZf//CeRwEwGCYfd5Cep1tHdko=
-39,-3,zM7BQazLwIPzJ/JHnSQen/niDjY=,uIZf//CeRwEwGCYfd5Cep1tHdko=
-33,-2,zM7BQazLwIPzJ/JHnSQen/niDjY=,uIZf//CeRwEwGCYfd5Cep1tHdko=
-46,-3,zM7BQazLwIPzJ/JHnSQen/niDjY=,uIZf//CeRwEwGCYfd5Cep1tHdko=
-45,-3,zM7BQazLwIPzJ/JHnSQen/niDjY=,uIZf//CeRwEwGCYfd5Cep1tHdko=
-44,-2,zM7BQazLwIPzJ/JHnSQen/niDjY=,uIZf//CeRwEwGCYfd5Cep1tHdko=
-36,-1,zM7BQazLwIPzJ/JHnSQen/niDjY=,uIZf//CeRwEwGCYfd5Cep1tHdko=
-37,-3,zM7BQazLwIPzJ/JHnSQen/niDjY=,uIZf//CeRwEwGCYfd5Cep1tHdko=
-47,-3,zM7BQazLwIPzJ/JHnSQen/niDjY=,uIZf//CeRwEwGCYfd5Cep1tHdko=
-37,-2,zM7BQazLwIPzJ/JHnSQen/niDjY=,uIZf//CeRwEwGCYfd5Cep1tHdko=
-42,-3,zM7BQazLwIPzJ/JHnSQen/niDjY=,uIZf//CeRwEwGCYfd5Cep1tHdko=
-38,-3,zM7BQazLwIPzJ/JHnSQen/niDjY=,uIZf//CeRwEwGCYfd5Cep1tHdko=
-34,-3,zM7BQazLwIPzJ/JHnSQen/niDjY=,uIZf//CeRwEwGCYfd5Cep1tHdko=
-44,-15,zM7BQazLwIPzJ/JHnSQen/niDjY=,uIZf//CeRwEwGCYfd5Cep1tHdko=
-43,-3,zM7BQazLwIPzJ/JHnSQen/niDjY=,uIZf//CeRwEwGCYfd5Cep1tHdko=
-48,-3,zM7BQazLwIPzJ/JHnSQen/niDjY=,uIZf//CeRwEwGCYfd5Cep1tHdko=
-41,-3,zM7BQazLwIPzJ/JHnSQen/niDjY=,uIZf//CeRwEwGCYfd5Cep1tHdko=
-44,-1,zM7BQazLwIPzJ/JHnSQen/niDjY=,uIZf//CeRwEwGCYfd5Cep1tHdko=
-38,-4,zM7BQazLwIPzJ/JHnSQen/niDjY=,uIZf//CeRwEwGCYfd5Cep1tHdko=
-40,-3,zM7BQazLwIPzJ/JHnSQen/niDjY=,uIZf//CeRwEwGCYfd5Cep1tHdko=
-33,-3,zM7BQazLwIPzJ/JHnSQen/niDjY=,uIZf//CeRwEwGCYfd5Cep1tHdko=
-46,-4,zM7BQazLwIPzJ/JHnSQen/niDjY=,uIZf//CeRwEwGCYfd5Cep1tHdko=
-45,-4,zM7BQazLwIPzJ/JHnSQen/niDjY=,uIZf//CeRwEwGCYfd5Cep1tHdko=
-47,-4,zM7BQazLwIPzJ/JHnSQen/niDjY=,uIZf//CeRwEwGCYfd5Cep1tHdko=
-48,-4,zM7BQazLwIPzJ/JHnSQen/niDjY=,uIZf//CeRwEwGCYfd5Cep1tHdko=
-39,-4,zM7BQazLwIPzJ/JHnSQen/niDjY=,uIZf//CeRwEwGCYfd5Cep1tHdko=
-36,-3,zM7BQazLwIPzJ/JHnSQen/niDjY=,uIZf//CeRwEwGCYfd5Cep1tHdko=
-40,-4,zM7BQazLwIPzJ/JHnSQen/niDjY=,uIZf//CeRwEwGCYfd5Cep1tHdko=
-43,-15,zM7BQazLwIPzJ/JHnSQen/niDjY=,uIZf//CeRwEwGCYfd5Cep1tHdko=
-44,-3,zM7BQazLwIPzJ/JHnSQen/niDjY=,uIZf//CeRwEwGCYfd5Cep1tHdko=
-43,-4,zM7BQazLwIPzJ/JHnSQen/niDjY=,uIZf//CeRwEwGCYfd5Cep1tHdko=
-41,-4,zM7BQazLwIPzJ/JHnSQen/niDjY=,uIZf//CeRwEwGCYfd5Cep1tHdko=
-33,-5,zM7BQazLwIPzJ/JHnSQen/niDjY=,uIZf//CeRwEwGCYfd5Cep1tHdko=
-37,-5,zM7BQazLwIPzJ/JHnSQen/niDjY=,uIZf//CeRwEwGCYfd5Cep1tHdko=
-34,-5,zM7BQazLwIPzJ/JHnSQen/niDjY=,uIZf//CeRwEwGCYfd5Cep1tHdko=
-42,-4,zM7BQazLwIPzJ/JHnSQen/niDjY=,uIZf//CeRwEwGCYfd5Cep1tHdko=
-37,-4,zM7BQazLwIPzJ/JHnSQen/niDjY=,uIZf//CeRwEwGCYfd5Cep1tHdko=
-36,-4,zM7BQazLwIPzJ/JHnSQen/niDjY=,uIZf//CeRwEwGCYfd5Cep1tHdko=
-44,-4,zM7BQazLwIPzJ/JHnSQen/niDjY=,uIZf//CeRwEwGCYfd5Cep1tHdko=
-46,-5,zM7BQazLwIPzJ/JHnSQen/niDjY=,uIZf//CeRwEwGCYfd5Cep1tHdko=
-45,-5,zM7BQazLwIPzJ/JHnSQen/niDjY=,uIZf//CeRwEwGCYfd5Cep1tHdko=
-48,-5,zM7BQazLwIPzJ/JHnSQen/niDjY=,uIZf//CeRwEwGCYfd5Cep1tHdko=
-47,-5,zM7BQazLwIPzJ/JHnSQen/niDjY=,uIZf//CeRwEwGCYfd5Cep1tHdko=
-42,-15,zM7BQazLwIPzJ/JHnSQen/niDjY=,uIZf//CeRwEwGCYfd5Cep1tHdko=
-35,-5,zM7BQazLwIPzJ/JHnSQen/niDjY=,uIZf//CeRwEwGCYfd5Cep1tHdko=
-34,-2,zM7BQazLwIPzJ/JHnSQen/niDjY=,uIZf//CeRwEwGCYfd5Cep1tHdko=
-34,-4,zM7BQazLwIPzJ/JHnSQen/niDjY=,uIZf//CeRwEwGCYfd5Cep1tHdko=
-33,-4,zM7BQazLwIPzJ/JHnSQen/niDjY=,uIZf//CeRwEwGCYfd5Cep1tHdko=
-36,-6,zM7BQazLwIPzJ/JHnSQen/niDjY=,uIZf//CeRwEwGCYfd5Cep1tHdko=
-41,-5,zM7BQazLwIPzJ/JHnSQen/niDjY=,uIZf//CeRwEwGCYfd5Cep1tHdko=
-34,-6,zM7BQazLwIPzJ/JHnSQen/niDjY=,uIZf//CeRwEwGCYfd5Cep1tHdko=
-45,-6,zM7BQazLwIPzJ/JHnSQen/niDjY=,uIZf//CeRwEwGCYfd5Cep1tHdko=
-48,-6,zM7BQazLwIPzJ/JHnSQen/niDjY=,uIZf//CeRwEwGCYfd5Cep1tHdko=
-46,-6,zM7BQazLwIPzJ/JHnSQen/niDjY=,uIZf//CeRwEwGCYfd5Cep1tHdko=
-38,-5,zM7BQazLwIPzJ/JHnSQen/niDjY=,uIZf//CeRwEwGCYfd5Cep1tHdko=
-47,-6,zM7BQazLwIPzJ/JHnSQen/niDjY=,uIZf//CeRwEwGCYfd5Cep1tHdko=
-39,-6,zM7BQazLwIPzJ/JHnSQen/niDjY=,uIZf//CeRwEwGCYfd5Cep1tHdko=
-39,-5,zM7BQazLwIPzJ/JHnSQen/niDjY=,uIZf//CeRwEwGCYfd5Cep1tHdko=
-37,-6,zM7BQazLwIPzJ/JHnSQen/niDjY=,uIZf//CeRwEwGCYfd5Cep1tHdko=
-36,-2,zM7BQazLwIPzJ/JHnSQen/niDjY=,uIZf//CeRwEwGCYfd5Cep1tHdko=
-40,-6,zM7BQazLwIPzJ/JHnSQen/niDjY=,uIZf//CeRwEwGCYfd5Cep1tHdko=
-43,-5,zM7BQazLwIPzJ/JHnSQen/niDjY=,uIZf//CeRwEwGCYfd5Cep1tHdko=
-40,-5,zM7BQazLwIPzJ/JHnSQen/niDjY=,uIZf//CeRwEwGCYfd5Cep1tHdko=
-35,-6,zM7BQazLwIPzJ/JHnSQen/niDjY=,uIZf//CeRwEwGCYfd5Cep1tHdko=
-33,-7,zM7BQazLwIPzJ/JHnSQen/niDjY=,uIZf//CeRwEwGCYfd5Cep1tHdko=
-35,-7,zM7BQazLwIPzJ/JHnSQen/niDjY=,uIZf//CeRwEwGCYfd5Cep1tHdko=
-45,-7,zM7BQazLwIPzJ/JHnSQen/niDjY=,uIZf//CeRwEwGCYfd5Cep1tHdko=
-36,-7,zM7BQazLwIPzJ/JHnSQen/niDjY=,uIZf//CeRwEwGCYfd5Cep1tHdko=
-48,-7,zM7BQazLwIPzJ/JHnSQen/niDjY=,uIZf//CeRwEwGCYfd5Cep1tHdko=
-46,-7,zM7BQazLwIPzJ/JHnSQen/niDjY=,uIZf//CeRwEwGCYfd5Cep1tHdko=
-47,-7,zM7BQazLwIPzJ/JHnSQen/niDjY=,uIZf//CeRwEwGCYfd5Cep1tHdko=
-37,-7,zM7BQazLwIPzJ/JHnSQen/niDjY=,uIZf//CeRwEwGCYfd5Cep1tHdko=
-39,-7,zM7BQazLwIPzJ/JHnSQen/niDjY=,uIZf//CeRwEwGCYfd5Cep1tHdko=
-44,-5,zM7BQazLwIPzJ/JHnSQen/niDjY=,uIZf//CeRwEwGCYfd5Cep1tHdko=
-41,-6,zM7BQazLwIPzJ/JHnSQen/niDjY=,uIZf//CeRwEwGCYfd5Cep1tHdko=
-34,-7,zM7BQazLwIPzJ/JHnSQen/niDjY=,uIZf//CeRwEwGCYfd5Cep1tHdko=
-43,-6,zM7BQazLwIPzJ/JHnSQen/niDjY=,uIZf//CeRwEwGCYfd5Cep1tHdko=
-38,-6,zM7BQazLwIPzJ/JHnSQen/niDjY=,uIZf//CeRwEwGCYfd5Cep1tHdko=
-38,-7,zM7BQazLwIPzJ/JHnSQen/niDjY=,uIZf//CeRwEwGCYfd5Cep1tHdko=
-42,-6,zM7BQazLwIPzJ/JHnSQen/niDjY=,uIZf//CeRwEwGCYfd5Cep1tHdko=
-35,-8,zM7BQazLwIPzJ/JHnSQen/niDjY=,uIZf//CeRwEwGCYfd5Cep1tHdko=
-33,-8,zM7BQazLwIPzJ/JHnSQen/niDjY=,uIZf//CeRwEwGCYfd5Cep1tHdko=
-40,-7,zM7BQazLwIPzJ/JHnSQen/niDjY=,uIZf//CeRwEwGCYfd5Cep1tHdko=
-36,-8,zM7BQazLwIPzJ/JHnSQen/niDjY=,uIZf//CeRwEwGCYfd5Cep1tHdko=
-34,-8,zM7BQazLwIPzJ/JHnSQen/niDjY=,uIZf//CeRwEwGCYfd5Cep1tHdko=
-37,-8,zM7BQazLwIPzJ/JHnSQen/niDjY=,uIZf//CeRwEwGCYfd5Cep1tHdko=
-44,-8,zM7BQazLwIPzJ/JHnSQen/niDjY=,uIZf//CeRwEwGCYfd5Cep1tHdko=
-45,-8,zM7BQazLwIPzJ/JHnSQen/niDjY=,uIZf//CeRwEwGCYfd5Cep1tHdko=
-38,-8,zM7BQazLwIPzJ/JHnSQen/niDjY=,uIZf//CeRwEwGCYfd5Cep1tHdko=
-46,-8,zM7BQazLwIPzJ/JHnSQen/niDjY=,uIZf//CeRwEwGCYfd5Cep1tHdko=
-47,-8,zM7BQazLwIPzJ/JHnSQen/niDjY=,uIZf//CeRwEwGCYfd5Cep1tHdko=
-41,-7,zM7BQazLwIPzJ/JHnSQen/niDjY=,uIZf//CeRwEwGCYfd5Cep1tHdko=
-42,-7,zM7BQazLwIPzJ/JHnSQen/niDjY=,uIZf//CeRwEwGCYfd5Cep1tHdko=
-48,-8,zM7BQazLwIPzJ/JHnSQen/niDjY=,uIZf//CeRwEwGCYfd5Cep1tHdko=
-45,-9,zM7BQazLwIPzJ/JHnSQen/niDjY=,uIZf//CeRwEwGCYfd5Cep1tHdko=
-43,-7,zM7BQazLwIPzJ/JHnSQen/niDjY=,uIZf//CeRwEwGCYfd5Cep1tHdko=
-44,-9,zM7BQazLwIPzJ/JHnSQen/niDjY=,uIZf//CeRwEwGCYfd5Cep1tHdko=
-47,-9,zM7BQazLwIPzJ/JHnSQen/niDjY=,uIZf//CeRwEwGCYfd5Cep1tHdko=
-46,-9,zM7BQazLwIPzJ/JHnSQen/niDjY=,uIZf//CeRwEwGCYfd5Cep1tHdko=
-33,-9,zM7BQazLwIPzJ/JHnSQen/niDjY=,uIZf//CeRwEwGCYfd5Cep1tHdko=
-34,-9,zM7BQazLwIPzJ/JHnSQen/niDjY=,uIZf//CeRwEwGCYfd5Cep1tHdko=
-40,-8,zM7BQazLwIPzJ/JHnSQen/niDjY=,uIZf//CeRwEwGCYfd5Cep1tHdko=
-39,-8,zM7BQazLwIPzJ/JHnSQen/niDjY=,uIZf//CeRwEwGCYfd5Cep1tHdko=
-37,-9,zM7BQazLwIPzJ/JHnSQen/niDjY=,uIZf//CeRwEwGCYfd5Cep1tHdko=
-36,-9,zM7BQazLwIPzJ/JHnSQen/niDjY=,uIZf//CeRwEwGCYfd5Cep1tHdko=
-48,-9,zM7BQazLwIPzJ/JHnSQen/niDjY=,uIZf//CeRwEwGCYfd5Cep1tHdko=
-39,-9,zM7BQazLwIPzJ/JHnSQen/niDjY=,uIZf//CeRwEwGCYfd5Cep1tHdko=
-40,-9,zM7BQazLwIPzJ/JHnSQen/niDjY=,uIZf//CeRwEwGCYfd5Cep1tHdko=
-42,-8,zM7BQazLwIPzJ/JHnSQen/niDjY=,uIZf//CeRwEwGCYfd5Cep1tHdko=
-41,-8,zM7BQazLwIPzJ/JHnSQen/niDjY=,uIZf//CeRwEwGCYfd5Cep1tHdko=
-43,-10,zM7BQazLwIPzJ/JHnSQen/niDjY=,uIZf//CeRwEwGCYfd5Cep1tHdko=
-44,-10,zM7BQazLwIPzJ/JHnSQen/niDjY=,uIZf//CeRwEwGCYfd5Cep1tHdko=
-45,-10,zM7BQazLwIPzJ/JHnSQen/niDjY=,uIZf//CeRwEwGCYfd5Cep1tHdko=
-44,-6,zM7BQazLwIPzJ/JHnSQen/niDjY=,uIZf//CeRwEwGCYfd5Cep1tHdko=
-35,-9,zM7BQazLwIPzJ/JHnSQen/niDjY=,uIZf//CeRwEwGCYfd5Cep1tHdko=
-38,-9,zM7BQazLwIPzJ/JHnSQen/niDjY=,uIZf//CeRwEwGCYfd5Cep1tHdko=
-35,-10,zM7BQazLwIPzJ/JHnSQen/niDjY=,uIZf//CeRwEwGCYfd5Cep1tHdko=
-36,-10,zM7BQazLwIPzJ/JHnSQen/niDjY=,uIZf//CeRwEwGCYfd5Cep1tHdko=
-34,-10,zM7BQazLwIPzJ/JHnSQen/niDjY=,uIZf//CeRwEwGCYfd5Cep1tHdko=
-46,-10,zM7BQazLwIPzJ/JHnSQen/niDjY=,uIZf//CeRwEwGCYfd5Cep1tHdko=
-40,-10,zM7BQazLwIPzJ/JHnSQen/niDjY=,uIZf//CeRwEwGCYfd5Cep1tHdko=
-48,-10,zM7BQazLwIPzJ/JHnSQen/niDjY=,uIZf//CeRwEwGCYfd5Cep1tHdko=
-47,-10,zM7BQazLwIPzJ/JHnSQen/niDjY=,uIZf//CeRwEwGCYfd5Cep1tHdko=
-42,-9,zM7BQazLwIPzJ/JHnSQen/niDjY=,uIZf//CeRwEwGCYfd5Cep1tHdko=
-41,-10,zM7BQazLwIPzJ/JHnSQen/niDjY=,uIZf//CeRwEwGCYfd5Cep1tHdko=
-39,-10,zM7BQazLwIPzJ/JHnSQen/niDjY=,uIZf//CeRwEwGCYfd5Cep1tHdko=
-41,-9,zM7BQazLwIPzJ/JHnSQen/niDjY=,uIZf//CeRwEwGCYfd5Cep1tHdko=
-33,-10,zM7BQazLwIPzJ/JHnSQen/niDjY=,uIZf//CeRwEwGCYfd5Cep1tHdko=
-37,-10,zM7BQazLwIPzJ/JHnSQen/niDjY=,uIZf//CeRwEwGCYfd5Cep1tHdko=
-38,-10,zM7BQazLwIPzJ/JHnSQen/niDjY=,uIZf//CeRwEwGCYfd5Cep1tHdko=
-46,-11,zM7BQazLwIPzJ/JHnSQen/niDjY=,uIZf//CeRwEwGCYfd5Cep1tHdko=
-40,-11,zM7BQazLwIPzJ/JHnSQen/niDjY=,uIZf//CeRwEwGCYfd5Cep1tHdko=
-47,-11,zM7BQazLwIPzJ/JHnSQen/niDjY=,uIZf//CeRwEwGCYfd5Cep1tHdko=
-33,-11,zM7BQazLwIPzJ/JHnSQen/niDjY=,uIZf//CeRwEwGCYfd5Cep1tHdko=
-48,-11,zM7BQazLwIPzJ/JHnSQen/niDjY=,uIZf//CeRwEwGCYfd5Cep1tHdko=
-35,-11,zM7BQazLwIPzJ/JHnSQen/niDjY=,uIZf//CeRwEwGCYfd5Cep1tHdko=
-34,-11,zM7BQazLwIPzJ/JHnSQen/niDjY=,uIZf//CeRwEwGCYfd5Cep1tHdko=
-36,-11,zM7BQazLwIPzJ/JHnSQen/niDjY=,uIZf//CeRwEwGCYfd5Cep1tHdko=
-39,-11,zM7BQazLwIPzJ/JHnSQen/niDjY=,uIZf//CeRwEwGCYfd5Cep1tHdko=
-38,-11,zM7BQazLwIPzJ/JHnSQen/niDjY=,uIZf//CeRwEwGCYfd5Cep1tHdko=
-41,-11,zM7BQazLwIPzJ/JHnSQen/niDjY=,uIZf//CeRwEwGCYfd5Cep1tHdko=
-44,-12,zM7BQazLwIPzJ/JHnSQen/niDjY=,uIZf//CeRwEwGCYfd5Cep1tHdko=
-40,-12,zM7BQazLwIPzJ/JHnSQen/niDjY=,uIZf//CeRwEwGCYfd5Cep1tHdko=
-37,-12,zM7BQazLwIPzJ/JHnSQen/niDjY=,uIZf//CeRwEwGCYfd5Cep1tHdko=
-41,-12,zM7BQazLwIPzJ/JHnSQen/niDjY=,uIZf//CeRwEwGCYfd5Cep1tHdko=
-45,-12,zM7BQazLwIPzJ/JHnSQen/niDjY=,uIZf//CeRwEwGCYfd5Cep1tHdko=
-38,-12,zM7BQazLwIPzJ/JHnSQen/niDjY=,uIZf//CeRwEwGCYfd5Cep1tHdko=
-48,-12,zM7BQazLwIPzJ/JHnSQen/niDjY=,uIZf//CeRwEwGCYfd5Cep1tHdko=
-46,-12,zM7BQazLwIPzJ/JHnSQen/niDjY=,uIZf//CeRwEwGCYfd5Cep1tHdko=
-47,-12,zM7BQazLwIPzJ/JHnSQen/niDjY=,uIZf//CeRwEwGCYfd5Cep1tHdko=
-43,-8,zM7BQazLwIPzJ/JHnSQen/niDjY=,uIZf//CeRwEwGCYfd5Cep1tHdko=
-42,-12,zM7BQazLwIPzJ/JHnSQen/niDjY=,uIZf//CeRwEwGCYfd5Cep1tHdko=
-37,-11,zM7BQazLwIPzJ/JHnSQen/niDjY=,uIZf//CeRwEwGCYfd5Cep1tHdko=
-39,-12,zM7BQazLwIPzJ/JHnSQen/niDjY=,uIZf//CeRwEwGCYfd5Cep1tHdko=
-38,-13,zM7BQazLwIPzJ/JHnSQen/niDjY=,uIZf//CeRwEwGCYfd5Cep1tHdko=
-40,-13,zM7BQazLwIPzJ/JHnSQen/niDjY=,uIZf//CeRwEwGCYfd5Cep1tHdko=
-44,-13,zM7BQazLwIPzJ/JHnSQen/niDjY=,uIZf//CeRwEwGCYfd5Cep1tHdko=
-45,-13,zM7BQazLwIPzJ/JHnSQen/niDjY=,uIZf//CeRwEwGCYfd5Cep1tHdko=
-46,-13,zM7BQazLwIPzJ/JHnSQen/niDjY=,uIZf//CeRwEwGCYfd5Cep1tHdko=
-44,-7,zM7BQazLwIPzJ/JHnSQen/niDjY=,uIZf//CeRwEwGCYfd5Cep1tHdko=
-47,-13,zM7BQazLwIPzJ/JHnSQen/niDjY=,uIZf//CeRwEwGCYfd5Cep1tHdko=
-48,-13,zM7BQazLwIPzJ/JHnSQen/niDjY=,uIZf//CeRwEwGCYfd5Cep1tHdko=
-42,-13,zM7BQazLwIPzJ/JHnSQen/niDjY=,uIZf//CeRwEwGCYfd5Cep1tHdko=
-42,-10,zM7BQazLwIPzJ/JHnSQen/niDjY=,uIZf//CeRwEwGCYfd5Cep1tHdko=
-39,-13,zM7BQazLwIPzJ/JHnSQen/niDjY=,uIZf//CeRwEwGCYfd5Cep1tHdko=
-43,-11,zM7BQazLwIPzJ/JHnSQen/niDjY=,uIZf//CeRwEwGCYfd5Cep1tHdko=
-42,-11,zM7BQazLwIPzJ/JHnSQen/niDjY=,uIZf//CeRwEwGCYfd5Cep1tHdko=
-33,-12,zM7BQazLwIPzJ/JHnSQen/niDjY=,uIZf//CeRwEwGCYfd5Cep1tHdko=
-41,-13,zM7BQazLwIPzJ/JHnSQen/niDjY=,uIZf//CeRwEwGCYfd5Cep1tHdko=
-36,-12,zM7BQazLwIPzJ/JHnSQen/niDjY=,uIZf//CeRwEwGCYfd5Cep1tHdko=
-34,-12,zM7BQazLwIPzJ/JHnSQen/niDjY=,uIZf//CeRwEwGCYfd5Cep1tHdko=
-43,-13,zM7BQazLwIPzJ/JHnSQen/niDjY=,uIZf//CeRwEwGCYfd5Cep1tHdko=
-38,-14,zM7BQazLwIPzJ/JHnSQen/niDjY=,uIZf//CeRwEwGCYfd5Cep1tHdko=
-44,-14,zM7BQazLwIPzJ/JHnSQen/niDjY=,uIZf//CeRwEwGCYfd5Cep1tHdko=
-46,-14,zM7BQazLwIPzJ/JHnSQen/niDjY=,uIZf//CeRwEwGCYfd5Cep1tHdko=
-45,-14,zM7BQazLwIPzJ/JHnSQen/niDjY=,uIZf//CeRwEwGCYfd5Cep1tHdko=
-43,-9,zM7BQazLwIPzJ/JHnSQen/niDjY=,uIZf//CeRwEwGCYfd5Cep1tHdko=
-47,-14,zM7BQazLwIPzJ/JHnSQen/niDjY=,uIZf//CeRwEwGCYfd5Cep1tHdko=
-48,-14,zM7BQazLwIPzJ/JHnSQen/niDjY=,uIZf//CeRwEwGCYfd5Cep1tHdko=
-39,-14,zM7BQazLwIPzJ/JHnSQen/niDjY=,uIZf//CeRwEwGCYfd5Cep1tHdko=
-43,-12,zM7BQazLwIPzJ/JHnSQen/niDjY=,uIZf//CeRwEwGCYfd5Cep1tHdko=
-41,-14,zM7BQazLwIPzJ/JHnSQen/niDjY=,uIZf//CeRwEwGCYfd5Cep1tHdko=
-42,-14,zM7BQazLwIPzJ/JHnSQen/niDjY=,uIZf//CeRwEwGCYfd5Cep1tHdko=
-37,-13,zM7BQazLwIPzJ/JHnSQen/niDjY=,uIZf//CeRwEwGCYfd5Cep1tHdko=
-37,-14,zM7BQazLwIPzJ/JHnSQen/niDjY=,uIZf//CeRwEwGCYfd5Cep1tHdko=
-39,-15,zM7BQazLwIPzJ/JHnSQen/niDjY=,uIZf//CeRwEwGCYfd5Cep1tHdko=
-38,-15,zM7BQazLwIPzJ/JHnSQen/niDjY=,uIZf//CeRwEwGCYfd5Cep1tHdko=
-41,-15,zM7BQazLwIPzJ/JHnSQen/niDjY=,uIZf//CeRwEwGCYfd5Cep1tHdko=
-40,-15,zM7BQazLwIPzJ/JHnSQen/niDjY=,uIZf//CeRwEwGCYfd5Cep1tHdko=
-40,-14,zM7BQazLwIPzJ/JHnSQen/niDjY=,uIZf//CeRwEwGCYfd5Cep1tHdko=
-37,-15,zM7BQazLwIPzJ/JHnSQen/niDjY=,uIZf//CeRwEwGCYfd5Cep1tHdko=
-42,-5,zM7BQazLwIPzJ/JHnSQen/niDjY=,uIZf//CeRwEwGCYfd5Cep1tHdko=
-35,-4,zM7BQazLwIPzJ/JHnSQen/niDjY=,uIZf//CeRwEwGCYfd5Cep1tHdko=
-45,-11,zM7BQazLwIPzJ/JHnSQen/niDjY=,uIZf//CeRwEwGCYfd5Cep1tHdko=
-43,-14,zM7BQazLwIPzJ/JHnSQen/niDjY=,uIZf//CeRwEwGCYfd5Cep1tHdko=
-33,-6,zM7BQazLwIPzJ/JHnSQen/niDjY=,uIZf//CeRwEwGCYfd5Cep1tHdko=
-44,-11,zM7BQazLwIPzJ/JHnSQen/niDjY=,uIZf//CeRwEwGCYfd5Cep1tHdko=
-35,-2,zM7BQazLwIPzJ/JHnSQen/niDjY=,uIZf//CeRwEwGCYfd5Cep1tHdko=
-35,-13,zM7BQazLwIPzJ/JHnSQen/niDjY=,uIZf//CeRwEwGCYfd5Cep1tHdko=
-34,-13,zM7BQazLwIPzJ/JHnSQen/niDjY=,uIZf//CeRwEwGCYfd5Cep1tHdko=
-33,-13,zM7BQazLwIPzJ/JHnSQen/niDjY=,uIZf//CeRwEwGCYfd5Cep1tHdko=
-35,-14,zM7BQazLwIPzJ/JHnSQen/niDjY=,uIZf//CeRwEwGCYfd5Cep1tHdko=
-35,-12,zM7BQazLwIPzJ/JHnSQen/niDjY=,uIZf//CeRwEwGCYfd5Cep1tHdko=
-36,-5,zM7BQazLwIPzJ/JHnSQen/niDjY=,uIZf//CeRwEwGCYfd5Cep1tHdko=
-36,-13,zM7BQazLwIPzJ/JHnSQen/niDjY=,uIZf//CeRwEwGCYfd5Cep1tHdko=
-33,-16,zM7BQazLwIPzJ/JHnSQen/niDjY=,uIZf//CeRwEwGCYfd5Cep1tHdko=
-34,-14,zM7BQazLwIPzJ/JHnSQen/niDjY=,uIZf//CeRwEwGCYfd5Cep1tHdko=
-36,-14,zM7BQazLwIPzJ/JHnSQen/niDjY=,uIZf//CeRwEwGCYfd5Cep1tHdko=
-33,-15,zM7BQazLwIPzJ/JHnSQen/niDjY=,uIZf//CeRwEwGCYfd5Cep1tHdko=
-33,-14,zM7BQazLwIPzJ/JHnSQen/niDjY=,uIZf//CeRwEwGCYfd5Cep1tHdko=
-34,-15,zM7BQazLwIPzJ/JHnSQen/niDjY=,uIZf//CeRwEwGCYfd5Cep1tHdko=
-35,-16,zM7BQazLwIPzJ/JHnSQen/niDjY=,uIZf//CeRwEwGCYfd5Cep1tHdko=
-34,-16,zM7BQazLwIPzJ/JHnSQen/niDjY=,uIZf//CeRwEwGCYfd5Cep1tHdko=
-35,-15,zM7BQazLwIPzJ/JHnSQen/niDjY=,uIZf//CeRwEwGCYfd5Cep1tHdko=
-36,-15,zM7BQazLwIPzJ/JHnSQen/niDjY=,uIZf//CeRwEwGCYfd5Cep1tHdko=
-36,-16,zM7BQazLwIPzJ/JHnSQen/niDjY=,uIZf//CeRwEwGCYfd5Cep1tHdko=
