-64,0,/uHhSsCkkz/tQvaXzpDiRq+4Ee8=,L2G+VMh9p+oAP1tVi4CqPDaGaEo=
-49,1,/uHhSsCkkz/tQvaXzpDiRq+4Ee8=,L2G+VMh9p+oAP1tVi4CqPDaGaEo=
-50,1,/uHhSsCkkz/tQvaXzpDiRq+4Ee8=,L2G+VMh9p+oAP1tVi4CqPDaGaEo=
-49,0,/uHhSsCkkz/tQvaXzpDiRq+4Ee8=,L2G+VMh9p+oAP1tVi4CqPDaGaEo=
-64,2,/uHhSsCkkz/tQvaXzpDiRq+4Ee8=,L2G+VMh9p+oAP1tVi4CqPDaGaEo=
-62,2,/uHhSsCkkz/tQvaXzpDiRq+4Ee8=,L2G+VMh9p+oAP1tVi4CqPDaGaEo=
-63,2,/uHhSsCkkz/tQvaXzpDiRq+4Ee8=,L2G+VMh9p+oAP1tVi4CqPDaGaEo=
-51,15,/uHhSsCkkz/tQvaXzpDiRq+4Ee8=,L2G+VMh9p+oAP1tVi4CqPDaGaEo=
-61,2,/uHhSsCkkz/tQvaXzpDiRq+4Ee8=,L2G+VMh9p+oAP1tVi4CqPDaGaEo=
-49,15,/uHhSsCkkz/tQvaXzpDiRq+4Ee8=,L2G+VMh9p+oAP1tVi4CqPDaGaEo=
-60,2,/uHhSsCkkz/tQvaXzpDiRq+4Ee8=,L2G+VMh9p+oAP1tVi4CqPDaGaEo=
-59,2,/uHhSsCkkz/tQvaXzpDiRq+4Ee8=,L2G+VMh9p+oAP1tVi4CqPDaGaEo=
-58,2,/uHhSsCkkz/tQvaXzpDiRq+4Ee8=,L2G+VMh9p+oAP1tVi4CqPDaGaEo=
-50,15,/uHhSsCkkz/tQvaXzpDiRq+4Ee8=,L2G+VMh9p+oAP1tVi4CqPDaGaEo=
-54,15,/uHhSsCkkz/tQvaXzpDiRq+4Ee8=,L2G+VMh9p+oAP1tVi4CqPDaGaEo=
-56,2,/uHhSsCkkz/tQvaXzpDiRq+4Ee8=,L2G+VMh9p+oAP1tVi4CqPDaGaEo=
-57,2,/uHhSsCkkz/tQvaXzpDiRq+4Ee8=,L2G+VMh9p+oAP1tVi4CqPDaGaEo=
-55,2,/uHhSsCkkz/tQvaXzpDiRq+4Ee8=,L2G+VMh9p+oAP1tVi4CqPDaGaEo=
-54,2,/uHhSsCkkz/tQvaXzpDiRq+4Ee8=,L2G+VMh9p+oAP1tVi4CqPDaGaEo=
-57,15,/uHhSsCkkz/tQvaXzpDiRq+4Ee8=,L2G+VMh9p+oAP1tVi4CqPDaGaEo=
-51,0,/uHhSsCkkz/tQvaXzpDiRq+4Ee8=,L2G+VMh9p+oAP1tVi4CqPDaGaEo=
-50,0,/uHhSsCkkz/tQvaXzpDiRq+4Ee8=,L2G+VMh9p+oAP1tVi4CqPDaGaEo=
-53,0,/uHhSsCkkz/tQvaXzpDiRq+4Ee8=,L2G+VMh9p+oAP1tVi4CqPDaGaEo=
-52,0,/uHhSsCkkz/tQvaXzpDiRq+4Ee8=,L2G+VMh9p+oAP1tVi4CqPDaGaEo=
-52,2,/uHhSsCkkz/tQvaXzpDiRq+4Ee8=,L2G+VMh9p+oAP1tVi4CqPDaGaEo=
-54,0,/uHhSsCkkz/tQvaXzpDiRq+4Ee8=,L2G+VMh9p+oAP1tVi4CqPDaGaEo=
-52,15,/uHhSsCkkz/tQvaXzpDiRq+4Ee8=,L2G+VMh9p+oAP1tVi4CqPDaGaEo=
-55,0,/uHhSsCkkz/tQvaXzpDiRq+4Ee8=,L2G+VMh9p+oAP1tVi4CqPDaGaEo=
-51,2,/uHhSsCkkz/tQvaXzpDiRq+4Ee8=,L2G+VMh9p+oAP1tVi4CqPDaGaEo=
-58,0,/uHhSsCkkz/tQvaXzpDiRq+4Ee8=,L2G+VMh9p+oAP1tVi4CqPDaGaEo=
-53,2,/uHhSsCkkz/tQvaXzpDiRq+4Ee8=,L2G+VMh9p+oAP1tVi4CqPDaGaEo=
-57,0,/uHhSsCkkz/tQvaXzpDiRq+4Ee8=,L2G+VMh9p+oAP1tVi4CqPDaGaEo=
-53,15,/uHhSsCkkz/tQvaXzpDiRq+4Ee8=,L2G+VMh9p+oAP1tVi4CqPDaGaEo=
-64,1,/uHhSsCkkz/tQvaXzpDiRq+4Ee8=,L2G+VMh9p+oAP1tVi4CqPDaGaEo=
-56,0,/uHhSsCkkz/tQvaXzpDiRq+4Ee8=,L2G+VMh9p+oAP1tVi4CqPDaGaEo=
-60,0,/uHhSsCkkz/tQvaXzpDiRq+4Ee8=,L2G+VMh9p+oAP1tVi4CqPDaGaEo=
-55,15,/uHhSsCkkz/tQvaXzpDiRq+4Ee8=,L2G+VMh9p+oAP1tVi4CqPDaGaEo=
-62,0,/uHhSsCkkz/tQvaXzpDiRq+4Ee8=,L2G+VMh9p+oAP1tVi4CqPDaGaEo=
-50,2,/uHhSsCkkz/tQvaXzpDiRq+4Ee8=,L2G+VMh9p+oAP1tVi4CqPDaGaEo=
-61,0,/uHhSsCkkz/tQvaXzpDiRq+4Ee8=,L2G+VMh9p+oAP1tVi4CqPDaGaEo=
-63,0,/uHhSsCkkz/tQvaXzpDiRq+4Ee8=,L2G+VMh9p+oAP1tVi4CqPDaGaEo=
-59,0,/uHhSsCkkz/tQvaXzpDiRq+4Ee8=,L2G+VMh9p+oAP1tVi4CqPDaGaEo=
-61,15,/uHhSsCkkz/tQvaXzpDiRq+4Ee8=,L2G+VMh9p+oAP1tVi4CqPDaGaEo=
-56,15,/uHhSsCkkz/tQvaXzpDiRq+4Ee8=,L2G+VMh9p+oAP1tVi4CqPDaGaEo=
-64,3,/uHhSsCkkz/tQvaXzpDiRq+4Ee8=,L2G+VMh9p+oAP1tVi4CqPDaGaEo=
-51,1,/uHhSsCkkz/tQvaXzpDiRq+4Ee8=,L2G+VMh9p+oAP1tVi4CqPDaGaEo=
-49,2,/uHhSsCkkz/tQvaXzpDiRq+4Ee8=,L2G+VMh9p+oAP1tVi4CqPDaGaEo=
-63,3,/uHhSsCkkz/tQvaXzpDiRq+4Ee8=,L2G+VMh9p+oAP1tVi4CqPDaGaEo=
-62,15,/uHhSsCkkz/tQvaXzpDiRq+4Ee8=,L2G+VMh9p+oAP1tVi4CqPDaGaEo=
-62,3,/uHhSsCkkz/tQvaXzpDiRq+4Ee8=,L2G+VMh9p+oAP1tVi4CqPDaGaEo=
-63,15,/uHhSsCkkz/tQvaXzpDiRq+4Ee8=,L2G+VMh9p+oAP1tVi4CqPDaGaEo=
-60,3,/uHhSsCkkz/tQvaXzpDiRq+4Ee8=,L2G+VMh9p+oAP1tVi4CqPDaGaEo=
-59,15,/uHhSsCkkz/tQvaXzpDiRq+4Ee8=,L2G+VMh9p+oAP1tVi4CqPDaGaEo=
-61,3,/uHhSsCkkz/tQvaXzpDiRq+4Ee8=,L2G+VMh9p+oAP1tVi4CqPDaGaEo=
-58,15,/uHhSsCkkz/tQvaXzpDiRq+4Ee8=,L2G+VMh9p+oAP1tVi4CqPDaGaEo=
-59,3,/uHhSsCkkz/tQvaXzpDiRq+4Ee8=,L2G+VMh9p+oAP1tVi4CqPDaGaEo=
-60,15,/uHhSsCkkz/tQvaXzpDiRq+4Ee8=,L2G+VMh9p+oAP1tVi4CqPDaGaEo=
-58,3,/uHhSsCkkz/tQvaXzpDiRq+4Ee8=,L2G+VMh9p+oAP1tVi4CqPDaGaEo=
-57,3,/uHhSsCkkz/tQvaXzpDiRq+4Ee8=,L2G+VMh9p+oAP1tVi4CqPDaGaEo=
-50,14,/uHhSsCkkz/tQvaXzpDiRq+4Ee8=,L2G+VMh9p+oAP1tVi4CqPDaGaEo=
-52,1,/uHhSsCkkz/tQvaXzpDiRq+4Ee8=,L2G+VMh9p+oAP1tVi4CqPDaGaEo=
-56,3,/uHhSsCkkz/tQvaXzpDiRq+4Ee8=,L2G+VMh9p+oAP1tVi4CqPDaGaEo=
-49,14,/uHhSsCkkz/tQvaXzpDiRq+4Ee8=,L2G+VMh9p+oAP1tVi4CqPDaGaEo=
-54,3,/uHhSsCkkz/tQvaXzpDiRq+4Ee8=,L2G+VMh9p+oAP1tVi4CqPDaGaEo=
-55,3,/uHhSsCkkz/tQvaXzpDiRq+4Ee8=,L2G+VMh9p+oAP1tVi4CqPDaGaEo=
-53,3,/uHhSsCkkz/tQvaXzpDiRq+4Ee8=,L2G+VMh9p+oAP1tVi4CqPDaGaEo=
-56,14,/uHhSsCkkz/tQvaXzpDiRq+4Ee8=,L2G+VMh9p+oAP1tVi4CqPDaGaEo=
-59,14,/uHhSsCkkz/tQvaXzpDiRq+4Ee8=,L2G+VMh9p+oAP1tVi4CqPDaGaEo=
-54,14,/uHhSsCkkz/tQvaXzpDiRq+4Ee8=,L2G+VMh9p+oAP1tVi4CqPDaGaEo=
-57,14,/uHhSsCkkz/tQvaXzpDiRq+4Ee8=,L2G+VMh9p+oAP1tVi4CqPDaGaEo=
-63,1,/uHhSsCkkz/tQvaXzpDiRq+4Ee8=,L2G+VMh9p+oAP1tVi4CqPDaGaEo=
-52,3,/uHhSsCkkz/tQvaXzpDiRq+4Ee8=,L2G+VMh9p+oAP1tVi4CqPDaGaEo=
-51,3,/uHhSsCkkz/tQvaXzpDiRq+4Ee8=,L2G+VMh9p+oAP1tVi4CqPDaGaEo=
-51,14,/uHhSsCkkz/tQvaXzpDiRq+4Ee8=,L2G+VMh9p+oAP1tVi4CqPDaGaEo=
-63,14,/uHhSsCkkz/tQvaXzpDiRq+4Ee8=,L2G+VMh9p+oAP1tVi4CqPDaGaEo=
-50,3,/uHhSsCkkz/tQvaXzpDiRq+4Ee8=,L2G+VMh9p+oAP1tVi4CqPDaGaEo=
-49,3,/uHhSsCkkz/tQvaXzpDiRq+4Ee8=,L2G+VMh9p+oAP1tVi4CqPDaGaEo=
-55,14,/uHhSsCkkz/tQvaXzpDiRq+4Ee8=,L2G+VMh9p+oAP1tVi4CqPDaGaEo=
-64,4,/uHhSsCkkz/tQvaXzpDiRq+4Ee8=,L2G+VMh9p+oAP1tVi4CqPDaGaEo=
-53,14,/uHhSsCkkz/tQvaXzpDiRq+4Ee8=,L2G+VMh9p+oAP1tVi4CqPDaGaEo=
-52,14,/uHhSsCkkz/tQvaXzpDiRq+4Ee8=,L2G+VMh9p+oAP1tVi4CqPDaGaEo=
-63,4,/uHhSsCkkz/tQvaXzpDiRq+4Ee8=,L2G+VMh9p+oAP1tVi4CqPDaGaEo=
-49,13,/uHhSsCkkz/tQvaXzpDiRq+4Ee8=,L2G+VMh9p+oAP1tVi4CqPDaGaEo=
-53,1,/uHhSsCkkz/tQvaXzpDiRq+4Ee8=,L2G+VMh9p+oAP1tVi4CqPDaGaEo=
-56,13,/uHhSsCkkz/tQvaXzpDiRq+4Ee8=,L2G+VMh9p+oAP1tVi4CqPDaGaEo=
-50,13,/uHhSsCkkz/tQvaXzpDiRq+4Ee8=,L2G+VMh9p+oAP1tVi4CqPDaGaEo=
-62,4,/uHhSsCkkz/tQvaXzpDiRq+4Ee8=,L2G+VMh9p+oAP1tVi4CqPDaGaEo=
-54,13,/uHhSsCkkz/tQvaXzpDiRq+4Ee8=,L2G+VMh9p+oAP1tVi4CqPDaGaEo=
-52,13,/uHhSsCkkz/tQvaXzpDiRq+4Ee8=,L2G+VMh9p+oAP1tVi4CqPDaGaEo=
-61,14,/uHhSsCkkz/tQvaXzpDiRq+4Ee8=,L2G+VMh9p+oAP1tVi4CqPDaGaEo=
-62,14,/uHhSsCkkz/tQvaXzpDiRq+4Ee8=,L2G+VMh9p+oAP1tVi4CqPDaGaEo=
-61,13,/uHhSsCkkz/tQvaXzpDiRq+4Ee8=,L2G+VMh9p+oAP1tVi4CqPDaGaEo=
-51,13,/uHhSsCkkz/tQvaXzpDiRq+4Ee8=,L2G+VMh9p+oAP1tVi4CqPDaGaEo=
-49,12,/uHhSsCkkz/tQvaXzpDiRq+4Ee8=,L2G+VMh9p+oAP1tVi4CqPDaGaEo=
-60,14,/uHhSsCkkz/tQvaXzpDiRq+4Ee8=,L2G+VMh9p+oAP1tVi4CqPDaGaEo=
-58,14,/uHhSsCkkz/tQvaXzpDiRq+4Ee8=,L2G+VMh9p+oAP1tVi4CqPDaGaEo=
-62,13,/uHhSsCkkz/tQvaXzpDiRq+4Ee8=,L2G+VMh9p+oAP1tVi4CqPDaGaEo=
-50,12,/uHhSsCkkz/tQvaXzpDiRq+4Ee8=,L2G+VMh9p+oAP1tVi4CqPDaGaEo=
-57,13,/uHhSsCkkz/tQvaXzpDiRq+4Ee8=,L2G+VMh9p+oAP1tVi4CqPDaGaEo=
-55,12,/uHhSsCkkz/tQvaXzpDiRq+4Ee8=,L2G+VMh9p+oAP1tVi4CqPDaGaEo=
-59,13,/uHhSsCkkz/tQvaXzpDiRq+4Ee8=,L2G+VMh9p+oAP1tVi4CqPDaGaEo=
-51,12,/uHhSsCkkz/tQvaXzpDiRq+4Ee8=,L2G+VMh9p+oAP1tVi4CqPDaGaEo=
-54,1,/uHhSsCkkz/tQvaXzpDiRq+4Ee8=,L2G+VMh9p+oAP1tVi4CqPDaGaEo=
-54,12,/uHhSsCkkz/tQvaXzpDiRq+4Ee8=,L2G+VMh9p+oAP1tVi4CqPDaGaEo=
-62,12,/uHhSsCkkz/tQvaXzpDiRq+4Ee8=,L2G+VMh9p+oAP1tVi4CqPDaGaEo=
-60,13,/uHhSsCkkz/tQvaXzpDiRq+4Ee8=,L2G+VMh9p+oAP1tVi4CqPDaGaEo=
-58,12,/uHhSsCkkz/tQvaXzpDiRq+4Ee8=,L2G+VMh9p+oAP1tVi4CqPDaGaEo=
-60,12,/uHhSsCkkz/tQvaXzpDiRq+4Ee8=,L2G+VMh9p+oAP1tVi4CqPDaGaEo=
-53,12,/uHhSsCkkz/tQvaXzpDiRq+4Ee8=,L2G+VMh9p+oAP1tVi4CqPDaGaEo=
-63,13,/uHhSsCkkz/tQvaXzpDiRq+4Ee8=,L2G+VMh9p+oAP1tVi4CqPDaGaEo=
-52,12,/uHhSsCkkz/tQvaXzpDiRq+4Ee8=,L2G+VMh9p+oAP1tVi4CqPDaGaEo=
-61,12,/uHhSsCkkz/tQvaXzpDiRq+4Ee8=,L2G+VMh9p+oAP1tVi4CqPDaGaEo=
-53,13,/uHhSsCkkz/tQvaXzpDiRq+4Ee8=,L2G+VMh9p+oAP1tVi4CqPDaGaEo=
-52,11,/uHhSsCkkz/tQvaXzpDiRq+4Ee8=,L2G+VMh9p+oAP1tVi4CqPDaGaEo=
-55,13,/uHhSsCkkz/tQvaXzpDiRq+4Ee8=,L2G+VMh9p+oAP1tVi4CqPDaGaEo=
-50,11,/uHhSsCkkz/tQvaXzpDiRq+4Ee8=,L2G+VMh9p+oAP1tVi4CqPDaGaEo=
-55,1,/uHhSsCkkz/tQvaXzpDiRq+4Ee8=,L2G+VMh9p+oAP1tVi4CqPDaGaEo=
-56,12,/uHhSsCkkz/tQvaXzpDiRq+4Ee8=,L2G+VMh9p+oAP1tVi4CqPDaGaEo=
-64,14,/uHhSsCkkz/tQvaXzpDiRq+4Ee8=,L2G+VMh9p+oAP1tVi4CqPDaGaEo=
-58,13,/uHhSsCkkz/tQvaXzpDiRq+4Ee8=,L2G+VMh9p+oAP1tVi4CqPDaGaEo=
-63,12,/uHhSsCkkz/tQvaXzpDiRq+4Ee8=,L2G+VMh9p+oAP1tVi4CqPDaGaEo=
-51,11,/uHhSsCkkz/tQvaXzpDiRq+4Ee8=,L2G+VMh9p+oAP1tVi4CqPDaGaEo=
-53,11,/uHhSsCkkz/tQvaXzpDiRq+4Ee8=,L2G+VMh9p+oAP1tVi4CqPDaGaEo=
-49,11,/uHhSsCkkz/tQvaXzpDiRq+4Ee8=,L2G+VMh9p+oAP1tVi4CqPDaGaEo=
-59,11,/uHhSsCkkz/tQvaXzpDiRq+4Ee8=,L2G+VMh9p+oAP1tVi4CqPDaGaEo=
-57,12,/uHhSsCkkz/tQvaXzpDiRq+4Ee8=,L2G+VMh9p+oAP1tVi4CqPDaGaEo=
-59,12,/uHhSsCkkz/tQvaXzpDiRq+4Ee8=,L2G+VMh9p+oAP1tVi4CqPDaGaEo=
-52,10,/uHhSsCkkz/tQvaXzpDiRq+4Ee8=,L2G+VMh9p+oAP1tVi4CqPDaGaEo=
-61,11,/uHhSsCkkz/tQvaXzpDiRq+4Ee8=,L2G+VMh9p+oAP1tVi4CqPDaGaEo=
-64,15,/uHhSsCkkz/tQvaXzpDiRq+4Ee8=,L2G+VMh9p+oAP1tVi4CqPDaGaEo=
-60,11,/uHhSsCkkz/tQvaXzpDiRq+4Ee8=,L2G+VMh9p+oAP1tVi4CqPDaGaEo=
-51,10,/uHhSsCkkz/tQvaXzpDiRq+4Ee8=,L2G+VMh9p+oAP1tVi4CqPDaGaEo=
-55,11,/uHhSsCkkz/tQvaXzpDiRq+4Ee8=,L2G+VMh9p+oAP1tVi4CqPDaGaEo=
-56,1,/uHhSsCkkz/tQvaXzpDiRq+4Ee8=,L2G+VMh9p+oAP1tVi4CqPDaGaEo=
-56,11,/uHhSsCkkz/tQvaXzpDiRq+4Ee8=,L2G+VMh9p+oAP1tVi4CqPDaGaEo=
-57,11,/uHhSsCkkz/tQvaXzpDiRq+4Ee8=,L2G+VMh9p+oAP1tVi4CqPDaGaEo=
-57,10,/uHhSsCkkz/tQvaXzpDiRq+4Ee8=,L2G+VMh9p+oAP1tVi4CqPDaGaEo=
-53,10,/uHhSsCkkz/tQvaXzpDiRq+4Ee8=,L2G+VMh9p+oAP1tVi4CqPDaGaEo=
-50,10,/uHhSsCkkz/tQvaXzpDiRq+4Ee8=,L2G+VMh9p+oAP1tVi4CqPDaGaEo=
-63,11,/uHhSsCkkz/tQvaXzpDiRq+4Ee8=,L2G+VMh9p+oAP1tVi4CqPDaGaEo=
-58,10,/uHhSsCkkz/tQvaXzpDiRq+4Ee8=,L2G+VMh9p+oAP1tVi4CqPDaGaEo=
-59,10,/uHhSsCkkz/tQvaXzpDiRq+4Ee8=,L2G+VMh9p+oAP1tVi4CqPDaGaEo=
-62,10,/uHhSsCkkz/tQvaXzpDiRq+4Ee8=,L2G+VMh9p+oAP1tVi4CqPDaGaEo=
-64,12,/uHhSsCkkz/tQvaXzpDiRq+4Ee8=,L2G+VMh9p+oAP1tVi4CqPDaGaEo=
-57,1,/uHhSsCkkz/tQvaXzpDiRq+4Ee8=,L2G+VMh9p+oAP1tVi4CqPDaGaEo=
-49,9,/uHhSsCkkz/tQvaXzpDiRq+4Ee8=,L2G+VMh9p+oAP1tVi4CqPDaGaEo=
-58,11,/uHhSsCkkz/tQvaXzpDiRq+4Ee8=,L2G+VMh9p+oAP1tVi4CqPDaGaEo=
-54,10,/uHhSsCkkz/tQvaXzpDiRq+4Ee8=,L2G+VMh9p+oAP1tVi4CqPDaGaEo=
-52,9,/uHhSsCkkz/tQvaXzpDiRq+4Ee8=,L2G+VMh9p+oAP1tVi4CqPDaGaEo=
-56,10,/uHhSsCkkz/tQvaXzpDiRq+4Ee8=,L2G+VMh9p+oAP1tVi4CqPDaGaEo=
-53,9,/uHhSsCkkz/tQvaXzpDiRq+4Ee8=,L2G+VMh9p+oAP1tVi4CqPDaGaEo=
-61,10,/uHhSsCkkz/tQvaXzpDiRq+4Ee8=,L2G+VMh9p+oAP1tVi4CqPDaGaEo=
-55,9,/uHhSsCkkz/tQvaXzpDiRq+4Ee8=,L2G+VMh9p+oAP1tVi4CqPDaGaEo=
-62,11,/uHhSsCkkz/tQvaXzpDiRq+4Ee8=,L2G+VMh9p+oAP1tVi4CqPDaGaEo=
-57,9,/uHhSsCkkz/tQvaXzpDiRq+4Ee8=,L2G+VMh9p+oAP1tVi4CqPDaGaEo=
-54,11,/uHhSsCkkz/tQvaXzpDiRq+4Ee8=,L2G+VMh9p+oAP1tVi4CqPDaGaEo=
-63,10,/uHhSsCkkz/tQvaXzpDiRq+4Ee8=,L2G+VMh9p+oAP1tVi4CqPDaGaEo=
-58,9,/uHhSsCkkz/tQvaXzpDiRq+4Ee8=,L2G+VMh9p+oAP1tVi4CqPDaGaEo=
-49,10,/uHhSsCkkz/tQvaXzpDiRq+4Ee8=,L2G+VMh9p+oAP1tVi4CqPDaGaEo=
-60,9,/uHhSsCkkz/tQvaXzpDiRq+4Ee8=,L2G+VMh9p+oAP1tVi4CqPDaGaEo=
-50,9,/uHhSsCkkz/tQvaXzpDiRq+4Ee8=,L2G+VMh9p+oAP1tVi4CqPDaGaEo=
-60,10,/uHhSsCkkz/tQvaXzpDiRq+4Ee8=,L2G+VMh9p+oAP1tVi4CqPDaGaEo=
-58,1,/uHhSsCkkz/tQvaXzpDiRq+4Ee8=,L2G+VMh9p+oAP1tVi4CqPDaGaEo=
-61,4,/uHhSsCkkz/tQvaXzpDiRq+4Ee8=,L2G+VMh9p+oAP1tVi4CqPDaGaEo=
-64,10,/uHhSsCkkz/tQvaXzpDiRq+4Ee8=,L2G+VMh9p+oAP1tVi4CqPDaGaEo=
-54,9,/uHhSsCkkz/tQvaXzpDiRq+4Ee8=,L2G+VMh9p+oAP1tVi4CqPDaGaEo=
-56,9,/uHhSsCkkz/tQvaXzpDiRq+4Ee8=,L2G+VMh9p+oAP1tVi4CqPDaGaEo=
-64,13,/uHhSsCkkz/tQvaXzpDiRq+4Ee8=,L2G+VMh9p+oAP1tVi4CqPDaGaEo=
-51,8,/uHhSsCkkz/tQvaXzpDiRq+4Ee8=,L2G+VMh9p+oAP1tVi4CqPDaGaEo=
-53,8,/uHhSsCkkz/tQvaXzpDiRq+4Ee8=,L2G+VMh9p+oAP1tVi4CqPDaGaEo=
-51,9,/uHhSsCkkz/tQvaXzpDiRq+4Ee8=,L2G+VMh9p+oAP1tVi4CqPDaGaEo=
-56,8,/uHhSsCkkz/tQvaXzpDiRq+4Ee8=,L2G+VMh9p+oAP1tVi4CqPDaGaEo=
-59,9,/uHhSsCkkz/tQvaXzpDiRq+4Ee8=,L2G+VMh9p+oAP1tVi4CqPDaGaEo=
-57,8,/uHhSsCkkz/tQvaXzpDiRq+4Ee8=,L2G+VMh9p+oAP1tVi4CqPDaGaEo=
-62,9,/uHhSsCkkz/tQvaXzpDiRq+4Ee8=,L2G+VMh9p+oAP1tVi4CqPDaGaEo=
-63,9,/uHhSsCkkz/tQvaXzpDiRq+4Ee8=,L2G+VMh9p+oAP1tVi4CqPDaGaEo=
-60,8,/uHhSsCkkz/tQvaXzpDiRq+4Ee8=,L2G+VMh9p+oAP1tVi4CqPDaGaEo=
-49,8,/uHhSsCkkz/tQvaXzpDiRq+4Ee8=,L2G+VMh9p+oAP1tVi4CqPDaGaEo=
-59,1,/uHhSsCkkz/tQvaXzpDiRq+4Ee8=,L2G+VMh9p+oAP1tVi4CqPDaGaEo=
-62,8,/uHhSsCkkz/tQvaXzpDiRq+4Ee8=,L2G+VMh9p+oAP1tVi4CqPDaGaEo=
-64,9,/uHhSsCkkz/tQvaXzpDiRq+4Ee8=,L2G+VMh9p+oAP1tVi4CqPDaGaEo=
-52,8,/uHhSsCkkz/tQvaXzpDiRq+4Ee8=,L2G+VMh9p+oAP1tVi4CqPDaGaEo=
-51,7,/uHhSsCkkz/tQvaXzpDiRq+4Ee8=,L2G+VMh9p+oAP1tVi4CqPDaGaEo=
-49,7,/uHhSsCkkz/tQvaXzpDiRq+4Ee8=,L2G+VMh9p+oAP1tVi4CqPDaGaEo=
-58,8,/uHhSsCkkz/tQvaXzpDiRq+4Ee8=,L2G+VMh9p+oAP1tVi4CqPDaGaEo=
-61,9,/uHhSsCkkz/tQvaXzpDiRq+4Ee8=,L2G+VMh9p+oAP1tVi4CqPDaGaEo=
-53,7,/uHhSsCkkz/tQvaXzpDiRq+4Ee8=,L2G+VMh9p+oAP1tVi4CqPDaGaEo=
-61,8,/uHhSsCkkz/tQvaXzpDiRq+4Ee8=,L2G+VMh9p+oAP1tVi4CqPDaGaEo=
-58,7,/uHhSsCkkz/tQvaXzpDiRq+4Ee8=,L2G+VMh9p+oAP1tVi4CqPDaGaEo=
-57,7,/uHhSsCkkz/tQvaXzpDiRq+4Ee8=,L2G+VMh9p+oAP1tVi4CqPDaGaEo=
-50,7,/uHhSsCkkz/tQvaXzpDiRq+4Ee8=,L2G+VMh9p+oAP1tVi4CqPDaGaEo=
-63,8,/uHhSsCkkz/tQvaXzpDiRq+4Ee8=,L2G+VMh9p+oAP1tVi4CqPDaGaEo=
-50,8,/uHhSsCkkz/tQvaXzpDiRq+4Ee8=,L2G+VMh9p+oAP1tVi4CqPDaGaEo=
-54,6,/uHhSsCkkz/tQvaXzpDiRq+4Ee8=,L2G+VMh9p+oAP1tVi4CqPDaGaEo=
-60,7,/uHhSsCkkz/tQvaXzpDiRq+4Ee8=,L2G+VMh9p+oAP1tVi4CqPDaGaEo=
-59,8,/uHhSsCkkz/tQvaXzpDiRq+4Ee8=,L2G+VMh9p+oAP1tVi4CqPDaGaEo=
-60,1,/uHhSsCkkz/tQvaXzpDiRq+4Ee8=,L2G+VMh9p+oAP1tVi4CqPDaGaEo=
-61,7,/uHhSsCkkz/tQvaXzpDiRq+4Ee8=,L2G+VMh9p+oAP1tVi4CqPDaGaEo=
-62,7,/uHhSsCkkz/tQvaXzpDiRq+4Ee8=,L2G+VMh9p+oAP1tVi4CqPDaGaEo=
-55,8,/uHhSsCkkz/tQvaXzpDiRq+4Ee8=,L2G+VMh9p+oAP1tVi4CqPDaGaEo=
-56,7,/uHhSsCkkz/tQvaXzpDiRq+4Ee8=,L2G+VMh9p+oAP1tVi4CqPDaGaEo=
-49,6,/uHhSsCkkz/tQvaXzpDiRq+4Ee8=,L2G+VMh9p+oAP1tVi4CqPDaGaEo=
-55,7,/uHhSsCkkz/tQvaXzpDiRq+4Ee8=,L2G+VMh9p+oAP1tVi4CqPDaGaEo=
-64,6,/uHhSsCkkz/tQvaXzpDiRq+4Ee8=,L2G+VMh9p+oAP1tVi4CqPDaGaEo=
-51,6,/uHhSsCkkz/tQvaXzpDiRq+4Ee8=,L2G+VMh9p+oAP1tVi4CqPDaGaEo=
-59,7,/uHhSsCkkz/tQvaXzpDiRq+4Ee8=,L2G+VMh9p+oAP1tVi4CqPDaGaEo=
-52,5,/uHhSsCkkz/tQvaXzpDiRq+4Ee8=,L2G+VMh9p+oAP1tVi4CqPDaGaEo=
-52,7,/uHhSsCkkz/tQvaXzpDiRq+4Ee8=,L2G+VMh9p+oAP1tVi4CqPDaGaEo=
-59,6,/uHhSsCkkz/tQvaXzpDiRq+4Ee8=,L2G+VMh9p+oAP1tVi4CqPDaGaEo=
-61,1,/uHhSsCkkz/tQvaXzpDiRq+4Ee8=,L2G+VMh9p+oAP1tVi4CqPDaGaEo=
-56,6,/uHhSsCkkz/tQvaXzpDiRq+4Ee8=,L2G+VMh9p+oAP1tVi4CqPDaGaEo=
-53,5,/uHhSsCkkz/tQvaXzpDiRq+4Ee8=,L2G+VMh9p+oAP1tVi4CqPDaGaEo=
-54,5,/uHhSsCkkz/tQvaXzpDiRq+4Ee8=,L2G+VMh9p+oAP1tVi4CqPDaGaEo=
-58,6,/uHhSsCkkz/tQvaXzpDiRq+4Ee8=,L2G+VMh9p+oAP1tVi4CqPDaGaEo=
-55,5,/uHhSsCkkz/tQvaXzpDiRq+4Ee8=,L2G+VMh9p+oAP1tVi4CqPDaGaEo=
-54,8,/uHhSsCkkz/tQvaXzpDiRq+4Ee8=,L2G+VMh9p+oAP1tVi4CqPDaGaEo=
-63,7,/uHhSsCkkz/tQvaXzpDiRq+4Ee8=,L2G+VMh9p+oAP1tVi4CqPDaGaEo=
-60,4,/uHhSsCkkz/tQvaXzpDiRq+4Ee8=,L2G+VMh9p+oAP1tVi4CqPDaGaEo=
-50,5,/uHhSsCkkz/tQvaXzpDiRq+4Ee8=,L2G+VMh9p+oAP1tVi4CqPDaGaEo=
-50,6,/uHhSsCkkz/tQvaXzpDiRq+4Ee8=,L2G+VMh9p+oAP1tVi4CqPDaGaEo=
-52,6,/uHhSsCkkz/tQvaXzpDiRq+4Ee8=,L2G+VMh9p+oAP1tVi4CqPDaGaEo=
-63,5,/uHhSsCkkz/tQvaXzpDiRq+4Ee8=,L2G+VMh9p+oAP1tVi4CqPDaGaEo=
-64,5,/uHhSsCkkz/tQvaXzpDiRq+4Ee8=,L2G+VMh9p+oAP1tVi4CqPDaGaEo=
-51,4,/uHhSsCkkz/tQvaXzpDiRq+4Ee8=,L2G+VMh9p+oAP1tVi4CqPDaGaEo=
-52,4,/uHhSsCkkz/tQvaXzpDiRq+4Ee8=,L2G+VMh9p+oAP1tVi4CqPDaGaEo=
-57,6,/uHhSsCkkz/tQvaXzpDiRq+4Ee8=,L2G+VMh9p+oAP1tVi4CqPDaGaEo=
-58,5,/uHhSsCkkz/tQvaXzpDiRq+4Ee8=,L2G+VMh9p+oAP1tVi4CqPDaGaEo=
-62,1,/uHhSsCkkz/tQvaXzpDiRq+4Ee8=,L2G+VMh9p+oAP1tVi4CqPDaGaEo=
-53,4,/uHhSsCkkz/tQvaXzpDiRq+4Ee8=,L2G+VMh9p+oAP1tVi4CqPDaGaEo=
-54,4,/uHhSsCkkz/tQvaXzpDiRq+4Ee8=,L2G+VMh9p+oAP1tVi4CqPDaGaEo=
-55,4,/uHhSsCkkz/tQvaXzpDiRq+4Ee8=,L2G+VMh9p+oAP1tVi4CqPDaGaEo=
-56,4,/uHhSsCkkz/tQvaXzpDiRq+4Ee8=,L2G+VMh9p+oAP1tVi4CqPDaGaEo=
-60,5,/uHhSsCkkz/tQvaXzpDiRq+4Ee8=,L2G+VMh9p+oAP1tVi4CqPDaGaEo=
-57,4,/uHhSsCkkz/tQvaXzpDiRq+4Ee8=,L2G+VMh9p+oAP1tVi4CqPDaGaEo=
-62,6,/uHhSsCkkz/tQvaXzpDiRq+4Ee8=,L2G+VMh9p+oAP1tVi4CqPDaGaEo=
-49,5,/uHhSsCkkz/tQvaXzpDiRq+4Ee8=,L2G+VMh9p+oAP1tVi4CqPDaGaEo=
-64,11,/uHhSsCkkz/tQvaXzpDiRq+4Ee8=,L2G+VMh9p+oAP1tVi4CqPDaGaEo=
-60,6,/uHhSsCkkz/tQvaXzpDiRq+4Ee8=,L2G+VMh9p+oAP1tVi4CqPDaGaEo=
-61,6,/uHhSsCkkz/tQvaXzpDiRq+4Ee8=,L2G+VMh9p+oAP1tVi4CqPDaGaEo=
-54,7,/uHhSsCkkz/tQvaXzpDiRq+4Ee8=,L2G+VMh9p+oAP1tVi4CqPDaGaEo=
-57,5,/uHhSsCkkz/tQvaXzpDiRq+4Ee8=,L2G+VMh9p+oAP1tVi4CqPDaGaEo=
-49,4,/uHhSsCkkz/tQvaXzpDiRq+4Ee8=,L2G+VMh9p+oAP1tVi4CqPDaGaEo=
-63,6,/uHhSsCkkz/tQvaXzpDiRq+4Ee8=,L2G+VMh9p+oAP1tVi4CqPDaGaEo=
-59,5,/uHhSsCkkz/tQvaXzpDiRq+4Ee8=,L2G+VMh9p+oAP1tVi4CqPDaGaEo=
-64,8,/uHhSsCkkz/tQvaXzpDiRq+4Ee8=,L2G+VMh9p+oAP1tVi4CqPDaGaEo=
-61,5,/uHhSsCkkz/tQvaXzpDiRq+4Ee8=,L2G+VMh9p+oAP1tVi4CqPDaGaEo=
-58,4,/uHhSsCkkz/tQvaXzpDiRq+4Ee8=,L2G+VMh9p+oAP1tVi4CqPDaGaEo=
-59,4,/uHhSsCkkz/tQvaXzpDiRq+4Ee8=,L2G+VMh9p+oAP1tVi4CqPDaGaEo=
-50,4,/uHhSsCkkz/tQvaXzpDiRq+4Ee8=,L2G+VMh9p+oAP1tVi4CqPDaGaEo=
-51,5,/uHhSsCkkz/tQvaXzpDiRq+4Ee8=,L2G+VMh9p+oAP1tVi4CqPDaGaEo=
-64,7,/uHhSsCkkz/tQvaXzpDiRq+4Ee8=,L2G+VMh9p+oAP1tVi4CqPDaGaEo=
-53,6,/uHhSsCkkz/tQvaXzpDiRq+4Ee8=,L2G+VMh9p+oAP1tVi4CqPDaGaEo=
-56,5,/uHhSsCkkz/tQvaXzpDiRq+4Ee8=,L2G+VMh9p+oAP1tVi4CqPDaGaEo=
-62,5,/uHhSsCkkz/tQvaXzpDiRq+4Ee8=,L2G+VMh9p+oAP1tVi4CqPDaGaEo=
-55,6,/uHhSsCkkz/tQvaXzpDiRq+4Ee8=,L2G+VMh9p+oAP1tVi4CqPDaGaEo=
-55,10,/uHhSsCkkz/tQvaXzpDiRq+4Ee8=,L2G+VMh9p+oAP1tVi4CqPDaGaEo=
-33,15,sbTsNqFr95s93zT0F7u58WGaWHg=,L2G+VMh9p+oAP1tVi4CqPDaGaEo=
-37,15,sbTsNqFr95s93zT0F7u58WGaWHg=,L2G+VMh9p+oAP1tVi4CqPDaGaEo=
-36,15,sbTsNqFr95s93zT0F7u58WGaWHg=,L2G+VMh9p+oAP1tVi4CqPDaGaEo=
-48,1,sbTsNqFr95s93zT0F7u58WGaWHg=,L2G+VMh9p+oAP1tVi4CqPDaGaEo=
-33,0,sbTsNqFr95s93zT0F7u58WGaWHg=,L2G+VMh9p+oAP1tVi4CqPDaGaEo=
-48,0,sbTsNqFr95s93zT0F7u58WGaWHg=,L2G+VMh9p+oAP1tVi4CqPDaGaEo=
-47,1,sbTsNqFr95s93zT0F7u58WGaWHg=,L2G+VMh9p+oAP1tVi4CqPDaGaEo=
-46,1,sbTsNqFr95s93zT0F7u58WGaWHg=,L2G+VMh9p+oAP1tVi4CqPDaGaEo=
-45,1,sbTsNqFr95s93zT0F7u58WGaWHg=,L2G+VMh9p+oAP1tVi4CqPDaGaEo=
-34,15,sbTsNqFr95s93zT0F7u58WGaWHg=,L2G+VMh9p+oAP1tVi4CqPDaGaEo=
-41,15,sbTsNqFr95s93zT0F7u58WGaWHg=,L2G+VMh9p+oAP1tVi4CqPDaGaEo=
-35,15,sbTsNqFr95s93zT0F7u58WGaWHg=,L2G+VMh9p+oAP1tVi4CqPDaGaEo=
-39,15,sbTsNqFr95s93zT0F7u58WGaWHg=,L2G+VMh9p+oAP1tVi4CqPDaGaEo=
-38,15,sbTsNqFr95s93zT0F7u58WGaWHg=,L2G+VMh9p+oAP1tVi4CqPDaGaEo=
-40,15,sbTsNqFr95s93zT0F7u58WGaWHg=,L2G+VMh9p+oAP1tVi4CqPDaGaEo=
-46,15,sbTsNqFr95s93zT0F7u58WGaWHg=,L2G+VMh9p+oAP1tVi4CqPDaGaEo=
-42,15,sbTsNqFr95s93zT0F7u58WGaWHg=,L2G+VMh9p+oAP1tVi4CqPDaGaEo=
-43,15,sbTsNqFr95s93zT0F7u58WGaWHg=,L2G+VMh9p+oAP1tVi4CqPDaGaEo=
-33,14,sbTsNqFr95s93zT0F7u58WGaWHg=,L2G+VMh9p+oAP1tVi4CqPDaGaEo=
-34,14,sbTsNqFr95s93zT0F7u58WGaWHg=,L2G+VMh9p+oAP1tVi4CqPDaGaEo=
-37,14,sbTsNqFr95s93zT0F7u58WGaWHg=,L2G+VMh9p+oAP1tVi4CqPDaGaEo=
-35,14,sbTsNqFr95s93zT0F7u58WGaWHg=,L2G+VMh9p+oAP1tVi4CqPDaGaEo=
-48,15,sbTsNqFr95s93zT0F7u58WGaWHg=,L2G+VMh9p+oAP1tVi4CqPDaGaEo=
-39,14,sbTsNqFr95s93zT0F7u58WGaWHg=,L2G+VMh9p+oAP1tVi4CqPDaGaEo=
-40,14,sbTsNqFr95s93zT0F7u58WGaWHg=,L2G+VMh9p+oAP1tVi4CqPDaGaEo=
-43,14,sbTsNqFr95s93zT0F7u58WGaWHg=,L2G+VMh9p+oAP1tVi4CqPDaGaEo=
-41,14,sbTsNqFr95s93zT0F7u58WGaWHg=,L2G+VMh9p+oAP1tVi4CqPDaGaEo=
-47,15,sbTsNqFr95s93zT0F7u58WGaWHg=,L2G+VMh9p+oAP1tVi4CqPDaGaEo=
-34,0,sbTsNqFr95s93zT0F7u58WGaWHg=,L2G+VMh9p+oAP1tVi4CqPDaGaEo=
-47,14,sbTsNqFr95s93zT0F7u58WGaWHg=,L2G+VMh9p+oAP1tVi4CqPDaGaEo=
-36,14,sbTsNqFr95s93zT0F7u58WGaWHg=,L2G+VMh9p+oAP1tVi4CqPDaGaEo=
-38,14,sbTsNqFr95s93zT0F7u58WGaWHg=,L2G+VMh9p+oAP1tVi4CqPDaGaEo=
-46,14,sbTsNqFr95s93zT0F7u58WGaWHg=,L2G+VMh9p+oAP1tVi4CqPDaGaEo=
-36,13,sbTsNqFr95s93zT0F7u58WGaWHg=,L2G+VMh9p+oAP1tVi4CqPDaGaEo=
-42,14,sbTsNqFr95s93zT0F7u58WGaWHg=,L2G+VMh9p+oAP1tVi4CqPDaGaEo=
-48,14,sbTsNqFr95s93zT0F7u58WGaWHg=,L2G+VMh9p+oAP1tVi4CqPDaGaEo=
-37,13,sbTsNqFr95s93zT0F7u58WGaWHg=,L2G+VMh9p+oAP1tVi4CqPDaGaEo=
-35,13,sbTsNqFr95s93zT0F7u58WGaWHg=,L2G+VMh9p+oAP1tVi4CqPDaGaEo=
-44,15,sbTsNqFr95s93zT0F7u58WGaWHg=,L2G+VMh9p+oAP1tVi4CqPDaGaEo=
-39,13,sbTsNqFr95s93zT0F7u58WGaWHg=,L2G+VMh9p+oAP1tVi4CqPDaGaEo=
-43,13,sbTsNqFr95s93zT0F7u58WGaWHg=,L2G+VMh9p+oAP1tVi4CqPDaGaEo=
-33,13,sbTsNqFr95s93zT0F7u58WGaWHg=,L2G+VMh9p+oAP1tVi4CqPDaGaEo=
-34,13,sbTsNqFr95s93zT0F7u58WGaWHg=,L2G+VMh9p+oAP1tVi4CqPDaGaEo=
-42,13,sbTsNqFr95s93zT0F7u58WGaWHg=,L2G+VMh9p+oAP1tVi4CqPDaGaEo=
-46,13,sbTsNqFr95s93zT0F7u58WGaWHg=,L2G+VMh9p+oAP1tVi4CqPDaGaEo=
-40,13,sbTsNqFr95s93zT0F7u58WGaWHg=,L2G+VMh9p+oAP1tVi4CqPDaGaEo=
-38,13,sbTsNqFr95s93zT0F7u58WGaWHg=,L2G+VMh9p+oAP1tVi4CqPDaGaEo=
-34,12,sbTsNqFr95s93zT0F7u58WGaWHg=,L2G+VMh9p+oAP1tVi4CqPDaGaEo=
-44,1,sbTsNqFr95s93zT0F7u58WGaWHg=,L2G+VMh9p+oAP1tVi4CqPDaGaEo=
-37,12,sbTsNqFr95s93zT0F7u58WGaWHg=,L2G+VMh9p+oAP1tVi4CqPDaGaEo=
-41,13,sbTsNqFr95s93zT0F7u58WGaWHg=,L2G+VMh9p+oAP1tVi4CqPDaGaEo=
-39,12,sbTsNqFr95s93zT0F7u58WGaWHg=,L2G+VMh9p+oAP1tVi4CqPDaGaEo=
-35,12,sbTsNqFr95s93zT0F7u58WGaWHg=,L2G+VMh9p+oAP1tVi4CqPDaGaEo=
-33,12,sbTsNqFr95s93zT0F7u58WGaWHg=,L2G+VMh9p+oAP1tVi4CqPDaGaEo=
-36,12,sbTsNqFr95s93zT0F7u58WGaWHg=,L2G+VMh9p+oAP1tVi4CqPDaGaEo=
-44,13,sbTsNqFr95s93zT0F7u58WGaWHg=,L2G+VMh9p+oAP1tVi4CqPDaGaEo=
-48,13,sbTsNqFr95s93zT0F7u58WGaWHg=,L2G+VMh9p+oAP1tVi4CqPDaGaEo=
-38,12,sbTsNqFr95s93zT0F7u58WGaWHg=,L2G+VMh9p+oAP1tVi4CqPDaGaEo=
-48,12,sbTsNqFr95s93zT0F7u58WGaWHg=,L2G+VMh9p+oAP1tVi4CqPDaGaEo=
-42,12,sbTsNqFr95s93zT0F7u58WGaWHg=,L2G+VMh9p+oAP1tVi4CqPDaGaEo=
-43,12,sbTsNqFr95s93zT0F7u58WGaWHg=,L2G+VMh9p+oAP1tVi4CqPDaGaEo=
-47,13,sbTsNqFr95s93zT0F7u58WGaWHg=,L2G+VMh9p+oAP1tVi4CqPDaGaEo=
-43,1,sbTsNqFr95s93zT0F7u58WGaWHg=,L2G+VMh9p+oAP1tVi4CqPDaGaEo=
-46,12,sbTsNqFr95s93zT0F7u58WGaWHg=,L2G+VMh9p+oAP1tVi4CqPDaGaEo=
-33,11,sbTsNqFr95s93zT0F7u58WGaWHg=,L2G+VMh9p+oAP1tVi4CqPDaGaEo=
-35,11,sbTsNqFr95s93zT0F7u58WGaWHg=,L2G+VMh9p+oAP1tVi4CqPDaGaEo=
-34,11,sbTsNqFr95s93zT0F7u58WGaWHg=,L2G+VMh9p+oAP1tVi4CqPDaGaEo=
-35,0,sbTsNqFr95s93zT0F7u58WGaWHg=,L2G+VMh9p+oAP1tVi4CqPDaGaEo=
-41,11,sbTsNqFr95s93zT0F7u58WGaWHg=,L2G+VMh9p+oAP1tVi4CqPDaGaEo=
-41,12,sbTsNqFr95s93zT0F7u58WGaWHg=,L2G+VMh9p+oAP1tVi4CqPDaGaEo=
-36,11,sbTsNqFr95s93zT0F7u58WGaWHg=,L2G+VMh9p+oAP1tVi4CqPDaGaEo=
-37,11,sbTsNqFr95s93zT0F7u58WGaWHg=,L2G+VMh9p+oAP1tVi4CqPDaGaEo=
-38,11,sbTsNqFr95s93zT0F7u58WGaWHg=,L2G+VMh9p+oAP1tVi4CqPDaGaEo=
-44,14,sbTsNqFr95s93zT0F7u58WGaWHg=,L2G+VMh9p+oAP1tVi4CqPDaGaEo=
-40,12,sbTsNqFr95s93zT0F7u58WGaWHg=,L2G+VMh9p+oAP1tVi4CqPDaGaEo=
-33,10,sbTsNqFr95s93zT0F7u58WGaWHg=,L2G+VMh9p+oAP1tVi4CqPDaGaEo=
-48,11,sbTsNqFr95s93zT0F7u58WGaWHg=,L2G+VMh9p+oAP1tVi4CqPDaGaEo=
-42,1,sbTsNqFr95s93zT0F7u58WGaWHg=,L2G+VMh9p+oAP1tVi4CqPDaGaEo=
-44,11,sbTsNqFr95s93zT0F7u58WGaWHg=,L2G+VMh9p+oAP1tVi4CqPDaGaEo=
-43,11,sbTsNqFr95s93zT0F7u58WGaWHg=,L2G+VMh9p+oAP1tVi4CqPDaGaEo=
-34,10,sbTsNqFr95s93zT0F7u58WGaWHg=,L2G+VMh9p+oAP1tVi4CqPDaGaEo=
-42,11,sbTsNqFr95s93zT0F7u58WGaWHg=,L2G+VMh9p+oAP1tVi4CqPDaGaEo=
-36,10,sbTsNqFr95s93zT0F7u58WGaWHg=,L2G+VMh9p+oAP1tVi4CqPDaGaEo=
-39,11,sbTsNqFr95s93zT0F7u58WGaWHg=,L2G+VMh9p+oAP1tVi4CqPDaGaEo=
-40,10,sbTsNqFr95s93zT0F7u58WGaWHg=,L2G+VMh9p+oAP1tVi4CqPDaGaEo=
-41,10,sbTsNqFr95s93zT0F7u58WGaWHg=,L2G+VMh9p+oAP1tVi4CqPDaGaEo=
-37,10,sbTsNqFr95s93zT0F7u58WGaWHg=,L2G+VMh9p+oAP1tVi4CqPDaGaEo=
-43,10,sbTsNqFr95s93zT0F7u58WGaWHg=,L2G+VMh9p+oAP1tVi4CqPDaGaEo=
-48,10,sbTsNqFr95s93zT0F7u58WGaWHg=,L2G+VMh9p+oAP1tVi4CqPDaGaEo=
-44,10,sbTsNqFr95s93zT0F7u58WGaWHg=,L2G+VMh9p+oAP1tVi4CqPDaGaEo=
-40,11,sbTsNqFr95s93zT0F7u58WGaWHg=,L2G+VMh9p+oAP1tVi4CqPDaGaEo=
-35,10,sbTsNqFr95s93zT0F7u58WGaWHg=,L2G+VMh9p+oAP1tVi4CqPDaGaEo=
-38,0,sbTsNqFr95s93zT0F7u58WGaWHg=,L2G+VMh9p+oAP1tVi4CqPDaGaEo=
-41,1,sbTsNqFr95s93zT0F7u58WGaWHg=,L2G+VMh9p+oAP1tVi4CqPDaGaEo=
-46,10,sbTsNqFr95s93zT0F7u58WGaWHg=,L2G+VMh9p+oAP1tVi4CqPDaGaEo=
-42,10,sbTsNqFr95s93zT0F7u58WGaWHg=,L2G+VMh9p+oAP1tVi4CqPDaGaEo=
-39,10,sbTsNqFr95s93zT0F7u58WGaWHg=,L2G+VMh9p+oAP1tVi4CqPDaGaEo=
-37,0,sbTsNqFr95s93zT0F7u58WGaWHg=,L2G+VMh9p+oAP1tVi4CqPDaGaEo=
-38,10,sbTsNqFr95s93zT0F7u58WGaWHg=,L2G+VMh9p+oAP1tVi4CqPDaGaEo=
-36,9,sbTsNqFr95s93zT0F7u58WGaWHg=,L2G+VMh9p+oAP1tVi4CqPDaGaEo=
-47,11,sbTsNqFr95s93zT0F7u58WGaWHg=,L2G+VMh9p+oAP1tVi4CqPDaGaEo=
-39,9,sbTsNqFr95s93zT0F7u58WGaWHg=,L2G+VMh9p+oAP1tVi4CqPDaGaEo=
-47,10,sbTsNqFr95s93zT0F7u58WGaWHg=,L2G+VMh9p+oAP1tVi4CqPDaGaEo=
-38,9,sbTsNqFr95s93zT0F7u58WGaWHg=,L2G+VMh9p+oAP1tVi4CqPDaGaEo=
-34,9,sbTsNqFr95s93zT0F7u58WGaWHg=,L2G+VMh9p+oAP1tVi4CqPDaGaEo=
-44,12,sbTsNqFr95s93zT0F7u58WGaWHg=,L2G+VMh9p+oAP1tVi4CqPDaGaEo=
-41,9,sbTsNqFr95s93zT0F7u58WGaWHg=,L2G+VMh9p+oAP1tVi4CqPDaGaEo=
-45,9,sbTsNqFr95s93zT0F7u58WGaWHg=,L2G+VMh9p+oAP1tVi4CqPDaGaEo=
-37,9,sbTsNqFr95s93zT0F7u58WGaWHg=,L2G+VMh9p+oAP1tVi4CqPDaGaEo=
-45,10,sbTsNqFr95s93zT0F7u58WGaWHg=,L2G+VMh9p+oAP1tVi4CqPDaGaEo=
-40,1,sbTsNqFr95s93zT0F7u58WGaWHg=,L2G+VMh9p+oAP1tVi4CqPDaGaEo=
-47,9,sbTsNqFr95s93zT0F7u58WGaWHg=,L2G+VMh9p+oAP1tVi4CqPDaGaEo=
-40,9,sbTsNqFr95s93zT0F7u58WGaWHg=,L2G+VMh9p+oAP1tVi4CqPDaGaEo=
-33,9,sbTsNqFr95s93zT0F7u58WGaWHg=,L2G+VMh9p+oAP1tVi4CqPDaGaEo=
-35,9,sbTsNqFr95s93zT0F7u58WGaWHg=,L2G+VMh9p+oAP1tVi4CqPDaGaEo=
-42,9,sbTsNqFr95s93zT0F7u58WGaWHg=,L2G+VMh9p+oAP1tVi4CqPDaGaEo=
-48,9,sbTsNqFr95s93zT0F7u58WGaWHg=,L2G+VMh9p+oAP1tVi4CqPDaGaEo=
-40,8,sbTsNqFr95s93zT0F7u58WGaWHg=,L2G+VMh9p+oAP1tVi4CqPDaGaEo=
-38,8,sbTsNqFr95s93zT0F7u58WGaWHg=,L2G+VMh9p+oAP1tVi4CqPDaGaEo=
-35,8,sbTsNqFr95s93zT0F7u58WGaWHg=,L2G+VMh9p+oAP1tVi4CqPDaGaEo=
-42,8,sbTsNqFr95s93zT0F7u58WGaWHg=,L2G+VMh9p+oAP1tVi4CqPDaGaEo=
-43,9,sbTsNqFr95s93zT0F7u58WGaWHg=,L2G+VMh9p+oAP1tVi4CqPDaGaEo=
-36,8,sbTsNqFr95s93zT0F7u58WGaWHg=,L2G+VMh9p+oAP1tVi4CqPDaGaEo=
-39,1,sbTsNqFr95s93zT0F7u58WGaWHg=,L2G+VMh9p+oAP1tVi4CqPDaGaEo=
-37,8,sbTsNqFr95s93zT0F7u58WGaWHg=,L2G+VMh9p+oAP1tVi4CqPDaGaEo=
-39,8,sbTsNqFr95s93zT0F7u58WGaWHg=,L2G+VMh9p+oAP1tVi4CqPDaGaEo=
-45,8,sbTsNqFr95s93zT0F7u58WGaWHg=,L2G+VMh9p+oAP1tVi4CqPDaGaEo=
-44,9,sbTsNqFr95s93zT0F7u58WGaWHg=,L2G+VMh9p+oAP1tVi4CqPDaGaEo=
-46,9,sbTsNqFr95s93zT0F7u58WGaWHg=,L2G+VMh9p+oAP1tVi4CqPDaGaEo=
-46,8,sbTsNqFr95s93zT0F7u58WGaWHg=,L2G+VMh9p+oAP1tVi4CqPDaGaEo=
-41,8,sbTsNqFr95s93zT0F7u58WGaWHg=,L2G+VMh9p+oAP1tVi4CqPDaGaEo=
-39,0,sbTsNqFr95s93zT0F7u58WGaWHg=,L2G+VMh9p+oAP1tVi4CqPDaGaEo=
-40,0,sbTsNqFr95s93zT0F7u58WGaWHg=,L2G+VMh9p+oAP1tVi4CqPDaGaEo=
-46,11,sbTsNqFr95s93zT0F7u58WGaWHg=,L2G+VMh9p+oAP1tVi4CqPDaGaEo=
-37,7,sbTsNqFr95s93zT0F7u58WGaWHg=,L2G+VMh9p+oAP1tVi4CqPDaGaEo=
-39,7,sbTsNqFr95s93zT0F7u58WGaWHg=,L2G+VMh9p+oAP1tVi4CqPDaGaEo=
-33,7,sbTsNqFr95s93zT0F7u58WGaWHg=,L2G+VMh9p+oAP1tVi4CqPDaGaEo=
-36,0,sbTsNqFr95s93zT0F7u58WGaWHg=,L2G+VMh9p+oAP1tVi4CqPDaGaEo=
-47,8,sbTsNqFr95s93zT0F7u58WGaWHg=,L2G+VMh9p+oAP1tVi4CqPDaGaEo=
-44,8,sbTsNqFr95s93zT0F7u58WGaWHg=,L2G+VMh9p+oAP1tVi4CqPDaGaEo=
-38,1,sbTsNqFr95s93zT0F7u58WGaWHg=,L2G+VMh9p+oAP1tVi4CqPDaGaEo=
-34,7,sbTsNqFr95s93zT0F7u58WGaWHg=,L2G+VMh9p+oAP1tVi4CqPDaGaEo=
-43,8,sbTsNqFr95s93zT0F7u58WGaWHg=,L2G+VMh9p+oAP1tVi4CqPDaGaEo=
-36,7,sbTsNqFr95s93zT0F7u58WGaWHg=,L2G+VMh9p+oAP1tVi4CqPDaGaEo=
-45,7,sbTsNqFr95s93zT0F7u58WGaWHg=,L2G+VMh9p+oAP1tVi4CqPDaGaEo=
-44,7,sbTsNqFr95s93zT0F7u58WGaWHg=,L2G+VMh9p+oAP1tVi4CqPDaGaEo=
-43,7,sbTsNqFr95s93zT0F7u58WGaWHg=,L2G+VMh9p+oAP1tVi4CqPDaGaEo=
-42,7,sbTsNqFr95s93zT0F7u58WGaWHg=,L2G+VMh9p+oAP1tVi4CqPDaGaEo=
-46,7,sbTsNqFr95s93zT0F7u58WGaWHg=,L2G+VMh9p+oAP1tVi4CqPDaGaEo=
-40,7,sbTsNqFr95s93zT0F7u58WGaWHg=,L2G+VMh9p+oAP1tVi4CqPDaGaEo=
-48,8,sbTsNqFr95s93zT0F7u58WGaWHg=,L2G+VMh9p+oAP1tVi4CqPDaGaEo=
-33,8,sbTsNqFr95s93zT0F7u58WGaWHg=,L2G+VMh9p+oAP1tVi4CqPDaGaEo=
-34,8,sbTsNqFr95s93zT0F7u58WGaWHg=,L2G+VMh9p+oAP1tVi4CqPDaGaEo=
-38,7,sbTsNqFr95s93zT0F7u58WGaWHg=,L2G+VMh9p+oAP1tVi4CqPDaGaEo=
-36,6,sbTsNqFr95s93zT0F7u58WGaWHg=,L2G+VMh9p+oAP1tVi4CqPDaGaEo=
-39,6,sbTsNqFr95s93zT0F7u58WGaWHg=,L2G+VMh9p+oAP1tVi4CqPDaGaEo=
-35,7,sbTsNqFr95s93zT0F7u58WGaWHg=,L2G+VMh9p+oAP1tVi4CqPDaGaEo=
-37,6,sbTsNqFr95s93zT0F7u58WGaWHg=,L2G+VMh9p+oAP1tVi4CqPDaGaEo=
-41,7,sbTsNqFr95s93zT0F7u58WGaWHg=,L2G+VMh9p+oAP1tVi4CqPDaGaEo=
-48,7,sbTsNqFr95s93zT0F7u58WGaWHg=,L2G+VMh9p+oAP1tVi4CqPDaGaEo=
-33,6,sbTsNqFr95s93zT0F7u58WGaWHg=,L2G+VMh9p+oAP1tVi4CqPDaGaEo=
-34,6,sbTsNqFr95s93zT0F7u58WGaWHg=,L2G+VMh9p+oAP1tVi4CqPDaGaEo=
-38,6,sbTsNqFr95s93zT0F7u58WGaWHg=,L2G+VMh9p+oAP1tVi4CqPDaGaEo=
-45,6,sbTsNqFr95s93zT0F7u58WGaWHg=,L2G+VMh9p+oAP1tVi4CqPDaGaEo=
-41,6,sbTsNqFr95s93zT0F7u58WGaWHg=,L2G+VMh9p+oAP1tVi4CqPDaGaEo=
-48,6,sbTsNqFr95s93zT0F7u58WGaWHg=,L2G+VMh9p+oAP1tVi4CqPDaGaEo=
-40,6,sbTsNqFr95s93zT0F7u58WGaWHg=,L2G+VMh9p+oAP1tVi4CqPDaGaEo=
-47,7,sbTsNqFr95s93zT0F7u58WGaWHg=,L2G+VMh9p+oAP1tVi4CqPDaGaEo=
-43,6,sbTsNqFr95s93zT0F7u58WGaWHg=,L2G+VMh9p+oAP1tVi4CqPDaGaEo=
-41,0,sbTsNqFr95s93zT0F7u58WGaWHg=,L2G+VMh9p+oAP1tVi4CqPDaGaEo=
-34,5,sbTsNqFr95s93zT0F7u58WGaWHg=,L2G+VMh9p+oAP1tVi4CqPDaGaEo=
-39,5,sbTsNqFr95s93zT0F7u58WGaWHg=,L2G+VMh9p+oAP1tVi4CqPDaGaEo=
-33,5,sbTsNqFr95s93zT0F7u58WGaWHg=,L2G+VMh9p+oAP1tVi4CqPDaGaEo=
-37,5,sbTsNqFr95s93zT0F7u58WGaWHg=,L2G+VMh9p+oAP1tVi4CqPDaGaEo=
-35,6,sbTsNqFr95s93zT0F7u58WGaWHg=,L2G+VMh9p+oAP1tVi4CqPDaGaEo=
-41,5,sbTsNqFr95s93zT0F7u58WGaWHg=,L2G+VMh9p+oAP1tVi4CqPDaGaEo=
-35,5,sbTsNqFr95s93zT0F7u58WGaWHg=,L2G+VMh9p+oAP1tVi4CqPDaGaEo=
-37,1,sbTsNqFr95s93zT0F7u58WGaWHg=,L2G+VMh9p+oAP1tVi4CqPDaGaEo=
-36,5,sbTsNqFr95s93zT0F7u58WGaWHg=,L2G+VMh9p+oAP1tVi4CqPDaGaEo=
-44,6,sbTsNqFr95s93zT0F7u58WGaWHg=,L2G+VMh9p+oAP1tVi4CqPDaGaEo=
-42,6,sbTsNqFr95s93zT0F7u58WGaWHg=,L2G+VMh9p+oAP1tVi4CqPDaGaEo=
-38,5,sbTsNqFr95s93zT0F7u58WGaWHg=,L2G+VMh9p+oAP1tVi4CqPDaGaEo=
-44,5,sbTsNqFr95s93zT0F7u58WGaWHg=,L2G+VMh9p+oAP1tVi4CqPDaGaEo=
-43,5,sbTsNqFr95s93zT0F7u58WGaWHg=,L2G+VMh9p+oAP1tVi4CqPDaGaEo=
-40,5,sbTsNqFr95s93zT0F7u58WGaWHg=,L2G+VMh9p+oAP1tVi4CqPDaGaEo=
-47,5,sbTsNqFr95s93zT0F7u58WGaWHg=,L2G+VMh9p+oAP1tVi4CqPDaGaEo=
-46,5,sbTsNqFr95s93zT0F7u58WGaWHg=,L2G+VMh9p+oAP1tVi4CqPDaGaEo=
-42,0,sbTsNqFr95s93zT0F7u58WGaWHg=,L2G+VMh9p+oAP1tVi4CqPDaGaEo=
-46,6,sbTsNqFr95s93zT0F7u58WGaWHg=,L2G+VMh9p+oAP1tVi4CqPDaGaEo=
-42,5,sbTsNqFr95s93zT0F7u58WGaWHg=,L2G+VMh9p+oAP1tVi4CqPDaGaEo=
-47,6,sbTsNqFr95s93zT0F7u58WGaWHg=,L2G+VMh9p+oAP1tVi4CqPDaGaEo=
-43,0,sbTsNqFr95s93zT0F7u58WGaWHg=,L2G+VMh9p+oAP1tVi4CqPDaGaEo=
-45,5,sbTsNqFr95s93zT0F7u58WGaWHg=,L2G+VMh9p+oAP1tVi4CqPDaGaEo=
-36,4,sbTsNqFr95s93zT0F7u58WGaWHg=,L2G+VMh9p+oAP1tVi4CqPDaGaEo=
-47,4,sbTsNqFr95s93zT0F7u58WGaWHg=,L2G+VMh9p+oAP1tVi4CqPDaGaEo=
-34,4,sbTsNqFr95s93zT0F7u58WGaWHg=,L2G+VMh9p+oAP1tVi4CqPDaGaEo=
-41,4,sbTsNqFr95s93zT0F7u58WGaWHg=,L2G+VMh9p+oAP1tVi4CqPDaGaEo=
-43,4,sbTsNqFr95s93zT0F7u58WGaWHg=,L2G+VMh9p+oAP1tVi4CqPDaGaEo=
-48,5,sbTsNqFr95s93zT0F7u58WGaWHg=,L2G+VMh9p+oAP1tVi4CqPDaGaEo=
-40,4,sbTsNqFr95s93zT0F7u58WGaWHg=,L2G+VMh9p+oAP1tVi4CqPDaGaEo=
-33,4,sbTsNqFr95s93zT0F7u58WGaWHg=,L2G+VMh9p+oAP1tVi4CqPDaGaEo=
-37,4,sbTsNqFr95s93zT0F7u58WGaWHg=,L2G+VMh9p+oAP1tVi4CqPDaGaEo=
-45,4,sbTsNqFr95s93zT0F7u58WGaWHg=,L2G+VMh9p+oAP1tVi4CqPDaGaEo=
-46,4,sbTsNqFr95s93zT0F7u58WGaWHg=,L2G+VMh9p+oAP1tVi4CqPDaGaEo=
-48,4,sbTsNqFr95s93zT0F7u58WGaWHg=,L2G+VMh9p+oAP1tVi4CqPDaGaEo=
-42,4,sbTsNqFr95s93zT0F7u58WGaWHg=,L2G+VMh9p+oAP1tVi4CqPDaGaEo=
-35,4,sbTsNqFr95s93zT0F7u58WGaWHg=,L2G+VMh9p+oAP1tVi4CqPDaGaEo=
-38,4,sbTsNqFr95s93zT0F7u58WGaWHg=,L2G+VMh9p+oAP1tVi4CqPDaGaEo=
-45,11,sbTsNqFr95s93zT0F7u58WGaWHg=,L2G+VMh9p+oAP1tVi4CqPDaGaEo=
-44,4,sbTsNqFr95s93zT0F7u58WGaWHg=,L2G+VMh9p+oAP1tVi4CqPDaGaEo=
-45,0,sbTsNqFr95s93zT0F7u58WGaWHg=,L2G+VMh9p+oAP1tVi4CqPDaGaEo=
-39,4,sbTsNqFr95s93zT0F7u58WGaWHg=,L2G+VMh9p+oAP1tVi4CqPDaGaEo=
-33,3,sbTsNqFr95s93zT0F7u58WGaWHg=,L2G+VMh9p+oAP1tVi4CqPDaGaEo=
-34,3,sbTsNqFr95s93zT0F7u58WGaWHg=,L2G+VMh9p+oAP1tVi4CqPDaGaEo=
-44,0,sbTsNqFr95s93zT0F7u58WGaWHg=,L2G+VMh9p+oAP1tVi4CqPDaGaEo=
-38,3,sbTsNqFr95s93zT0F7u58WGaWHg=,L2G+VMh9p+oAP1tVi4CqPDaGaEo=
-35,2,sbTsNqFr95s93zT0F7u58WGaWHg=,L2G+VMh9p+oAP1tVi4CqPDaGaEo=
-33,2,sbTsNqFr95s93zT0F7u58WGaWHg=,L2G+VMh9p+oAP1tVi4CqPDaGaEo=
-35,3,sbTsNqFr95s93zT0F7u58WGaWHg=,L2G+VMh9p+oAP1tVi4CqPDaGaEo=
-34,2,sbTsNqFr95s93zT0F7u58WGaWHg=,L2G+VMh9p+oAP1tVi4CqPDaGaEo=
-38,2,sbTsNqFr95s93zT0F7u58WGaWHg=,L2G+VMh9p+oAP1tVi4CqPDaGaEo=
-37,3,sbTsNqFr95s93zT0F7u58WGaWHg=,L2G+VMh9p+oAP1tVi4CqPDaGaEo=
-47,3,sbTsNqFr95s93zT0F7u58WGaWHg=,L2G+VMh9p+oAP1tVi4CqPDaGaEo=
-45,2,sbTsNqFr95s93zT0F7u58WGaWHg=,L2G+VMh9p+oAP1tVi4CqPDaGaEo=
-41,3,sbTsNqFr95s93zT0F7u58WGaWHg=,L2G+VMh9p+oAP1tVi4CqPDaGaEo=
-45,3,sbTsNqFr95s93zT0F7u58WGaWHg=,L2G+VMh9p+oAP1tVi4CqPDaGaEo=
-36,1,sbTsNqFr95s93zT0F7u58WGaWHg=,L2G+VMh9p+oAP1tVi4CqPDaGaEo=
-47,2,sbTsNqFr95s93zT0F7u58WGaWHg=,L2G+VMh9p+oAP1tVi4CqPDaGaEo=
-46,2,sbTsNqFr95s93zT0F7u58WGaWHg=,L2G+VMh9p+oAP1tVi4CqPDaGaEo=
-46,0,sbTsNqFr95s93zT0F7u58WGaWHg=,L2G+VMh9p+oAP1tVi4CqPDaGaEo=
-40,2,sbTsNqFr95s93zT0F7u58WGaWHg=,L2G+VMh9p+oAP1tVi4CqPDaGaEo=
-44,3,sbTsNqFr95s93zT0F7u58WGaWHg=,L2G+VMh9p+oAP1tVi4CqPDaGaEo=
-39,3,sbTsNqFr95s93zT0F7u58WGaWHg=,L2G+VMh9p+oAP1tVi4CqPDaGaEo=
-47,0,sbTsNqFr95s93zT0F7u58WGaWHg=,L2G+VMh9p+oAP1tVi4CqPDaGaEo=
-48,2,sbTsNqFr95s93zT0F7u58WGaWHg=,L2G+VMh9p+oAP1tVi4CqPDaGaEo=
-43,2,sbTsNqFr95s93zT0F7u58WGaWHg=,L2G+VMh9p+oAP1tVi4CqPDaGaEo=
-33,1,sbTsNqFr95s93zT0F7u58WGaWHg=,L2G+VMh9p+oAP1tVi4CqPDaGaEo=
-46,3,sbTsNqFr95s93zT0F7u58WGaWHg=,L2G+VMh9p+oAP1tVi4CqPDaGaEo=
-34,1,sbTsNqFr95s93zT0F7u58WGaWHg=,L2G+VMh9p+oAP1tVi4CqPDaGaEo=
-39,2,sbTsNqFr95s93zT0F7u58WGaWHg=,L2G+VMh9p+oAP1tVi4CqPDaGaEo=
-36,3,sbTsNqFr95s93zT0F7u58WGaWHg=,L2G+VMh9p+oAP1tVi4CqPDaGaEo=
-42,2,sbTsNqFr95s93zT0F7u58WGaWHg=,L2G+VMh9p+oAP1tVi4CqPDaGaEo=
-41,2,sbTsNqFr95s93zT0F7u58WGaWHg=,L2G+VMh9p+oAP1tVi4CqPDaGaEo=
-35,1,sbTsNqFr95s93zT0F7u58WGaWHg=,L2G+VMh9p+oAP1tVi4CqPDaGaEo=
-37,2,sbTsNqFr95s93zT0F7u58WGaWHg=,L2G+VMh9p+oAP1tVi4CqPDaGaEo=
-40,3,sbTsNqFr95s93zT0F7u58WGaWHg=,L2G+VMh9p+oAP1tVi4CqPDaGaEo=
-42,3,sbTsNqFr95s93zT0F7u58WGaWHg=,L2G+VMh9p+oAP1tVi4CqPDaGaEo=
-44,2,sbTsNqFr95s93zT0F7u58WGaWHg=,L2G+VMh9p+oAP1tVi4CqPDaGaEo=
-36,2,sbTsNqFr95s93zT0F7u58WGaWHg=,L2G+VMh9p+oAP1tVi4CqPDaGaEo=
-48,3,sbTsNqFr95s93zT0F7u58WGaWHg=,L2G+VMh9p+oAP1tVi4CqPDaGaEo=
-43,3,sbTsNqFr95s93zT0F7u58WGaWHg=,L2G+VMh9p+oAP1tVi4CqPDaGaEo=
-47,12,sbTsNqFr95s93zT0F7u58WGaWHg=,L2G+VMh9p+oAP1tVi4CqPDaGaEo=
-45,12,sbTsNqFr95s93zT0F7u58WGaWHg=,L2G+VMh9p+oAP1tVi4CqPDaGaEo=
-45,13,sbTsNqFr95s93zT0F7u58WGaWHg=,L2G+VMh9p+oAP1tVi4CqPDaGaEo=
-45,14,sbTsNqFr95s93zT0F7u58WGaWHg=,L2G+VMh9p+oAP1tVi4CqPDaGaEo=
-45,15,sbTsNqFr95s93zT0F7u58WGaWHg=,L2G+VMh9p+oAP1tVi4CqPDaGaEo=
-64,16,jal4Rp1RABsCl1IlbgfN+ALpTf4=,L2G+VMh9p+oAP1tVi4CqPDaGaEo=
-64,17,jal4Rp1RABsCl1IlbgfN+ALpTf4=,L2G+VMh9p+oAP1tVi4CqPDaGaEo=
-51,31,jal4Rp1RABsCl1IlbgfN+ALpTf4=,L2G+VMh9p+oAP1tVi4CqPDaGaEo=
-49,16,jal4Rp1RABsCl1IlbgfN+ALpTf4=,L2G+VMh9p+oAP1tVi4CqPDaGaEo=
-55,31,jal4Rp1RABsCl1IlbgfN+ALpTf4=,L2G+VMh9p+oAP1tVi4CqPDaGaEo=
-52,31,jal4Rp1RABsCl1IlbgfN+ALpTf4=,L2G+VMh9p+oAP1tVi4CqPDaGaEo=
-57,31,jal4Rp1RABsCl1IlbgfN+ALpTf4=,L2G+VMh9p+oAP1tVi4CqPDaGaEo=
-56,31,jal4Rp1RABsCl1IlbgfN+ALpTf4=,L2G+VMh9p+oAP1tVi4CqPDaGaEo=
-49,31,jal4Rp1RABsCl1IlbgfN+ALpTf4=,L2G+VMh9p+oAP1tVi4CqPDaGaEo=
-61,31,jal4Rp1RABsCl1IlbgfN+ALpTf4=,L2G+VMh9p+oAP1tVi4CqPDaGaEo=
-59,31,jal4Rp1RABsCl1IlbgfN+ALpTf4=,L2G+VMh9p+oAP1tVi4CqPDaGaEo=
-54,31,jal4Rp1RABsCl1IlbgfN+ALpTf4=,L2G+VMh9p+oAP1tVi4CqPDaGaEo=
-60,31,jal4Rp1RABsCl1IlbgfN+ALpTf4=,L2G+VMh9p+oAP1tVi4CqPDaGaEo=
-58,31,jal4Rp1RABsCl1IlbgfN+ALpTf4=,L2G+VMh9p+oAP1tVi4CqPDaGaEo=
-62,31,jal4Rp1RABsCl1IlbgfN+ALpTf4=,L2G+VMh9p+oAP1tVi4CqPDaGaEo=
-50,31,jal4Rp1RABsCl1IlbgfN+ALpTf4=,L2G+VMh9p+oAP1tVi4CqPDaGaEo=
-64,31,jal4Rp1RABsCl1IlbgfN+ALpTf4=,L2G+VMh9p+oAP1tVi4CqPDaGaEo=
-55,30,jal4Rp1RABsCl1IlbgfN+ALpTf4=,L2G+VMh9p+oAP1tVi4CqPDaGaEo=
-56,30,jal4Rp1RABsCl1IlbgfN+ALpTf4=,L2G+VMh9p+oAP1tVi4CqPDaGaEo=
-63,31,jal4Rp1RABsCl1IlbgfN+ALpTf4=,L2G+VMh9p+oAP1tVi4CqPDaGaEo=
-57,30,jal4Rp1RABsCl1IlbgfN+ALpTf4=,L2G+VMh9p+oAP1tVi4CqPDaGaEo=
-58,30,jal4Rp1RABsCl1IlbgfN+ALpTf4=,L2G+VMh9p+oAP1tVi4CqPDaGaEo=
-54,30,jal4Rp1RABsCl1IlbgfN+ALpTf4=,L2G+VMh9p+oAP1tVi4CqPDaGaEo=
-59,30,jal4Rp1RABsCl1IlbgfN+ALpTf4=,L2G+VMh9p+oAP1tVi4CqPDaGaEo=
-60,30,jal4Rp1RABsCl1IlbgfN+ALpTf4=,L2G+VMh9p+oAP1tVi4CqPDaGaEo=
-61,30,jal4Rp1RABsCl1IlbgfN+ALpTf4=,L2G+VMh9p+oAP1tVi4CqPDaGaEo=
-62,30,jal4Rp1RABsCl1IlbgfN+ALpTf4=,L2G+VMh9p+oAP1tVi4CqPDaGaEo=
-64,30,jal4Rp1RABsCl1IlbgfN+ALpTf4=,L2G+VMh9p+oAP1tVi4CqPDaGaEo=
-63,30,jal4Rp1RABsCl1IlbgfN+ALpTf4=,L2G+VMh9p+oAP1tVi4CqPDaGaEo=
-51,30,jal4Rp1RABsCl1IlbgfN+ALpTf4=,L2G+VMh9p+oAP1tVi4CqPDaGaEo=
-56,29,jal4Rp1RABsCl1IlbgfN+ALpTf4=,L2G+VMh9p+oAP1tVi4CqPDaGaEo=
-55,29,jal4Rp1RABsCl1IlbgfN+ALpTf4=,L2G+VMh9p+oAP1tVi4CqPDaGaEo=
-49,30,jal4Rp1RABsCl1IlbgfN+ALpTf4=,L2G+VMh9p+oAP1tVi4CqPDaGaEo=
-60,29,jal4Rp1RABsCl1IlbgfN+ALpTf4=,L2G+VMh9p+oAP1tVi4CqPDaGaEo=
-58,29,jal4Rp1RABsCl1IlbgfN+ALpTf4=,L2G+VMh9p+oAP1tVi4CqPDaGaEo=
-54,29,jal4Rp1RABsCl1IlbgfN+ALpTf4=,L2G+VMh9p+oAP1tVi4CqPDaGaEo=
-64,29,jal4Rp1RABsCl1IlbgfN+ALpTf4=,L2G+VMh9p+oAP1tVi4CqPDaGaEo=
-59,29,jal4Rp1RABsCl1IlbgfN+ALpTf4=,L2G+VMh9p+oAP1tVi4CqPDaGaEo=
-61,29,jal4Rp1RABsCl1IlbgfN+ALpTf4=,L2G+VMh9p+oAP1tVi4CqPDaGaEo=
-57,29,jal4Rp1RABsCl1IlbgfN+ALpTf4=,L2G+VMh9p+oAP1tVi4CqPDaGaEo=
-63,29,jal4Rp1RABsCl1IlbgfN+ALpTf4=,L2G+VMh9p+oAP1tVi4CqPDaGaEo=
-54,28,jal4Rp1RABsCl1IlbgfN+ALpTf4=,L2G+VMh9p+oAP1tVi4CqPDaGaEo=
-62,29,jal4Rp1RABsCl1IlbgfN+ALpTf4=,L2G+VMh9p+oAP1tVi4CqPDaGaEo=
-56,28,jal4Rp1RABsCl1IlbgfN+ALpTf4=,L2G+VMh9p+oAP1tVi4CqPDaGaEo=
-57,28,jal4Rp1RABsCl1IlbgfN+ALpTf4=,L2G+VMh9p+oAP1tVi4CqPDaGaEo=
-55,28,jal4Rp1RABsCl1IlbgfN+ALpTf4=,L2G+VMh9p+oAP1tVi4CqPDaGaEo=
-52,29,jal4Rp1RABsCl1IlbgfN+ALpTf4=,L2G+VMh9p+oAP1tVi4CqPDaGaEo=
-58,28,jal4Rp1RABsCl1IlbgfN+ALpTf4=,L2G+VMh9p+oAP1tVi4CqPDaGaEo=
-50,29,jal4Rp1RABsCl1IlbgfN+ALpTf4=,L2G+VMh9p+oAP1tVi4CqPDaGaEo=
-61,28,jal4Rp1RABsCl1IlbgfN+ALpTf4=,L2G+VMh9p+oAP1tVi4CqPDaGaEo=
-59,28,jal4Rp1RABsCl1IlbgfN+ALpTf4=,L2G+VMh9p+oAP1tVi4CqPDaGaEo=
-51,29,jal4Rp1RABsCl1IlbgfN+ALpTf4=,L2G+VMh9p+oAP1tVi4CqPDaGaEo=
-60,28,jal4Rp1RABsCl1IlbgfN+ALpTf4=,L2G+VMh9p+oAP1tVi4CqPDaGaEo=
-62,28,jal4Rp1RABsCl1IlbgfN+ALpTf4=,L2G+VMh9p+oAP1tVi4CqPDaGaEo=
-63,28,jal4Rp1RABsCl1IlbgfN+ALpTf4=,L2G+VMh9p+oAP1tVi4CqPDaGaEo=
-50,16,jal4Rp1RABsCl1IlbgfN+ALpTf4=,L2G+VMh9p+oAP1tVi4CqPDaGaEo=
-52,30,jal4Rp1RABsCl1IlbgfN+ALpTf4=,L2G+VMh9p+oAP1tVi4CqPDaGaEo=
-64,28,jal4Rp1RABsCl1IlbgfN+ALpTf4=,L2G+VMh9p+oAP1tVi4CqPDaGaEo=
-51,28,jal4Rp1RABsCl1IlbgfN+ALpTf4=,L2G+VMh9p+oAP1tVi4CqPDaGaEo=
-58,27,jal4Rp1RABsCl1IlbgfN+ALpTf4=,L2G+VMh9p+oAP1tVi4CqPDaGaEo=
-57,27,jal4Rp1RABsCl1IlbgfN+ALpTf4=,L2G+VMh9p+oAP1tVi4CqPDaGaEo=
-60,27,jal4Rp1RABsCl1IlbgfN+ALpTf4=,L2G+VMh9p+oAP1tVi4CqPDaGaEo=
-61,27,jal4Rp1RABsCl1IlbgfN+ALpTf4=,L2G+VMh9p+oAP1tVi4CqPDaGaEo=
-59,27,jal4Rp1RABsCl1IlbgfN+ALpTf4=,L2G+VMh9p+oAP1tVi4CqPDaGaEo=
-56,27,jal4Rp1RABsCl1IlbgfN+ALpTf4=,L2G+VMh9p+oAP1tVi4CqPDaGaEo=
-63,27,jal4Rp1RABsCl1IlbgfN+ALpTf4=,L2G+VMh9p+oAP1tVi4CqPDaGaEo=
-62,27,jal4Rp1RABsCl1IlbgfN+ALpTf4=,L2G+VMh9p+oAP1tVi4CqPDaGaEo=
-51,16,jal4Rp1RABsCl1IlbgfN+ALpTf4=,L2G+VMh9p+oAP1tVi4CqPDaGaEo=
-64,27,jal4Rp1RABsCl1IlbgfN+ALpTf4=,L2G+VMh9p+oAP1tVi4CqPDaGaEo=
-50,27,jal4Rp1RABsCl1IlbgfN+ALpTf4=,L2G+VMh9p+oAP1tVi4CqPDaGaEo=
-49,29,jal4Rp1RABsCl1IlbgfN+ALpTf4=,L2G+VMh9p+oAP1tVi4CqPDaGaEo=
-53,27,jal4Rp1RABsCl1IlbgfN+ALpTf4=,L2G+VMh9p+oAP1tVi4CqPDaGaEo=
-59,26,jal4Rp1RABsCl1IlbgfN+ALpTf4=,L2G+VMh9p+oAP1tVi4CqPDaGaEo=
-54,16,jal4Rp1RABsCl1IlbgfN+ALpTf4=,L2G+VMh9p+oAP1tVi4CqPDaGaEo=
-60,26,jal4Rp1RABsCl1IlbgfN+ALpTf4=,L2G+VMh9p+oAP1tVi4CqPDaGaEo=
-61,26,jal4Rp1RABsCl1IlbgfN+ALpTf4=,L2G+VMh9p+oAP1tVi4CqPDaGaEo=
-50,26,jal4Rp1RABsCl1IlbgfN+ALpTf4=,L2G+VMh9p+oAP1tVi4CqPDaGaEo=
-62,26,jal4Rp1RABsCl1IlbgfN+ALpTf4=,L2G+VMh9p+oAP1tVi4CqPDaGaEo=
-63,26,jal4Rp1RABsCl1IlbgfN+ALpTf4=,L2G+VMh9p+oAP1tVi4CqPDaGaEo=
-64,26,jal4Rp1RABsCl1IlbgfN+ALpTf4=,L2G+VMh9p+oAP1tVi4CqPDaGaEo=
-51,26,jal4Rp1RABsCl1IlbgfN+ALpTf4=,L2G+VMh9p+oAP1tVi4CqPDaGaEo=
-52,28,jal4Rp1RABsCl1IlbgfN+ALpTf4=,L2G+VMh9p+oAP1tVi4CqPDaGaEo=
-53,26,jal4Rp1RABsCl1IlbgfN+ALpTf4=,L2G+VMh9p+oAP1tVi4CqPDaGaEo=
-54,27,jal4Rp1RABsCl1IlbgfN+ALpTf4=,L2G+VMh9p+oAP1tVi4CqPDaGaEo=
-55,26,jal4Rp1RABsCl1IlbgfN+ALpTf4=,L2G+VMh9p+oAP1tVi4CqPDaGaEo=
-53,31,jal4Rp1RABsCl1IlbgfN+ALpTf4=,L2G+VMh9p+oAP1tVi4CqPDaGaEo=
-51,27,jal4Rp1RABsCl1IlbgfN+ALpTf4=,L2G+VMh9p+oAP1tVi4CqPDaGaEo=
-52,27,jal4Rp1RABsCl1IlbgfN+ALpTf4=,L2G+VMh9p+oAP1tVi4CqPDaGaEo=
-60,25,jal4Rp1RABsCl1IlbgfN+ALpTf4=,L2G+VMh9p+oAP1tVi4CqPDaGaEo=
-53,16,jal4Rp1RABsCl1IlbgfN+ALpTf4=,L2G+VMh9p+oAP1tVi4CqPDaGaEo=
-62,25,jal4Rp1RABsCl1IlbgfN+ALpTf4=,L2G+VMh9p+oAP1tVi4CqPDaGaEo=
-61,25,jal4Rp1RABsCl1IlbgfN+ALpTf4=,L2G+VMh9p+oAP1tVi4CqPDaGaEo=
-52,25,jal4Rp1RABsCl1IlbgfN+ALpTf4=,L2G+VMh9p+oAP1tVi4CqPDaGaEo=
-53,25,jal4Rp1RABsCl1IlbgfN+ALpTf4=,L2G+VMh9p+oAP1tVi4CqPDaGaEo=
-55,16,jal4Rp1RABsCl1IlbgfN+ALpTf4=,L2G+VMh9p+oAP1tVi4CqPDaGaEo=
-49,27,jal4Rp1RABsCl1IlbgfN+ALpTf4=,L2G+VMh9p+oAP1tVi4CqPDaGaEo=
-63,25,jal4Rp1RABsCl1IlbgfN+ALpTf4=,L2G+VMh9p+oAP1tVi4CqPDaGaEo=
-57,26,jal4Rp1RABsCl1IlbgfN+ALpTf4=,L2G+VMh9p+oAP1tVi4CqPDaGaEo=
-64,25,jal4Rp1RABsCl1IlbgfN+ALpTf4=,L2G+VMh9p+oAP1tVi4CqPDaGaEo=
-55,25,jal4Rp1RABsCl1IlbgfN+ALpTf4=,L2G+VMh9p+oAP1tVi4CqPDaGaEo=
-49,26,jal4Rp1RABsCl1IlbgfN+ALpTf4=,L2G+VMh9p+oAP1tVi4CqPDaGaEo=
-57,25,jal4Rp1RABsCl1IlbgfN+ALpTf4=,L2G+VMh9p+oAP1tVi4CqPDaGaEo=
-54,26,jal4Rp1RABsCl1IlbgfN+ALpTf4=,L2G+VMh9p+oAP1tVi4CqPDaGaEo=
-55,27,jal4Rp1RABsCl1IlbgfN+ALpTf4=,L2G+VMh9p+oAP1tVi4CqPDaGaEo=
-63,17,jal4Rp1RABsCl1IlbgfN+ALpTf4=,L2G+VMh9p+oAP1tVi4CqPDaGaEo=
-49,24,jal4Rp1RABsCl1IlbgfN+ALpTf4=,L2G+VMh9p+oAP1tVi4CqPDaGaEo=
-56,16,jal4Rp1RABsCl1IlbgfN+ALpTf4=,L2G+VMh9p+oAP1tVi4CqPDaGaEo=
-50,24,jal4Rp1RABsCl1IlbgfN+ALpTf4=,L2G+VMh9p+oAP1tVi4CqPDaGaEo=
-51,24,jal4Rp1RABsCl1IlbgfN+ALpTf4=,L2G+VMh9p+oAP1tVi4CqPDaGaEo=
-53,24,jal4Rp1RABsCl1IlbgfN+ALpTf4=,L2G+VMh9p+oAP1tVi4CqPDaGaEo=
-49,25,jal4Rp1RABsCl1IlbgfN+ALpTf4=,L2G+VMh9p+oAP1tVi4CqPDaGaEo=
-61,24,jal4Rp1RABsCl1IlbgfN+ALpTf4=,L2G+VMh9p+oAP1tVi4CqPDaGaEo=
-56,25,jal4Rp1RABsCl1IlbgfN+ALpTf4=,L2G+VMh9p+oAP1tVi4CqPDaGaEo=
-62,24,jal4Rp1RABsCl1IlbgfN+ALpTf4=,L2G+VMh9p+oAP1tVi4CqPDaGaEo=
-63,24,jal4Rp1RABsCl1IlbgfN+ALpTf4=,L2G+VMh9p+oAP1tVi4CqPDaGaEo=
-64,24,jal4Rp1RABsCl1IlbgfN+ALpTf4=,L2G+VMh9p+oAP1tVi4CqPDaGaEo=
-56,24,jal4Rp1RABsCl1IlbgfN+ALpTf4=,L2G+VMh9p+oAP1tVi4CqPDaGaEo=
-51,25,jal4Rp1RABsCl1IlbgfN+ALpTf4=,L2G+VMh9p+oAP1tVi4CqPDaGaEo=
-50,25,jal4Rp1RABsCl1IlbgfN+ALpTf4=,L2G+VMh9p+oAP1tVi4CqPDaGaEo=
-53,29,jal4Rp1RABsCl1IlbgfN+ALpTf4=,L2G+VMh9p+oAP1tVi4CqPDaGaEo=
-58,25,jal4Rp1RABsCl1IlbgfN+ALpTf4=,L2G+VMh9p+oAP1tVi4CqPDaGaEo=
-54,25,jal4Rp1RABsCl1IlbgfN+ALpTf4=,L2G+VMh9p+oAP1tVi4CqPDaGaEo=
-58,24,jal4Rp1RABsCl1IlbgfN+ALpTf4=,L2G+VMh9p+oAP1tVi4CqPDaGaEo=
-58,26,jal4Rp1RABsCl1IlbgfN+ALpTf4=,L2G+VMh9p+oAP1tVi4CqPDaGaEo=
-59,24,jal4Rp1RABsCl1IlbgfN+ALpTf4=,L2G+VMh9p+oAP1tVi4CqPDaGaEo=
-57,16,jal4Rp1RABsCl1IlbgfN+ALpTf4=,L2G+VMh9p+oAP1tVi4CqPDaGaEo=
-51,23,jal4Rp1RABsCl1IlbgfN+ALpTf4=,L2G+VMh9p+oAP1tVi4CqPDaGaEo=
-50,23,jal4Rp1RABsCl1IlbgfN+ALpTf4=,L2G+VMh9p+oAP1tVi4CqPDaGaEo=
-63,23,jal4Rp1RABsCl1IlbgfN+ALpTf4=,L2G+VMh9p+oAP1tVi4CqPDaGaEo=
-62,23,jal4Rp1RABsCl1IlbgfN+ALpTf4=,L2G+VMh9p+oAP1tVi4CqPDaGaEo=
-53,28,jal4Rp1RABsCl1IlbgfN+ALpTf4=,L2G+VMh9p+oAP1tVi4CqPDaGaEo=
-64,23,jal4Rp1RABsCl1IlbgfN+ALpTf4=,L2G+VMh9p+oAP1tVi4CqPDaGaEo=
-53,23,jal4Rp1RABsCl1IlbgfN+ALpTf4=,L2G+VMh9p+oAP1tVi4CqPDaGaEo=
-52,24,jal4Rp1RABsCl1IlbgfN+ALpTf4=,L2G+VMh9p+oAP1tVi4CqPDaGaEo=
-57,24,jal4Rp1RABsCl1IlbgfN+ALpTf4=,L2G+VMh9p+oAP1tVi4CqPDaGaEo=
-62,17,jal4Rp1RABsCl1IlbgfN+ALpTf4=,L2G+VMh9p+oAP1tVi4CqPDaGaEo=
-56,26,jal4Rp1RABsCl1IlbgfN+ALpTf4=,L2G+VMh9p+oAP1tVi4CqPDaGaEo=
-59,23,jal4Rp1RABsCl1IlbgfN+ALpTf4=,L2G+VMh9p+oAP1tVi4CqPDaGaEo=
-55,24,jal4Rp1RABsCl1IlbgfN+ALpTf4=,L2G+VMh9p+oAP1tVi4CqPDaGaEo=
-60,23,jal4Rp1RABsCl1IlbgfN+ALpTf4=,L2G+VMh9p+oAP1tVi4CqPDaGaEo=
-54,24,jal4Rp1RABsCl1IlbgfN+ALpTf4=,L2G+VMh9p+oAP1tVi4CqPDaGaEo=
-52,23,jal4Rp1RABsCl1IlbgfN+ALpTf4=,L2G+VMh9p+oAP1tVi4CqPDaGaEo=
-58,16,jal4Rp1RABsCl1IlbgfN+ALpTf4=,L2G+VMh9p+oAP1tVi4CqPDaGaEo=
-49,22,jal4Rp1RABsCl1IlbgfN+ALpTf4=,L2G+VMh9p+oAP1tVi4CqPDaGaEo=
-62,22,jal4Rp1RABsCl1IlbgfN+ALpTf4=,L2G+VMh9p+oAP1tVi4CqPDaGaEo=
-50,22,jal4Rp1RABsCl1IlbgfN+ALpTf4=,L2G+VMh9p+oAP1tVi4CqPDaGaEo=
-63,22,jal4Rp1RABsCl1IlbgfN+ALpTf4=,L2G+VMh9p+oAP1tVi4CqPDaGaEo=
-51,22,jal4Rp1RABsCl1IlbgfN+ALpTf4=,L2G+VMh9p+oAP1tVi4CqPDaGaEo=
-49,23,jal4Rp1RABsCl1IlbgfN+ALpTf4=,L2G+VMh9p+oAP1tVi4CqPDaGaEo=
-64,22,jal4Rp1RABsCl1IlbgfN+ALpTf4=,L2G+VMh9p+oAP1tVi4CqPDaGaEo=
-56,22,jal4Rp1RABsCl1IlbgfN+ALpTf4=,L2G+VMh9p+oAP1tVi4CqPDaGaEo=
-59,22,jal4Rp1RABsCl1IlbgfN+ALpTf4=,L2G+VMh9p+oAP1tVi4CqPDaGaEo=
-58,23,jal4Rp1RABsCl1IlbgfN+ALpTf4=,L2G+VMh9p+oAP1tVi4CqPDaGaEo=
-56,23,jal4Rp1RABsCl1IlbgfN+ALpTf4=,L2G+VMh9p+oAP1tVi4CqPDaGaEo=
-55,23,jal4Rp1RABsCl1IlbgfN+ALpTf4=,L2G+VMh9p+oAP1tVi4CqPDaGaEo=
-54,23,jal4Rp1RABsCl1IlbgfN+ALpTf4=,L2G+VMh9p+oAP1tVi4CqPDaGaEo=
-60,24,jal4Rp1RABsCl1IlbgfN+ALpTf4=,L2G+VMh9p+oAP1tVi4CqPDaGaEo=
-57,23,jal4Rp1RABsCl1IlbgfN+ALpTf4=,L2G+VMh9p+oAP1tVi4CqPDaGaEo=
-59,16,jal4Rp1RABsCl1IlbgfN+ALpTf4=,L2G+VMh9p+oAP1tVi4CqPDaGaEo=
-50,21,jal4Rp1RABsCl1IlbgfN+ALpTf4=,L2G+VMh9p+oAP1tVi4CqPDaGaEo=
-62,21,jal4Rp1RABsCl1IlbgfN+ALpTf4=,L2G+VMh9p+oAP1tVi4CqPDaGaEo=
-54,22,jal4Rp1RABsCl1IlbgfN+ALpTf4=,L2G+VMh9p+oAP1tVi4CqPDaGaEo=
-49,21,jal4Rp1RABsCl1IlbgfN+ALpTf4=,L2G+VMh9p+oAP1tVi4CqPDaGaEo=
-63,21,jal4Rp1RABsCl1IlbgfN+ALpTf4=,L2G+VMh9p+oAP1tVi4CqPDaGaEo=
-61,17,jal4Rp1RABsCl1IlbgfN+ALpTf4=,L2G+VMh9p+oAP1tVi4CqPDaGaEo=
-53,21,jal4Rp1RABsCl1IlbgfN+ALpTf4=,L2G+VMh9p+oAP1tVi4CqPDaGaEo=
-55,21,jal4Rp1RABsCl1IlbgfN+ALpTf4=,L2G+VMh9p+oAP1tVi4CqPDaGaEo=
-64,21,jal4Rp1RABsCl1IlbgfN+ALpTf4=,L2G+VMh9p+oAP1tVi4CqPDaGaEo=
-52,22,jal4Rp1RABsCl1IlbgfN+ALpTf4=,L2G+VMh9p+oAP1tVi4CqPDaGaEo=
-55,22,jal4Rp1RABsCl1IlbgfN+ALpTf4=,L2G+VMh9p+oAP1tVi4CqPDaGaEo=
-60,22,jal4Rp1RABsCl1IlbgfN+ALpTf4=,L2G+VMh9p+oAP1tVi4CqPDaGaEo=
-57,22,jal4Rp1RABsCl1IlbgfN+ALpTf4=,L2G+VMh9p+oAP1tVi4CqPDaGaEo=
-53,22,jal4Rp1RABsCl1IlbgfN+ALpTf4=,L2G+VMh9p+oAP1tVi4CqPDaGaEo=
-61,23,jal4Rp1RABsCl1IlbgfN+ALpTf4=,L2G+VMh9p+oAP1tVi4CqPDaGaEo=
-59,21,jal4Rp1RABsCl1IlbgfN+ALpTf4=,L2G+VMh9p+oAP1tVi4CqPDaGaEo=
-61,22,jal4Rp1RABsCl1IlbgfN+ALpTf4=,L2G+VMh9p+oAP1tVi4CqPDaGaEo=
-60,21,jal4Rp1RABsCl1IlbgfN+ALpTf4=,L2G+VMh9p+oAP1tVi4CqPDaGaEo=
-58,22,jal4Rp1RABsCl1IlbgfN+ALpTf4=,L2G+VMh9p+oAP1tVi4CqPDaGaEo=
-49,20,jal4Rp1RABsCl1IlbgfN+ALpTf4=,L2G+VMh9p+oAP1tVi4CqPDaGaEo=
-50,20,jal4Rp1RABsCl1IlbgfN+ALpTf4=,L2G+VMh9p+oAP1tVi4CqPDaGaEo=
-51,21,jal4Rp1RABsCl1IlbgfN+ALpTf4=,L2G+VMh9p+oAP1tVi4CqPDaGaEo=
-63,20,jal4Rp1RABsCl1IlbgfN+ALpTf4=,L2G+VMh9p+oAP1tVi4CqPDaGaEo=
-64,20,jal4Rp1RABsCl1IlbgfN+ALpTf4=,L2G+VMh9p+oAP1tVi4CqPDaGaEo=
-52,21,jal4Rp1RABsCl1IlbgfN+ALpTf4=,L2G+VMh9p+oAP1tVi4CqPDaGaEo=
-52,20,jal4Rp1RABsCl1IlbgfN+ALpTf4=,L2G+VMh9p+oAP1tVi4CqPDaGaEo=
-56,20,jal4Rp1RABsCl1IlbgfN+ALpTf4=,L2G+VMh9p+oAP1tVi4CqPDaGaEo=
-54,21,jal4Rp1RABsCl1IlbgfN+ALpTf4=,L2G+VMh9p+oAP1tVi4CqPDaGaEo=
-56,21,jal4Rp1RABsCl1IlbgfN+ALpTf4=,L2G+VMh9p+oAP1tVi4CqPDaGaEo=
-59,25,jal4Rp1RABsCl1IlbgfN+ALpTf4=,L2G+VMh9p+oAP1tVi4CqPDaGaEo=
-57,20,jal4Rp1RABsCl1IlbgfN+ALpTf4=,L2G+VMh9p+oAP1tVi4CqPDaGaEo=
-59,20,jal4Rp1RABsCl1IlbgfN+ALpTf4=,L2G+VMh9p+oAP1tVi4CqPDaGaEo=
-60,20,jal4Rp1RABsCl1IlbgfN+ALpTf4=,L2G+VMh9p+oAP1tVi4CqPDaGaEo=
-60,17,jal4Rp1RABsCl1IlbgfN+ALpTf4=,L2G+VMh9p+oAP1tVi4CqPDaGaEo=
-57,21,jal4Rp1RABsCl1IlbgfN+ALpTf4=,L2G+VMh9p+oAP1tVi4CqPDaGaEo=
-60,16,jal4Rp1RABsCl1IlbgfN+ALpTf4=,L2G+VMh9p+oAP1tVi4CqPDaGaEo=
-58,21,jal4Rp1RABsCl1IlbgfN+ALpTf4=,L2G+VMh9p+oAP1tVi4CqPDaGaEo=
-61,21,jal4Rp1RABsCl1IlbgfN+ALpTf4=,L2G+VMh9p+oAP1tVi4CqPDaGaEo=
-49,19,jal4Rp1RABsCl1IlbgfN+ALpTf4=,L2G+VMh9p+oAP1tVi4CqPDaGaEo=
-63,19,jal4Rp1RABsCl1IlbgfN+ALpTf4=,L2G+VMh9p+oAP1tVi4CqPDaGaEo=
-53,20,jal4Rp1RABsCl1IlbgfN+ALpTf4=,L2G+VMh9p+oAP1tVi4CqPDaGaEo=
-52,19,jal4Rp1RABsCl1IlbgfN+ALpTf4=,L2G+VMh9p+oAP1tVi4CqPDaGaEo=
-50,19,jal4Rp1RABsCl1IlbgfN+ALpTf4=,L2G+VMh9p+oAP1tVi4CqPDaGaEo=
-64,19,jal4Rp1RABsCl1IlbgfN+ALpTf4=,L2G+VMh9p+oAP1tVi4CqPDaGaEo=
-51,20,jal4Rp1RABsCl1IlbgfN+ALpTf4=,L2G+VMh9p+oAP1tVi4CqPDaGaEo=
-58,19,jal4Rp1RABsCl1IlbgfN+ALpTf4=,L2G+VMh9p+oAP1tVi4CqPDaGaEo=
-55,20,jal4Rp1RABsCl1IlbgfN+ALpTf4=,L2G+VMh9p+oAP1tVi4CqPDaGaEo=
-54,20,jal4Rp1RABsCl1IlbgfN+ALpTf4=,L2G+VMh9p+oAP1tVi4CqPDaGaEo=
-56,19,jal4Rp1RABsCl1IlbgfN+ALpTf4=,L2G+VMh9p+oAP1tVi4CqPDaGaEo=
-57,19,jal4Rp1RABsCl1IlbgfN+ALpTf4=,L2G+VMh9p+oAP1tVi4CqPDaGaEo=
-58,20,jal4Rp1RABsCl1IlbgfN+ALpTf4=,L2G+VMh9p+oAP1tVi4CqPDaGaEo=
-49,18,jal4Rp1RABsCl1IlbgfN+ALpTf4=,L2G+VMh9p+oAP1tVi4CqPDaGaEo=
-61,16,jal4Rp1RABsCl1IlbgfN+ALpTf4=,L2G+VMh9p+oAP1tVi4CqPDaGaEo=
-51,19,jal4Rp1RABsCl1IlbgfN+ALpTf4=,L2G+VMh9p+oAP1tVi4CqPDaGaEo=
-50,18,jal4Rp1RABsCl1IlbgfN+ALpTf4=,L2G+VMh9p+oAP1tVi4CqPDaGaEo=
-53,19,jal4Rp1RABsCl1IlbgfN+ALpTf4=,L2G+VMh9p+oAP1tVi4CqPDaGaEo=
-63,18,jal4Rp1RABsCl1IlbgfN+ALpTf4=,L2G+VMh9p+oAP1tVi4CqPDaGaEo=
-59,17,jal4Rp1RABsCl1IlbgfN+ALpTf4=,L2G+VMh9p+oAP1tVi4CqPDaGaEo=
-60,19,jal4Rp1RABsCl1IlbgfN+ALpTf4=,L2G+VMh9p+oAP1tVi4CqPDaGaEo=
-59,19,jal4Rp1RABsCl1IlbgfN+ALpTf4=,L2G+VMh9p+oAP1tVi4CqPDaGaEo=
-55,19,jal4Rp1RABsCl1IlbgfN+ALpTf4=,L2G+VMh9p+oAP1tVi4CqPDaGaEo=
-64,18,jal4Rp1RABsCl1IlbgfN+ALpTf4=,L2G+VMh9p+oAP1tVi4CqPDaGaEo=
-61,20,jal4Rp1RABsCl1IlbgfN+ALpTf4=,L2G+VMh9p+oAP1tVi4CqPDaGaEo=
-54,19,jal4Rp1RABsCl1IlbgfN+ALpTf4=,L2G+VMh9p+oAP1tVi4CqPDaGaEo=
-54,18,jal4Rp1RABsCl1IlbgfN+ALpTf4=,L2G+VMh9p+oAP1tVi4CqPDaGaEo=
-61,19,jal4Rp1RABsCl1IlbgfN+ALpTf4=,L2G+VMh9p+oAP1tVi4CqPDaGaEo=
-62,16,jal4Rp1RABsCl1IlbgfN+ALpTf4=,L2G+VMh9p+oAP1tVi4CqPDaGaEo=
-53,18,jal4Rp1RABsCl1IlbgfN+ALpTf4=,L2G+VMh9p+oAP1tVi4CqPDaGaEo=
-51,18,jal4Rp1RABsCl1IlbgfN+ALpTf4=,L2G+VMh9p+oAP1tVi4CqPDaGaEo=
-59,18,jal4Rp1RABsCl1IlbgfN+ALpTf4=,L2G+VMh9p+oAP1tVi4CqPDaGaEo=
-62,20,jal4Rp1RABsCl1IlbgfN+ALpTf4=,L2G+VMh9p+oAP1tVi4CqPDaGaEo=
-61,18,jal4Rp1RABsCl1IlbgfN+ALpTf4=,L2G+VMh9p+oAP1tVi4CqPDaGaEo=
-56,18,jal4Rp1RABsCl1IlbgfN+ALpTf4=,L2G+VMh9p+oAP1tVi4CqPDaGaEo=
-49,17,jal4Rp1RABsCl1IlbgfN+ALpTf4=,L2G+VMh9p+oAP1tVi4CqPDaGaEo=
-52,16,jal4Rp1RABsCl1IlbgfN+ALpTf4=,L2G+VMh9p+oAP1tVi4CqPDaGaEo=
-52,18,jal4Rp1RABsCl1IlbgfN+ALpTf4=,L2G+VMh9p+oAP1tVi4CqPDaGaEo=
-57,18,jal4Rp1RABsCl1IlbgfN+ALpTf4=,L2G+VMh9p+oAP1tVi4CqPDaGaEo=
-55,18,jal4Rp1RABsCl1IlbgfN+ALpTf4=,L2G+VMh9p+oAP1tVi4CqPDaGaEo=
-52,17,jal4Rp1RABsCl1IlbgfN+ALpTf4=,L2G+VMh9p+oAP1tVi4CqPDaGaEo=
-60,18,jal4Rp1RABsCl1IlbgfN+ALpTf4=,L2G+VMh9p+oAP1tVi4CqPDaGaEo=
-58,17,jal4Rp1RABsCl1IlbgfN+ALpTf4=,L2G+VMh9p+oAP1tVi4CqPDaGaEo=
-50,17,jal4Rp1RABsCl1IlbgfN+ALpTf4=,L2G+VMh9p+oAP1tVi4CqPDaGaEo=
-54,17,jal4Rp1RABsCl1IlbgfN+ALpTf4=,L2G+VMh9p+oAP1tVi4CqPDaGaEo=
-58,18,jal4Rp1RABsCl1IlbgfN+ALpTf4=,L2G+VMh9p+oAP1tVi4CqPDaGaEo=
-55,17,jal4Rp1RABsCl1IlbgfN+ALpTf4=,L2G+VMh9p+oAP1tVi4CqPDaGaEo=
-62,19,jal4Rp1RABsCl1IlbgfN+ALpTf4=,L2G+VMh9p+oAP1tVi4CqPDaGaEo=
-57,17,jal4Rp1RABsCl1IlbgfN+ALpTf4=,L2G+VMh9p+oAP1tVi4CqPDaGaEo=
-56,17,jal4Rp1RABsCl1IlbgfN+ALpTf4=,L2G+VMh9p+oAP1tVi4CqPDaGaEo=
-50,30,jal4Rp1RABsCl1IlbgfN+ALpTf4=,L2G+VMh9p+oAP1tVi4CqPDaGaEo=
-51,17,jal4Rp1RABsCl1IlbgfN+ALpTf4=,L2G+VMh9p+oAP1tVi4CqPDaGaEo=
-53,30,jal4Rp1RABsCl1IlbgfN+ALpTf4=,L2G+VMh9p+oAP1tVi4CqPDaGaEo=
-52,26,jal4Rp1RABsCl1IlbgfN+ALpTf4=,L2G+VMh9p+oAP1tVi4CqPDaGaEo=
-62,18,jal4Rp1RABsCl1IlbgfN+ALpTf4=,L2G+VMh9p+oAP1tVi4CqPDaGaEo=
-63,16,jal4Rp1RABsCl1IlbgfN+ALpTf4=,L2G+VMh9p+oAP1tVi4CqPDaGaEo=
-49,28,jal4Rp1RABsCl1IlbgfN+ALpTf4=,L2G+VMh9p+oAP1tVi4CqPDaGaEo=
-53,17,jal4Rp1RABsCl1IlbgfN+ALpTf4=,L2G+VMh9p+oAP1tVi4CqPDaGaEo=
-50,28,jal4Rp1RABsCl1IlbgfN+ALpTf4=,L2G+VMh9p+oAP1tVi4CqPDaGaEo=
-34,16,QdDJKK0i+6Yw4aiBiLmmLXr6E0o=,L2G+VMh9p+oAP1tVi4CqPDaGaEo=
-33,31,QdDJKK0i+6Yw4aiBiLmmLXr6E0o=,L2G+VMh9p+oAP1tVi4CqPDaGaEo=
-35,16,QdDJKK0i+6Yw4aiBiLmmLXr6E0o=,L2G+VMh9p+oAP1tVi4CqPDaGaEo=
-37,16,QdDJKK0i+6Yw4aiBiLmmLXr6E0o=,L2G+VMh9p+oAP1tVi4CqPDaGaEo=
-38,16,QdDJKK0i+6Yw4aiBiLmmLXr6E0o=,L2G+VMh9p+oAP1tVi4CqPDaGaEo=
-36,16,QdDJKK0i+6Yw4aiBiLmmLXr6E0o=,L2G+VMh9p+oAP1tVi4CqPDaGaEo=
-33,16,QdDJKK0i+6Yw4aiBiLmmLXr6E0o=,L2G+VMh9p+oAP1tVi4CqPDaGaEo=
-43,16,QdDJKK0i+6Yw4aiBiLmmLXr6E0o=,L2G+VMh9p+oAP1tVi4CqPDaGaEo=
-42,16,QdDJKK0i+6Yw4aiBiLmmLXr6E0o=,L2G+VMh9p+oAP1tVi4CqPDaGaEo=
-36,31,QdDJKK0i+6Yw4aiBiLmmLXr6E0o=,L2G+VMh9p+oAP1tVi4CqPDaGaEo=
-41,16,QdDJKK0i+6Yw4aiBiLmmLXr6E0o=,L2G+VMh9p+oAP1tVi4CqPDaGaEo=
-46,16,QdDJKK0i+6Yw4aiBiLmmLXr6E0o=,L2G+VMh9p+oAP1tVi4CqPDaGaEo=
-39,16,QdDJKK0i+6Yw4aiBiLmmLXr6E0o=,L2G+VMh9p+oAP1tVi4CqPDaGaEo=
-48,17,QdDJKK0i+6Yw4aiBiLmmLXr6E0o=,L2G+VMh9p+oAP1tVi4CqPDaGaEo=
-34,31,QdDJKK0i+6Yw4aiBiLmmLXr6E0o=,L2G+VMh9p+oAP1tVi4CqPDaGaEo=
-40,16,QdDJKK0i+6Yw4aiBiLmmLXr6E0o=,L2G+VMh9p+oAP1tVi4CqPDaGaEo=
-47,16,QdDJKK0i+6Yw4aiBiLmmLXr6E0o=,L2G+VMh9p+oAP1tVi4CqPDaGaEo=
-38,31,QdDJKK0i+6Yw4aiBiLmmLXr6E0o=,L2G+VMh9p+oAP1tVi4CqPDaGaEo=
-39,31,QdDJKK0i+6Yw4aiBiLmmLXr6E0o=,L2G+VMh9p+oAP1tVi4CqPDaGaEo=
-40,31,QdDJKK0i+6Yw4aiBiLmmLXr6E0o=,L2G+VMh9p+oAP1tVi4CqPDaGaEo=
-41,31,QdDJKK0i+6Yw4aiBiLmmLXr6E0o=,L2G+VMh9p+oAP1tVi4CqPDaGaEo=
-36,30,QdDJKK0i+6Yw4aiBiLmmLXr6E0o=,L2G+VMh9p+oAP1tVi4CqPDaGaEo=
-37,31,QdDJKK0i+6Yw4aiBiLmmLXr6E0o=,L2G+VMh9p+oAP1tVi4CqPDaGaEo=
-42,31,QdDJKK0i+6Yw4aiBiLmmLXr6E0o=,L2G+VMh9p+oAP1tVi4CqPDaGaEo=
-48,16,QdDJKK0i+6Yw4aiBiLmmLXr6E0o=,L2G+VMh9p+oAP1tVi4CqPDaGaEo=
-47,31,QdDJKK0i+6Yw4aiBiLmmLXr6E0o=,L2G+VMh9p+oAP1tVi4CqPDaGaEo=
-33,30,QdDJKK0i+6Yw4aiBiLmmLXr6E0o=,L2G+VMh9p+oAP1tVi4CqPDaGaEo=
-47,17,QdDJKK0i+6Yw4aiBiLmmLXr6E0o=,L2G+VMh9p+oAP1tVi4CqPDaGaEo=
-43,31,QdDJKK0i+6Yw4aiBiLmmLXr6E0o=,L2G+VMh9p+oAP1tVi4CqPDaGaEo=
-48,31,QdDJKK0i+6Yw4aiBiLmmLXr6E0o=,L2G+VMh9p+oAP1tVi4CqPDaGaEo=
-44,16,QdDJKK0i+6Yw4aiBiLmmLXr6E0o=,L2G+VMh9p+oAP1tVi4CqPDaGaEo=
-46,31,QdDJKK0i+6Yw4aiBiLmmLXr6E0o=,L2G+VMh9p+oAP1tVi4CqPDaGaEo=
-41,30,QdDJKK0i+6Yw4aiBiLmmLXr6E0o=,L2G+VMh9p+oAP1tVi4CqPDaGaEo=
-40,30,QdDJKK0i+6Yw4aiBiLmmLXr6E0o=,L2G+VMh9p+oAP1tVi4CqPDaGaEo=
-46,30,QdDJKK0i+6Yw4aiBiLmmLXr6E0o=,L2G+VMh9p+oAP1tVi4CqPDaGaEo=
-39,30,QdDJKK0i+6Yw4aiBiLmmLXr6E0o=,L2G+VMh9p+oAP1tVi4CqPDaGaEo=
-34,30,QdDJKK0i+6Yw4aiBiLmmLXr6E0o=,L2G+VMh9p+oAP1tVi4CqPDaGaEo=
-38,30,QdDJKK0i+6Yw4aiBiLmmLXr6E0o=,L2G+VMh9p+oAP1tVi4CqPDaGaEo=
-43,30,QdDJKK0i+6Yw4aiBiLmmLXr6E0o=,L2G+VMh9p+oAP1tVi4CqPDaGaEo=
-35,29,QdDJKK0i+6Yw4aiBiLmmLXr6E0o=,L2G+VMh9p+oAP1tVi4CqPDaGaEo=
-38,29,QdDJKK0i+6Yw4aiBiLmmLXr6E0o=,L2G+VMh9p+oAP1tVi4CqPDaGaEo=
-42,30,QdDJKK0i+6Yw4aiBiLmmLXr6E0o=,L2G+VMh9p+oAP1tVi4CqPDaGaEo=
-39,29,QdDJKK0i+6Yw4aiBiLmmLXr6E0o=,L2G+VMh9p+oAP1tVi4CqPDaGaEo=
-33,29,QdDJKK0i+6Yw4aiBiLmmLXr6E0o=,L2G+VMh9p+oAP1tVi4CqPDaGaEo=
-46,17,QdDJKK0i+6Yw4aiBiLmmLXr6E0o=,L2G+VMh9p+oAP1tVi4CqPDaGaEo=
-47,30,QdDJKK0i+6Yw4aiBiLmmLXr6E0o=,L2G+VMh9p+oAP1tVi4CqPDaGaEo=
-37,29,QdDJKK0i+6Yw4aiBiLmmLXr6E0o=,L2G+VMh9p+oAP1tVi4CqPDaGaEo=
-44,30,QdDJKK0i+6Yw4aiBiLmmLXr6E0o=,L2G+VMh9p+oAP1tVi4CqPDaGaEo=
-34,29,QdDJKK0i+6Yw4aiBiLmmLXr6E0o=,L2G+VMh9p+oAP1tVi4CqPDaGaEo=
-36,28,QdDJKK0i+6Yw4aiBiLmmLXr6E0o=,L2G+VMh9p+oAP1tVi4CqPDaGaEo=
-44,31,QdDJKK0i+6Yw4aiBiLmmLXr6E0o=,L2G+VMh9p+oAP1tVi4CqPDaGaEo=
-40,29,QdDJKK0i+6Yw4aiBiLmmLXr6E0o=,L2G+VMh9p+oAP1tVi4CqPDaGaEo=
-47,29,QdDJKK0i+6Yw4aiBiLmmLXr6E0o=,L2G+VMh9p+oAP1tVi4CqPDaGaEo=
-42,29,QdDJKK0i+6Yw4aiBiLmmLXr6E0o=,L2G+VMh9p+oAP1tVi4CqPDaGaEo=
-48,30,QdDJKK0i+6Yw4aiBiLmmLXr6E0o=,L2G+VMh9p+oAP1tVi4CqPDaGaEo=
-43,29,QdDJKK0i+6Yw4aiBiLmmLXr6E0o=,L2G+VMh9p+oAP1tVi4CqPDaGaEo=
-35,31,QdDJKK0i+6Yw4aiBiLmmLXr6E0o=,L2G+VMh9p+oAP1tVi4CqPDaGaEo=
-41,29,QdDJKK0i+6Yw4aiBiLmmLXr6E0o=,L2G+VMh9p+oAP1tVi4CqPDaGaEo=
-48,29,QdDJKK0i+6Yw4aiBiLmmLXr6E0o=,L2G+VMh9p+oAP1tVi4CqPDaGaEo=
-37,30,QdDJKK0i+6Yw4aiBiLmmLXr6E0o=,L2G+VMh9p+oAP1tVi4CqPDaGaEo=
-40,28,QdDJKK0i+6Yw4aiBiLmmLXr6E0o=,L2G+VMh9p+oAP1tVi4CqPDaGaEo=
-44,29,QdDJKK0i+6Yw4aiBiLmmLXr6E0o=,L2G+VMh9p+oAP1tVi4CqPDaGaEo=
-46,29,QdDJKK0i+6Yw4aiBiLmmLXr6E0o=,L2G+VMh9p+oAP1tVi4CqPDaGaEo=
-33,28,QdDJKK0i+6Yw4aiBiLmmLXr6E0o=,L2G+VMh9p+oAP1tVi4CqPDaGaEo=
-34,28,QdDJKK0i+6Yw4aiBiLmmLXr6E0o=,L2G+VMh9p+oAP1tVi4CqPDaGaEo=
-39,28,QdDJKK0i+6Yw4aiBiLmmLXr6E0o=,L2G+VMh9p+oAP1tVi4CqPDaGaEo=
-35,28,QdDJKK0i+6Yw4aiBiLmmLXr6E0o=,L2G+VMh9p+oAP1tVi4CqPDaGaEo=
-35,30,QdDJKK0i+6Yw4aiBiLmmLXr6E0o=,L2G+VMh9p+oAP1tVi4CqPDaGaEo=
-41,28,QdDJKK0i+6Yw4aiBiLmmLXr6E0o=,L2G+VMh9p+oAP1tVi4CqPDaGaEo=
-47,28,QdDJKK0i+6Yw4aiBiLmmLXr6E0o=,L2G+VMh9p+oAP1tVi4CqPDaGaEo=
-38,28,QdDJKK0i+6Yw4aiBiLmmLXr6E0o=,L2G+VMh9p+oAP1tVi4CqPDaGaEo=
-48,28,QdDJKK0i+6Yw4aiBiLmmLXr6E0o=,L2G+VMh9p+oAP1tVi4CqPDaGaEo=
-43,28,QdDJKK0i+6Yw4aiBiLmmLXr6E0o=,L2G+VMh9p+oAP1tVi4CqPDaGaEo=
-46,28,QdDJKK0i+6Yw4aiBiLmmLXr6E0o=,L2G+VMh9p+oAP1tVi4CqPDaGaEo=
-42,28,QdDJKK0i+6Yw4aiBiLmmLXr6E0o=,L2G+VMh9p+oAP1tVi4CqPDaGaEo=
-38,27,QdDJKK0i+6Yw4aiBiLmmLXr6E0o=,L2G+VMh9p+oAP1tVi4CqPDaGaEo=
-43,27,QdDJKK0i+6Yw4aiBiLmmLXr6E0o=,L2G+VMh9p+oAP1tVi4CqPDaGaEo=
-42,27,QdDJKK0i+6Yw4aiBiLmmLXr6E0o=,L2G+VMh9p+oAP1tVi4CqPDaGaEo=
-34,27,QdDJKK0i+6Yw4aiBiLmmLXr6E0o=,L2G+VMh9p+oAP1tVi4CqPDaGaEo=
-35,27,QdDJKK0i+6Yw4aiBiLmmLXr6E0o=,L2G+VMh9p+oAP1tVi4CqPDaGaEo=
-37,27,QdDJKK0i+6Yw4aiBiLmmLXr6E0o=,L2G+VMh9p+oAP1tVi4CqPDaGaEo=
-37,28,QdDJKK0i+6Yw4aiBiLmmLXr6E0o=,L2G+VMh9p+oAP1tVi4CqPDaGaEo=
-41,27,QdDJKK0i+6Yw4aiBiLmmLXr6E0o=,L2G+VMh9p+oAP1tVi4CqPDaGaEo=
-46,27,QdDJKK0i+6Yw4aiBiLmmLXr6E0o=,L2G+VMh9p+oAP1tVi4CqPDaGaEo=
-33,27,QdDJKK0i+6Yw4aiBiLmmLXr6E0o=,L2G+VMh9p+oAP1tVi4CqPDaGaEo=
-40,27,QdDJKK0i+6Yw4aiBiLmmLXr6E0o=,L2G+VMh9p+oAP1tVi4CqPDaGaEo=
-48,27,QdDJKK0i+6Yw4aiBiLmmLXr6E0o=,L2G+VMh9p+oAP1tVi4CqPDaGaEo=
-39,27,QdDJKK0i+6Yw4aiBiLmmLXr6E0o=,L2G+VMh9p+oAP1tVi4CqPDaGaEo=
-33,26,QdDJKK0i+6Yw4aiBiLmmLXr6E0o=,L2G+VMh9p+oAP1tVi4CqPDaGaEo=
-36,29,QdDJKK0i+6Yw4aiBiLmmLXr6E0o=,L2G+VMh9p+oAP1tVi4CqPDaGaEo=
-39,26,QdDJKK0i+6Yw4aiBiLmmLXr6E0o=,L2G+VMh9p+oAP1tVi4CqPDaGaEo=
-36,26,QdDJKK0i+6Yw4aiBiLmmLXr6E0o=,L2G+VMh9p+oAP1tVi4CqPDaGaEo=
-42,26,QdDJKK0i+6Yw4aiBiLmmLXr6E0o=,L2G+VMh9p+oAP1tVi4CqPDaGaEo=
-36,27,QdDJKK0i+6Yw4aiBiLmmLXr6E0o=,L2G+VMh9p+oAP1tVi4CqPDaGaEo=
-44,28,QdDJKK0i+6Yw4aiBiLmmLXr6E0o=,L2G+VMh9p+oAP1tVi4CqPDaGaEo=
-35,26,QdDJKK0i+6Yw4aiBiLmmLXr6E0o=,L2G+VMh9p+oAP1tVi4CqPDaGaEo=
-34,26,QdDJKK0i+6Yw4aiBiLmmLXr6E0o=,L2G+VMh9p+oAP1tVi4CqPDaGaEo=
-38,26,QdDJKK0i+6Yw4aiBiLmmLXr6E0o=,L2G+VMh9p+oAP1tVi4CqPDaGaEo=
-37,26,QdDJKK0i+6Yw4aiBiLmmLXr6E0o=,L2G+VMh9p+oAP1tVi4CqPDaGaEo=
-47,27,QdDJKK0i+6Yw4aiBiLmmLXr6E0o=,L2G+VMh9p+oAP1tVi4CqPDaGaEo=
-41,26,QdDJKK0i+6Yw4aiBiLmmLXr6E0o=,L2G+VMh9p+oAP1tVi4CqPDaGaEo=
-48,26,QdDJKK0i+6Yw4aiBiLmmLXr6E0o=,L2G+VMh9p+oAP1tVi4CqPDaGaEo=
-46,26,QdDJKK0i+6Yw4aiBiLmmLXr6E0o=,L2G+VMh9p+oAP1tVi4CqPDaGaEo=
-44,27,QdDJKK0i+6Yw4aiBiLmmLXr6E0o=,L2G+VMh9p+oAP1tVi4CqPDaGaEo=
-43,26,QdDJKK0i+6Yw4aiBiLmmLXr6E0o=,L2G+VMh9p+oAP1tVi4CqPDaGaEo=
-40,26,QdDJKK0i+6Yw4aiBiLmmLXr6E0o=,L2G+VMh9p+oAP1tVi4CqPDaGaEo=
-47,26,QdDJKK0i+6Yw4aiBiLmmLXr6E0o=,L2G+VMh9p+oAP1tVi4CqPDaGaEo=
-41,25,QdDJKK0i+6Yw4aiBiLmmLXr6E0o=,L2G+VMh9p+oAP1tVi4CqPDaGaEo=
-42,25,QdDJKK0i+6Yw4aiBiLmmLXr6E0o=,L2G+VMh9p+oAP1tVi4CqPDaGaEo=
-38,25,QdDJKK0i+6Yw4aiBiLmmLXr6E0o=,L2G+VMh9p+oAP1tVi4CqPDaGaEo=
-34,25,QdDJKK0i+6Yw4aiBiLmmLXr6E0o=,L2G+VMh9p+oAP1tVi4CqPDaGaEo=
-35,25,QdDJKK0i+6Yw4aiBiLmmLXr6E0o=,L2G+VMh9p+oAP1tVi4CqPDaGaEo=
-36,25,QdDJKK0i+6Yw4aiBiLmmLXr6E0o=,L2G+VMh9p+oAP1tVi4CqPDaGaEo=
-44,26,QdDJKK0i+6Yw4aiBiLmmLXr6E0o=,L2G+VMh9p+oAP1tVi4CqPDaGaEo=
-37,25,QdDJKK0i+6Yw4aiBiLmmLXr6E0o=,L2G+VMh9p+oAP1tVi4CqPDaGaEo=
-40,25,QdDJKK0i+6Yw4aiBiLmmLXr6E0o=,L2G+VMh9p+oAP1tVi4CqPDaGaEo=
-33,25,QdDJKK0i+6Yw4aiBiLmmLXr6E0o=,L2G+VMh9p+oAP1tVi4CqPDaGaEo=
-39,25,QdDJKK0i+6Yw4aiBiLmmLXr6E0o=,L2G+VMh9p+oAP1tVi4CqPDaGaEo=
-48,25,QdDJKK0i+6Yw4aiBiLmmLXr6E0o=,L2G+VMh9p+oAP1tVi4CqPDaGaEo=
-33,24,QdDJKK0i+6Yw4aiBiLmmLXr6E0o=,L2G+VMh9p+oAP1tVi4CqPDaGaEo=
-46,25,QdDJKK0i+6Yw4aiBiLmmLXr6E0o=,L2G+VMh9p+oAP1tVi4CqPDaGaEo=
-42,24,QdDJKK0i+6Yw4aiBiLmmLXr6E0o=,L2G+VMh9p+oAP1tVi4CqPDaGaEo=
-47,25,QdDJKK0i+6Yw4aiBiLmmLXr6E0o=,L2G+VMh9p+oAP1tVi4CqPDaGaEo=
-43,25,QdDJKK0i+6Yw4aiBiLmmLXr6E0o=,L2G+VMh9p+oAP1tVi4CqPDaGaEo=
-43,24,QdDJKK0i+6Yw4aiBiLmmLXr6E0o=,L2G+VMh9p+oAP1tVi4CqPDaGaEo=
-34,24,QdDJKK0i+6Yw4aiBiLmmLXr6E0o=,L2G+VMh9p+oAP1tVi4CqPDaGaEo=
-36,24,QdDJKK0i+6Yw4aiBiLmmLXr6E0o=,L2G+VMh9p+oAP1tVi4CqPDaGaEo=
-41,24,QdDJKK0i+6Yw4aiBiLmmLXr6E0o=,L2G+VMh9p+oAP1tVi4CqPDaGaEo=
-39,24,QdDJKK0i+6Yw4aiBiLmmLXr6E0o=,L2G+VMh9p+oAP1tVi4CqPDaGaEo=
-47,24,QdDJKK0i+6Yw4aiBiLmmLXr6E0o=,L2G+VMh9p+oAP1tVi4CqPDaGaEo=
-40,24,QdDJKK0i+6Yw4aiBiLmmLXr6E0o=,L2G+VMh9p+oAP1tVi4CqPDaGaEo=
-37,24,QdDJKK0i+6Yw4aiBiLmmLXr6E0o=,L2G+VMh9p+oAP1tVi4CqPDaGaEo=
-46,24,QdDJKK0i+6Yw4aiBiLmmLXr6E0o=,L2G+VMh9p+oAP1tVi4CqPDaGaEo=
-44,25,QdDJKK0i+6Yw4aiBiLmmLXr6E0o=,L2G+VMh9p+oAP1tVi4CqPDaGaEo=
-33,23,QdDJKK0i+6Yw4aiBiLmmLXr6E0o=,L2G+VMh9p+oAP1tVi4CqPDaGaEo=
-48,24,QdDJKK0i+6Yw4aiBiLmmLXr6E0o=,L2G+VMh9p+oAP1tVi4CqPDaGaEo=
-42,23,QdDJKK0i+6Yw4aiBiLmmLXr6E0o=,L2G+VMh9p+oAP1tVi4CqPDaGaEo=
-39,23,QdDJKK0i+6Yw4aiBiLmmLXr6E0o=,L2G+VMh9p+oAP1tVi4CqPDaGaEo=
-38,24,QdDJKK0i+6Yw4aiBiLmmLXr6E0o=,L2G+VMh9p+oAP1tVi4CqPDaGaEo=
-34,23,QdDJKK0i+6Yw4aiBiLmmLXr6E0o=,L2G+VMh9p+oAP1tVi4CqPDaGaEo=
-35,23,QdDJKK0i+6Yw4aiBiLmmLXr6E0o=,L2G+VMh9p+oAP1tVi4CqPDaGaEo=
-37,23,QdDJKK0i+6Yw4aiBiLmmLXr6E0o=,L2G+VMh9p+oAP1tVi4CqPDaGaEo=
-38,23,QdDJKK0i+6Yw4aiBiLmmLXr6E0o=,L2G+VMh9p+oAP1tVi4CqPDaGaEo=
-36,23,QdDJKK0i+6Yw4aiBiLmmLXr6E0o=,L2G+VMh9p+oAP1tVi4CqPDaGaEo=
-40,23,QdDJKK0i+6Yw4aiBiLmmLXr6E0o=,L2G+VMh9p+oAP1tVi4CqPDaGaEo=
-43,23,QdDJKK0i+6Yw4aiBiLmmLXr6E0o=,L2G+VMh9p+oAP1tVi4CqPDaGaEo=
-46,23,QdDJKK0i+6Yw4aiBiLmmLXr6E0o=,L2G+VMh9p+oAP1tVi4CqPDaGaEo=
-40,22,QdDJKK0i+6Yw4aiBiLmmLXr6E0o=,L2G+VMh9p+oAP1tVi4CqPDaGaEo=
-41,23,QdDJKK0i+6Yw4aiBiLmmLXr6E0o=,L2G+VMh9p+oAP1tVi4CqPDaGaEo=
-34,22,QdDJKK0i+6Yw4aiBiLmmLXr6E0o=,L2G+VMh9p+oAP1tVi4CqPDaGaEo=
-48,23,QdDJKK0i+6Yw4aiBiLmmLXr6E0o=,L2G+VMh9p+oAP1tVi4CqPDaGaEo=
-35,22,QdDJKK0i+6Yw4aiBiLmmLXr6E0o=,L2G+VMh9p+oAP1tVi4CqPDaGaEo=
-33,22,QdDJKK0i+6Yw4aiBiLmmLXr6E0o=,L2G+VMh9p+oAP1tVi4CqPDaGaEo=
-44,24,QdDJKK0i+6Yw4aiBiLmmLXr6E0o=,L2G+VMh9p+oAP1tVi4CqPDaGaEo=
-36,22,QdDJKK0i+6Yw4aiBiLmmLXr6E0o=,L2G+VMh9p+oAP1tVi4CqPDaGaEo=
-37,22,QdDJKK0i+6Yw4aiBiLmmLXr6E0o=,L2G+VMh9p+oAP1tVi4CqPDaGaEo=
-47,23,QdDJKK0i+6Yw4aiBiLmmLXr6E0o=,L2G+VMh9p+oAP1tVi4CqPDaGaEo=
-38,22,QdDJKK0i+6Yw4aiBiLmmLXr6E0o=,L2G+VMh9p+oAP1tVi4CqPDaGaEo=
-44,23,QdDJKK0i+6Yw4aiBiLmmLXr6E0o=,L2G+VMh9p+oAP1tVi4CqPDaGaEo=
-39,22,QdDJKK0i+6Yw4aiBiLmmLXr6E0o=,L2G+VMh9p+oAP1tVi4CqPDaGaEo=
-41,22,QdDJKK0i+6Yw4aiBiLmmLXr6E0o=,L2G+VMh9p+oAP1tVi4CqPDaGaEo=
-34,21,QdDJKK0i+6Yw4aiBiLmmLXr6E0o=,L2G+VMh9p+oAP1tVi4CqPDaGaEo=
-43,22,QdDJKK0i+6Yw4aiBiLmmLXr6E0o=,L2G+VMh9p+oAP1tVi4CqPDaGaEo=
-42,22,QdDJKK0i+6Yw4aiBiLmmLXr6E0o=,L2G+VMh9p+oAP1tVi4CqPDaGaEo=
-46,22,QdDJKK0i+6Yw4aiBiLmmLXr6E0o=,L2G+VMh9p+oAP1tVi4CqPDaGaEo=
-47,22,QdDJKK0i+6Yw4aiBiLmmLXr6E0o=,L2G+VMh9p+oAP1tVi4CqPDaGaEo=
-36,21,QdDJKK0i+6Yw4aiBiLmmLXr6E0o=,L2G+VMh9p+oAP1tVi4CqPDaGaEo=
-39,21,QdDJKK0i+6Yw4aiBiLmmLXr6E0o=,L2G+VMh9p+oAP1tVi4CqPDaGaEo=
-48,22,QdDJKK0i+6Yw4aiBiLmmLXr6E0o=,L2G+VMh9p+oAP1tVi4CqPDaGaEo=
-35,21,QdDJKK0i+6Yw4aiBiLmmLXr6E0o=,L2G+VMh9p+oAP1tVi4CqPDaGaEo=
-37,21,QdDJKK0i+6Yw4aiBiLmmLXr6E0o=,L2G+VMh9p+oAP1tVi4CqPDaGaEo=
-33,21,QdDJKK0i+6Yw4aiBiLmmLXr6E0o=,L2G+VMh9p+oAP1tVi4CqPDaGaEo=
-40,21,QdDJKK0i+6Yw4aiBiLmmLXr6E0o=,L2G+VMh9p+oAP1tVi4CqPDaGaEo=
-41,21,QdDJKK0i+6Yw4aiBiLmmLXr6E0o=,L2G+VMh9p+oAP1tVi4CqPDaGaEo=
-42,21,QdDJKK0i+6Yw4aiBiLmmLXr6E0o=,L2G+VMh9p+oAP1tVi4CqPDaGaEo=
-43,21,QdDJKK0i+6Yw4aiBiLmmLXr6E0o=,L2G+VMh9p+oAP1tVi4CqPDaGaEo=
-38,21,QdDJKK0i+6Yw4aiBiLmmLXr6E0o=,L2G+VMh9p+oAP1tVi4CqPDaGaEo=
-48,21,QdDJKK0i+6Yw4aiBiLmmLXr6E0o=,L2G+VMh9p+oAP1tVi4CqPDaGaEo=
-44,22,QdDJKK0i+6Yw4aiBiLmmLXr6E0o=,L2G+VMh9p+oAP1tVi4CqPDaGaEo=
-33,20,QdDJKK0i+6Yw4aiBiLmmLXr6E0o=,L2G+VMh9p+oAP1tVi4CqPDaGaEo=
-46,21,QdDJKK0i+6Yw4aiBiLmmLXr6E0o=,L2G+VMh9p+oAP1tVi4CqPDaGaEo=
-34,20,QdDJKK0i+6Yw4aiBiLmmLXr6E0o=,L2G+VMh9p+oAP1tVi4CqPDaGaEo=
-37,20,QdDJKK0i+6Yw4aiBiLmmLXr6E0o=,L2G+VMh9p+oAP1tVi4CqPDaGaEo=
-47,21,QdDJKK0i+6Yw4aiBiLmmLXr6E0o=,L2G+VMh9p+oAP1tVi4CqPDaGaEo=
-35,20,QdDJKK0i+6Yw4aiBiLmmLXr6E0o=,L2G+VMh9p+oAP1tVi4CqPDaGaEo=
-39,20,QdDJKK0i+6Yw4aiBiLmmLXr6E0o=,L2G+VMh9p+oAP1tVi4CqPDaGaEo=
-36,20,QdDJKK0i+6Yw4aiBiLmmLXr6E0o=,L2G+VMh9p+oAP1tVi4CqPDaGaEo=
-38,20,QdDJKK0i+6Yw4aiBiLmmLXr6E0o=,L2G+VMh9p+oAP1tVi4CqPDaGaEo=
-43,20,QdDJKK0i+6Yw4aiBiLmmLXr6E0o=,L2G+VMh9p+oAP1tVi4CqPDaGaEo=
-41,20,QdDJKK0i+6Yw4aiBiLmmLXr6E0o=,L2G+VMh9p+oAP1tVi4CqPDaGaEo=
-40,20,QdDJKK0i+6Yw4aiBiLmmLXr6E0o=,L2G+VMh9p+oAP1tVi4CqPDaGaEo=
-42,20,QdDJKK0i+6Yw4aiBiLmmLXr6E0o=,L2G+VMh9p+oAP1tVi4CqPDaGaEo=
-44,21,QdDJKK0i+6Yw4aiBiLmmLXr6E0o=,L2G+VMh9p+oAP1tVi4CqPDaGaEo=
-33,19,QdDJKK0i+6Yw4aiBiLmmLXr6E0o=,L2G+VMh9p+oAP1tVi4CqPDaGaEo=
-34,19,QdDJKK0i+6Yw4aiBiLmmLXr6E0o=,L2G+VMh9p+oAP1tVi4CqPDaGaEo=
-47,20,QdDJKK0i+6Yw4aiBiLmmLXr6E0o=,L2G+VMh9p+oAP1tVi4CqPDaGaEo=
-46,20,QdDJKK0i+6Yw4aiBiLmmLXr6E0o=,L2G+VMh9p+oAP1tVi4CqPDaGaEo=
-35,19,QdDJKK0i+6Yw4aiBiLmmLXr6E0o=,L2G+VMh9p+oAP1tVi4CqPDaGaEo=
-48,20,QdDJKK0i+6Yw4aiBiLmmLXr6E0o=,L2G+VMh9p+oAP1tVi4CqPDaGaEo=
-36,19,QdDJKK0i+6Yw4aiBiLmmLXr6E0o=,L2G+VMh9p+oAP1tVi4CqPDaGaEo=
-44,20,QdDJKK0i+6Yw4aiBiLmmLXr6E0o=,L2G+VMh9p+oAP1tVi4CqPDaGaEo=
-37,19,QdDJKK0i+6Yw4aiBiLmmLXr6E0o=,L2G+VMh9p+oAP1tVi4CqPDaGaEo=
-38,19,QdDJKK0i+6Yw4aiBiLmmLXr6E0o=,L2G+VMh9p+oAP1tVi4CqPDaGaEo=
-39,19,QdDJKK0i+6Yw4aiBiLmmLXr6E0o=,L2G+VMh9p+oAP1tVi4CqPDaGaEo=
-40,19,QdDJKK0i+6Yw4aiBiLmmLXr6E0o=,L2G+VMh9p+oAP1tVi4CqPDaGaEo=
-41,19,QdDJKK0i+6Yw4aiBiLmmLXr6E0o=,L2G+VMh9p+oAP1tVi4CqPDaGaEo=
-42,19,QdDJKK0i+6Yw4aiBiLmmLXr6E0o=,L2G+VMh9p+oAP1tVi4CqPDaGaEo=
-43,19,QdDJKK0i+6Yw4aiBiLmmLXr6E0o=,L2G+VMh9p+oAP1tVi4CqPDaGaEo=
-47,19,QdDJKK0i+6Yw4aiBiLmmLXr6E0o=,L2G+VMh9p+oAP1tVi4CqPDaGaEo=
-48,19,QdDJKK0i+6Yw4aiBiLmmLXr6E0o=,L2G+VMh9p+oAP1tVi4CqPDaGaEo=
-46,19,QdDJKK0i+6Yw4aiBiLmmLXr6E0o=,L2G+VMh9p+oAP1tVi4CqPDaGaEo=
-45,16,QdDJKK0i+6Yw4aiBiLmmLXr6E0o=,L2G+VMh9p+oAP1tVi4CqPDaGaEo=
-33,18,QdDJKK0i+6Yw4aiBiLmmLXr6E0o=,L2G+VMh9p+oAP1tVi4CqPDaGaEo=
-34,18,QdDJKK0i+6Yw4aiBiLmmLXr6E0o=,L2G+VMh9p+oAP1tVi4CqPDaGaEo=
-35,18,QdDJKK0i+6Yw4aiBiLmmLXr6E0o=,L2G+VMh9p+oAP1tVi4CqPDaGaEo=
-37,18,QdDJKK0i+6Yw4aiBiLmmLXr6E0o=,L2G+VMh9p+oAP1tVi4CqPDaGaEo=
-36,18,QdDJKK0i+6Yw4aiBiLmmLXr6E0o=,L2G+VMh9p+oAP1tVi4CqPDaGaEo=
-40,18,QdDJKK0i+6Yw4aiBiLmmLXr6E0o=,L2G+VMh9p+oAP1tVi4CqPDaGaEo=
-38,18,QdDJKK0i+6Yw4aiBiLmmLXr6E0o=,L2G+VMh9p+oAP1tVi4CqPDaGaEo=
-44,19,QdDJKK0i+6Yw4aiBiLmmLXr6E0o=,L2G+VMh9p+oAP1tVi4CqPDaGaEo=
-46,18,QdDJKK0i+6Yw4aiBiLmmLXr6E0o=,L2G+VMh9p+oAP1tVi4CqPDaGaEo=
-39,18,QdDJKK0i+6Yw4aiBiLmmLXr6E0o=,L2G+VMh9p+oAP1tVi4CqPDaGaEo=
-41,18,QdDJKK0i+6Yw4aiBiLmmLXr6E0o=,L2G+VMh9p+oAP1tVi4CqPDaGaEo=
-42,18,QdDJKK0i+6Yw4aiBiLmmLXr6E0o=,L2G+VMh9p+oAP1tVi4CqPDaGaEo=
-43,18,QdDJKK0i+6Yw4aiBiLmmLXr6E0o=,L2G+VMh9p+oAP1tVi4CqPDaGaEo=
-34,17,QdDJKK0i+6Yw4aiBiLmmLXr6E0o=,L2G+VMh9p+oAP1tVi4CqPDaGaEo=
-47,18,QdDJKK0i+6Yw4aiBiLmmLXr6E0o=,L2G+VMh9p+oAP1tVi4CqPDaGaEo=
-48,18,QdDJKK0i+6Yw4aiBiLmmLXr6E0o=,L2G+VMh9p+oAP1tVi4CqPDaGaEo=
-33,17,QdDJKK0i+6Yw4aiBiLmmLXr6E0o=,L2G+VMh9p+oAP1tVi4CqPDaGaEo=
-44,18,QdDJKK0i+6Yw4aiBiLmmLXr6E0o=,L2G+VMh9p+oAP1tVi4CqPDaGaEo=
-38,17,QdDJKK0i+6Yw4aiBiLmmLXr6E0o=,L2G+VMh9p+oAP1tVi4CqPDaGaEo=
-35,17,QdDJKK0i+6Yw4aiBiLmmLXr6E0o=,L2G+VMh9p+oAP1tVi4CqPDaGaEo=
-37,17,QdDJKK0i+6Yw4aiBiLmmLXr6E0o=,L2G+VMh9p+oAP1tVi4CqPDaGaEo=
-43,17,QdDJKK0i+6Yw4aiBiLmmLXr6E0o=,L2G+VMh9p+oAP1tVi4CqPDaGaEo=
-39,17,QdDJKK0i+6Yw4aiBiLmmLXr6E0o=,L2G+VMh9p+oAP1tVi4CqPDaGaEo=
-36,17,QdDJKK0i+6Yw4aiBiLmmLXr6E0o=,L2G+VMh9p+oAP1tVi4CqPDaGaEo=
-40,17,QdDJKK0i+6Yw4aiBiLmmLXr6E0o=,L2G+VMh9p+oAP1tVi4CqPDaGaEo=
-42,17,QdDJKK0i+6Yw4aiBiLmmLXr6E0o=,L2G+VMh9p+oAP1tVi4CqPDaGaEo=
-41,17,QdDJKK0i+6Yw4aiBiLmmLXr6E0o=,L2G+VMh9p+oAP1tVi4CqPDaGaEo=
-35,24,QdDJKK0i+6Yw4aiBiLmmLXr6E0o=,L2G+VMh9p+oAP1tVi4CqPDaGaEo=
-44,17,QdDJKK0i+6Yw4aiBiLmmLXr6E0o=,L2G+VMh9p+oAP1tVi4CqPDaGaEo=
-45,30,QdDJKK0i+6Yw4aiBiLmmLXr6E0o=,L2G+VMh9p+oAP1tVi4CqPDaGaEo=
-45,29,QdDJKK0i+6Yw4aiBiLmmLXr6E0o=,L2G+VMh9p+oAP1tVi4CqPDaGaEo=
-45,24,QdDJKK0i+6Yw4aiBiLmmLXr6E0o=,L2G+VMh9p+oAP1tVi4CqPDaGaEo=
-45,23,QdDJKK0i+6Yw4aiBiLmmLXr6E0o=,L2G+VMh9p+oAP1tVi4CqPDaGaEo=
-45,21,QdDJKK0i+6Yw4aiBiLmmLXr6E0o=,L2G+VMh9p+oAP1tVi4CqPDaGaEo=
-45,31,QdDJKK0i+6Yw4aiBiLmmLXr6E0o=,L2G+VMh9p+oAP1tVi4CqPDaGaEo=
-45,26,QdDJKK0i+6Yw4aiBiLmmLXr6E0o=,L2G+VMh9p+oAP1tVi4CqPDaGaEo=
-45,27,QdDJKK0i+6Yw4aiBiLmmLXr6E0o=,L2G+VMh9p+oAP1tVi4CqPDaGaEo=
-45,19,QdDJKK0i+6Yw4aiBiLmmLXr6E0o=,L2G+VMh9p+oAP1tVi4CqPDaGaEo=
-45,18,QdDJKK0i+6Yw4aiBiLmmLXr6E0o=,L2G+VMh9p+oAP1tVi4CqPDaGaEo=
-45,17,QdDJKK0i+6Yw4aiBiLmmLXr6E0o=,L2G+VMh9p+oAP1tVi4CqPDaGaEo=
-45,20,QdDJKK0i+6Yw4aiBiLmmLXr6E0o=,L2G+VMh9p+oAP1tVi4CqPDaGaEo=
-45,28,QdDJKK0i+6Yw4aiBiLmmLXr6E0o=,L2G+VMh9p+oAP1tVi4CqPDaGaEo=
-45,25,QdDJKK0i+6Yw4aiBiLmmLXr6E0o=,L2G+VMh9p+oAP1tVi4CqPDaGaEo=
-45,22,QdDJKK0i+6Yw4aiBiLmmLXr6E0o=,L2G+VMh9p+oAP1tVi4CqPDaGaEo=
